n;7;;;;;;;;;
L;3;;;;;;;;;
C;2;;;;;;;;;
m;7;;;;;;;;;
op8;25;;;;;;;;;
N_Cmax;115;;;;;;;;;
N_TT;202;;;;;;;;;
I_Cmax;37;;;;;;;;;
I_TT;0;;;;;;;;;
MaxFES;6000;;;;;;;;;
;;;;;;;;;;
;;;1;1;1;1;2;2;2;Cell
;;;1;1;2;2;3;4;4;Machine
Part Family;Job;Operation no;1;2;1;2;1;1;2;Alternative(for machine)
1;1;1;4;4;;;;;;
1;1;2;;;5;5;;;;
1;1;3;;;;;6;;;
1;1;4;;;5;5;;;;
1;2;1;;;4;4;;;;
1;2;2;3;3;;;;;;
1;2;3;;;4;4;;;;
1;5;1;;;;;;3;3;
1;5;2;;;2;2;;;;
1;5;3;6;6;;;;;;
1;5;4;;;;;;3;3;
2;3;1;;;;;;4;4;
2;3;2;;;7;7;;;;
2;3;3;;;;;2;;;
2;4;1;;;;;6;;;
2;4;2;;;;;;2;2;
2;4;3;;;;;6;;;
3;13;1;;;3;3;;;;
3;13;2;;;;;2;;;
3;13;3;;;;;;3;3;
3;13;4;4;4;;;;;;
3;14;1;;;;;;1;1;
3;14;2;;;;;4;;;
3;14;3;5;5;;;;;;
3;14;4;;;1;1;;;;
;;;;;;;;;;
Part Family;Part Family;Setup Time;;;;;;;;
1;1;0;;;;;;;;
1;2;3;;;;;;;;
1;3;5;;;;;;;;
2;1;4;;;;;;;;
2;2;0;;;;;;;;
2;3;8;;;;;;;;
3;1;6;;;;;;;;
3;2;5;;;;;;;;
3;3;0;;;;;;;;
;;;;;;;;;;
Cell;Cell;Transportation Time;;;;;;;;
1;1;0;;;;;;;;
1;2;3;;;;;;;;
2;1;4;;;;;;;;
2;2;0;;;;;;;;
;;;;;;;;;;
Job;Due Date;;;;;;;;;
1;98;;;;;;;;;
2;77;;;;;;;;;
5;48;;;;;;;;;
3;75;;;;;;;;;
4;3;;;;;;;;;
13;82;;;;;;;;;
14;23;;;;;;;;;
;;;;;;;;;;
No;Reference_point1;Reference_point2;;;;;;;;
1;48;24;;;;;;;;
2;58;48;;;;;;;;
3;66;36;;;;;;;;
4;52;54;;;;;;;;
5;41;43;;;;;;;;
6;38;29;;;;;;;;
7;51;55;;;;;;;;
8;67;43;;;;;;;;
9;49;42;;;;;;;;
10;68;45;;;;;;;;
11;79;24;;;;;;;;
12;44;34;;;;;;;;
13;72;26;;;;;;;;
14;72;31;;;;;;;;
15;74;52;;;;;;;;
16;62;46;;;;;;;;
17;68;21;;;;;;;;
18;81;49;;;;;;;;
19;75;23;;;;;;;;
20;60;39;;;;;;;;
21;49;55;;;;;;;;
22;68;34;;;;;;;;
23;56;44;;;;;;;;
24;67;37;;;;;;;;
25;48;33;;;;;;;;
26;60;26;;;;;;;;
27;52;45;;;;;;;;
28;54;26;;;;;;;;
29;79;23;;;;;;;;
30;80;38;;;;;;;;
31;65;22;;;;;;;;
32;42;28;;;;;;;;
33;40;31;;;;;;;;
34;61;31;;;;;;;;
35;81;51;;;;;;;;
36;72;28;;;;;;;;
37;41;27;;;;;;;;
38;56;54;;;;;;;;
39;55;48;;;;;;;;
40;79;25;;;;;;;;
41;59;32;;;;;;;;
42;39;37;;;;;;;;
43;53;34;;;;;;;;
44;53;21;;;;;;;;
45;64;50;;;;;;;;
46;75;48;;;;;;;;
47;40;21;;;;;;;;
48;76;28;;;;;;;;
49;76;37;;;;;;;;
50;50;25;;;;;;;;
51;42;33;;;;;;;;
52;58;33;;;;;;;;
53;62;31;;;;;;;;
54;40;26;;;;;;;;
55;48;36;;;;;;;;
56;70;27;;;;;;;;
57;43;50;;;;;;;;
58;81;32;;;;;;;;
59;81;43;;;;;;;;
60;75;45;;;;;;;;
61;79;39;;;;;;;;
62;67;26;;;;;;;;
63;37;21;;;;;;;;
64;42;23;;;;;;;;
65;50;28;;;;;;;;
66;40;53;;;;;;;;
67;58;49;;;;;;;;
68;81;25;;;;;;;;
69;75;45;;;;;;;;
70;78;22;;;;;;;;
71;51;28;;;;;;;;
72;70;27;;;;;;;;
73;40;44;;;;;;;;
74;65;29;;;;;;;;
75;38;40;;;;;;;;
76;47;28;;;;;;;;
77;64;42;;;;;;;;
78;45;41;;;;;;;;
79;67;31;;;;;;;;
80;52;39;;;;;;;;
81;44;55;;;;;;;;
82;76;23;;;;;;;;
83;53;49;;;;;;;;
84;68;31;;;;;;;;
85;75;51;;;;;;;;
86;58;31;;;;;;;;
87;70;49;;;;;;;;
88;54;46;;;;;;;;
89;72;38;;;;;;;;
90;40;32;;;;;;;;
91;54;52;;;;;;;;
92;38;46;;;;;;;;
93;80;51;;;;;;;;
94;50;51;;;;;;;;
95;66;35;;;;;;;;
96;56;39;;;;;;;;
97;52;34;;;;;;;;
98;76;32;;;;;;;;
99;51;44;;;;;;;;
100;74;29;;;;;;;;
101;81;32;;;;;;;;
102;54;26;;;;;;;;
103;41;54;;;;;;;;
104;58;49;;;;;;;;
105;46;36;;;;;;;;
106;72;27;;;;;;;;
107;47;21;;;;;;;;
108;43;30;;;;;;;;
109;79;26;;;;;;;;
110;41;38;;;;;;;;
111;60;50;;;;;;;;
112;67;36;;;;;;;;
113;56;53;;;;;;;;
114;79;33;;;;;;;;
115;78;22;;;;;;;;
116;55;24;;;;;;;;
117;67;49;;;;;;;;
118;53;23;;;;;;;;
119;60;52;;;;;;;;
120;65;21;;;;;;;;
121;54;37;;;;;;;;
122;66;28;;;;;;;;
123;64;30;;;;;;;;
124;50;32;;;;;;;;
125;47;41;;;;;;;;
126;53;27;;;;;;;;
127;63;32;;;;;;;;
128;70;26;;;;;;;;
129;66;53;;;;;;;;
130;69;26;;;;;;;;
131;37;25;;;;;;;;
132;77;26;;;;;;;;
133;38;44;;;;;;;;
134;58;35;;;;;;;;
135;66;24;;;;;;;;
136;71;23;;;;;;;;
137;60;24;;;;;;;;
138;42;22;;;;;;;;
139;44;37;;;;;;;;
140;74;27;;;;;;;;
141;65;42;;;;;;;;
142;42;32;;;;;;;;
143;67;29;;;;;;;;
144;60;33;;;;;;;;
145;40;28;;;;;;;;
146;55;41;;;;;;;;
147;44;37;;;;;;;;
148;37;30;;;;;;;;
149;63;38;;;;;;;;
150;44;54;;;;;;;;
151;71;51;;;;;;;;
152;67;25;;;;;;;;
153;74;31;;;;;;;;
154;66;38;;;;;;;;
155;46;45;;;;;;;;
156;80;27;;;;;;;;
157;42;40;;;;;;;;
158;60;34;;;;;;;;
159;81;41;;;;;;;;
160;58;48;;;;;;;;
161;43;25;;;;;;;;
162;51;36;;;;;;;;
163;67;27;;;;;;;;
164;77;22;;;;;;;;
165;40;51;;;;;;;;
166;57;45;;;;;;;;
167;50;51;;;;;;;;
168;54;47;;;;;;;;
169;78;55;;;;;;;;
170;59;33;;;;;;;;
171;63;21;;;;;;;;
172;43;34;;;;;;;;
173;47;28;;;;;;;;
174;57;42;;;;;;;;
175;80;42;;;;;;;;
176;49;21;;;;;;;;
177;37;34;;;;;;;;
178;72;43;;;;;;;;
179;61;29;;;;;;;;
180;57;43;;;;;;;;
181;56;42;;;;;;;;
182;55;33;;;;;;;;
183;47;30;;;;;;;;
184;77;29;;;;;;;;
185;43;47;;;;;;;;
186;57;55;;;;;;;;
187;40;25;;;;;;;;
188;46;25;;;;;;;;
189;81;53;;;;;;;;
190;46;37;;;;;;;;
191;70;30;;;;;;;;
192;41;37;;;;;;;;
193;63;36;;;;;;;;
194;67;52;;;;;;;;
195;41;47;;;;;;;;
196;46;45;;;;;;;;
197;60;51;;;;;;;;
198;79;55;;;;;;;;
199;64;48;;;;;;;;
200;44;54;;;;;;;;
201;51;28;;;;;;;;
202;58;28;;;;;;;;
203;43;30;;;;;;;;
204;78;52;;;;;;;;
205;44;44;;;;;;;;
206;66;42;;;;;;;;
207;38;55;;;;;;;;
208;77;26;;;;;;;;
209;60;53;;;;;;;;
210;71;48;;;;;;;;
211;64;55;;;;;;;;
212;43;34;;;;;;;;
213;61;48;;;;;;;;
214;57;28;;;;;;;;
215;44;29;;;;;;;;
216;60;27;;;;;;;;
217;71;29;;;;;;;;
218;43;38;;;;;;;;
219;72;51;;;;;;;;
220;51;31;;;;;;;;
221;61;48;;;;;;;;
222;70;36;;;;;;;;
223;41;41;;;;;;;;
224;66;39;;;;;;;;
225;80;48;;;;;;;;
226;57;44;;;;;;;;
227;38;34;;;;;;;;
228;52;32;;;;;;;;
229;40;23;;;;;;;;
230;67;33;;;;;;;;
231;73;45;;;;;;;;
232;69;53;;;;;;;;
233;43;37;;;;;;;;
234;74;48;;;;;;;;
235;74;34;;;;;;;;
236;53;43;;;;;;;;
237;64;36;;;;;;;;
238;48;49;;;;;;;;
239;47;45;;;;;;;;
240;50;54;;;;;;;;
241;42;53;;;;;;;;
242;48;34;;;;;;;;
243;72;50;;;;;;;;
244;44;35;;;;;;;;
245;77;49;;;;;;;;
246;56;46;;;;;;;;
247;46;54;;;;;;;;
248;59;50;;;;;;;;
249;40;50;;;;;;;;
250;49;43;;;;;;;;
251;70;51;;;;;;;;
252;68;41;;;;;;;;
253;56;49;;;;;;;;
254;40;40;;;;;;;;
255;42;39;;;;;;;;
256;41;34;;;;;;;;
257;71;46;;;;;;;;
258;48;51;;;;;;;;
259;56;33;;;;;;;;
260;42;32;;;;;;;;
261;50;36;;;;;;;;
262;76;21;;;;;;;;
263;80;43;;;;;;;;
264;56;43;;;;;;;;
265;79;35;;;;;;;;
266;70;34;;;;;;;;
267;56;44;;;;;;;;
268;46;29;;;;;;;;
269;47;44;;;;;;;;
270;79;55;;;;;;;;
271;70;42;;;;;;;;
272;49;33;;;;;;;;
273;69;22;;;;;;;;
274;79;38;;;;;;;;
275;69;42;;;;;;;;
276;54;46;;;;;;;;
277;69;54;;;;;;;;
278;52;31;;;;;;;;
279;37;44;;;;;;;;
280;64;49;;;;;;;;
281;54;36;;;;;;;;
282;65;45;;;;;;;;
283;72;45;;;;;;;;
284;79;24;;;;;;;;
285;59;21;;;;;;;;
286;66;47;;;;;;;;
287;55;26;;;;;;;;
288;62;45;;;;;;;;
289;44;38;;;;;;;;
290;49;53;;;;;;;;
291;67;53;;;;;;;;
292;78;32;;;;;;;;
293;37;21;;;;;;;;
294;67;37;;;;;;;;
295;51;52;;;;;;;;
296;47;40;;;;;;;;
297;39;25;;;;;;;;
298;63;31;;;;;;;;
299;81;40;;;;;;;;
300;62;21;;;;;;;;
301;41;50;;;;;;;;
302;81;45;;;;;;;;
303;80;43;;;;;;;;
304;51;40;;;;;;;;
305;54;43;;;;;;;;
306;43;39;;;;;;;;
307;55;45;;;;;;;;
308;42;36;;;;;;;;
309;60;31;;;;;;;;
310;68;48;;;;;;;;
311;38;37;;;;;;;;
312;71;42;;;;;;;;
313;72;24;;;;;;;;
314;68;30;;;;;;;;
315;62;30;;;;;;;;
316;68;41;;;;;;;;
317;78;29;;;;;;;;
318;73;50;;;;;;;;
319;79;28;;;;;;;;
320;52;34;;;;;;;;
321;67;24;;;;;;;;
322;40;44;;;;;;;;
323;70;45;;;;;;;;
324;43;33;;;;;;;;
325;38;25;;;;;;;;
326;72;44;;;;;;;;
327;76;48;;;;;;;;
328;37;43;;;;;;;;
329;40;34;;;;;;;;
330;77;51;;;;;;;;
331;79;23;;;;;;;;
332;81;25;;;;;;;;
333;79;40;;;;;;;;
334;63;26;;;;;;;;
335;76;30;;;;;;;;
336;59;31;;;;;;;;
337;79;32;;;;;;;;
338;41;53;;;;;;;;
339;54;24;;;;;;;;
340;75;23;;;;;;;;
341;80;32;;;;;;;;
342;47;36;;;;;;;;
343;57;22;;;;;;;;
344;69;25;;;;;;;;
345;48;27;;;;;;;;
346;71;41;;;;;;;;
347;51;37;;;;;;;;
348;56;42;;;;;;;;
349;41;54;;;;;;;;
350;69;27;;;;;;;;
351;42;55;;;;;;;;
352;58;46;;;;;;;;
353;64;38;;;;;;;;
354;70;40;;;;;;;;
355;68;23;;;;;;;;
356;48;54;;;;;;;;
357;59;49;;;;;;;;
358;77;42;;;;;;;;
359;74;40;;;;;;;;
360;67;53;;;;;;;;
361;74;37;;;;;;;;
362;77;46;;;;;;;;
363;60;53;;;;;;;;
364;80;37;;;;;;;;
365;77;37;;;;;;;;
366;73;36;;;;;;;;
367;54;44;;;;;;;;
368;80;55;;;;;;;;
369;75;38;;;;;;;;
370;73;54;;;;;;;;
371;50;27;;;;;;;;
372;56;26;;;;;;;;
373;78;48;;;;;;;;
374;40;38;;;;;;;;
375;63;48;;;;;;;;
376;72;40;;;;;;;;
377;49;49;;;;;;;;
378;52;44;;;;;;;;
379;41;47;;;;;;;;
380;46;45;;;;;;;;
381;60;30;;;;;;;;
382;65;28;;;;;;;;
383;49;49;;;;;;;;
384;63;49;;;;;;;;
385;75;53;;;;;;;;
386;72;32;;;;;;;;
387;70;45;;;;;;;;
388;64;44;;;;;;;;
389;37;46;;;;;;;;
390;72;46;;;;;;;;
391;75;37;;;;;;;;
392;76;24;;;;;;;;
393;68;30;;;;;;;;
394;44;40;;;;;;;;
395;52;31;;;;;;;;
396;76;23;;;;;;;;
397;49;25;;;;;;;;
398;56;21;;;;;;;;
399;60;29;;;;;;;;
400;77;24;;;;;;;;
401;46;29;;;;;;;;
402;65;44;;;;;;;;
403;37;36;;;;;;;;
404;73;41;;;;;;;;
405;45;44;;;;;;;;
406;66;33;;;;;;;;
407;80;38;;;;;;;;
408;74;22;;;;;;;;
409;54;39;;;;;;;;
410;60;21;;;;;;;;
411;66;21;;;;;;;;
412;59;40;;;;;;;;
413;39;45;;;;;;;;
414;39;42;;;;;;;;
415;49;41;;;;;;;;
416;43;48;;;;;;;;
417;74;44;;;;;;;;
418;60;42;;;;;;;;
419;74;28;;;;;;;;
420;40;29;;;;;;;;
421;57;41;;;;;;;;
422;54;44;;;;;;;;
423;66;38;;;;;;;;
424;41;48;;;;;;;;
425;50;34;;;;;;;;
426;65;55;;;;;;;;
427;69;51;;;;;;;;
428;57;27;;;;;;;;
429;70;23;;;;;;;;
430;64;32;;;;;;;;
431;55;27;;;;;;;;
432;50;41;;;;;;;;
433;61;51;;;;;;;;
434;61;31;;;;;;;;
435;80;28;;;;;;;;
436;46;27;;;;;;;;
437;57;30;;;;;;;;
438;62;23;;;;;;;;
439;65;50;;;;;;;;
440;77;39;;;;;;;;
441;63;30;;;;;;;;
442;50;52;;;;;;;;
443;80;25;;;;;;;;
444;40;54;;;;;;;;
445;47;32;;;;;;;;
446;76;47;;;;;;;;
447;64;47;;;;;;;;
448;74;30;;;;;;;;
449;49;48;;;;;;;;
450;42;48;;;;;;;;
451;80;49;;;;;;;;
452;73;24;;;;;;;;
453;44;36;;;;;;;;
454;61;36;;;;;;;;
455;50;34;;;;;;;;
456;62;53;;;;;;;;
457;45;23;;;;;;;;
458;69;26;;;;;;;;
459;76;35;;;;;;;;
460;65;35;;;;;;;;
461;72;41;;;;;;;;
462;39;43;;;;;;;;
463;51;37;;;;;;;;
464;62;44;;;;;;;;
465;57;31;;;;;;;;
466;72;50;;;;;;;;
467;69;24;;;;;;;;
468;62;48;;;;;;;;
469;56;28;;;;;;;;
470;69;39;;;;;;;;
471;63;43;;;;;;;;
472;66;50;;;;;;;;
473;71;54;;;;;;;;
474;62;39;;;;;;;;
475;38;45;;;;;;;;
476;54;51;;;;;;;;
477;44;45;;;;;;;;
478;81;35;;;;;;;;
479;71;26;;;;;;;;
480;71;45;;;;;;;;
481;76;51;;;;;;;;
482;81;21;;;;;;;;
483;63;46;;;;;;;;
484;45;24;;;;;;;;
485;60;54;;;;;;;;
486;68;44;;;;;;;;
487;68;24;;;;;;;;
488;73;26;;;;;;;;
489;78;28;;;;;;;;
490;77;34;;;;;;;;
491;77;22;;;;;;;;
492;65;47;;;;;;;;
493;78;53;;;;;;;;
494;67;21;;;;;;;;
495;41;26;;;;;;;;
496;37;30;;;;;;;;
497;56;21;;;;;;;;
498;65;46;;;;;;;;
499;66;43;;;;;;;;
500;48;22;;;;;;;;
501;71;37;;;;;;;;
502;37;24;;;;;;;;
503;81;45;;;;;;;;
504;44;23;;;;;;;;
505;77;50;;;;;;;;
506;59;39;;;;;;;;
507;49;34;;;;;;;;
508;73;50;;;;;;;;
509;47;28;;;;;;;;
510;40;43;;;;;;;;
511;38;27;;;;;;;;
512;37;34;;;;;;;;
513;78;35;;;;;;;;
514;48;44;;;;;;;;
515;57;24;;;;;;;;
516;60;30;;;;;;;;
517;80;50;;;;;;;;
518;64;36;;;;;;;;
519;39;39;;;;;;;;
520;71;29;;;;;;;;
521;71;42;;;;;;;;
522;41;30;;;;;;;;
523;66;37;;;;;;;;
524;37;22;;;;;;;;
525;46;49;;;;;;;;
526;58;35;;;;;;;;
527;63;41;;;;;;;;
528;37;40;;;;;;;;
529;57;42;;;;;;;;
530;44;40;;;;;;;;
531;56;37;;;;;;;;
532;63;48;;;;;;;;
533;51;29;;;;;;;;
534;62;35;;;;;;;;
535;71;33;;;;;;;;
536;72;45;;;;;;;;
537;57;50;;;;;;;;
538;76;35;;;;;;;;
539;40;47;;;;;;;;
540;69;36;;;;;;;;
541;55;28;;;;;;;;
542;58;43;;;;;;;;
543;65;24;;;;;;;;
544;67;33;;;;;;;;
545;75;23;;;;;;;;
546;81;35;;;;;;;;
547;54;28;;;;;;;;
548;72;31;;;;;;;;
549;38;32;;;;;;;;
550;79;35;;;;;;;;
551;77;41;;;;;;;;
552;48;51;;;;;;;;
553;37;48;;;;;;;;
554;80;46;;;;;;;;
555;69;41;;;;;;;;
556;58;45;;;;;;;;
557;78;45;;;;;;;;
558;43;28;;;;;;;;
559;37;53;;;;;;;;
560;44;29;;;;;;;;
561;61;28;;;;;;;;
562;62;45;;;;;;;;
563;53;33;;;;;;;;
564;51;29;;;;;;;;
565;39;41;;;;;;;;
566;54;47;;;;;;;;
567;73;31;;;;;;;;
568;61;50;;;;;;;;
569;80;42;;;;;;;;
570;65;50;;;;;;;;
571;41;53;;;;;;;;
572;66;29;;;;;;;;
573;63;30;;;;;;;;
574;59;44;;;;;;;;
575;40;40;;;;;;;;
576;50;24;;;;;;;;
577;43;45;;;;;;;;
578;76;45;;;;;;;;
579;37;40;;;;;;;;
580;59;43;;;;;;;;
581;58;47;;;;;;;;
582;67;26;;;;;;;;
583;46;45;;;;;;;;
584;77;42;;;;;;;;
585;44;31;;;;;;;;
586;49;34;;;;;;;;
587;50;32;;;;;;;;
588;42;42;;;;;;;;
589;62;32;;;;;;;;
590;42;23;;;;;;;;
591;75;43;;;;;;;;
592;43;38;;;;;;;;
593;49;30;;;;;;;;
594;64;24;;;;;;;;
595;55;50;;;;;;;;
596;73;35;;;;;;;;
597;42;55;;;;;;;;
598;53;33;;;;;;;;
599;48;38;;;;;;;;
600;38;51;;;;;;;;
601;54;51;;;;;;;;
602;59;48;;;;;;;;
603;50;53;;;;;;;;
604;72;49;;;;;;;;
605;62;30;;;;;;;;
606;42;45;;;;;;;;
607;55;35;;;;;;;;
608;72;50;;;;;;;;
609;63;27;;;;;;;;
610;76;53;;;;;;;;
611;40;48;;;;;;;;
612;46;31;;;;;;;;
613;59;50;;;;;;;;
614;48;32;;;;;;;;
615;80;47;;;;;;;;
616;52;23;;;;;;;;
617;49;29;;;;;;;;
618;68;55;;;;;;;;
619;43;34;;;;;;;;
620;45;33;;;;;;;;
621;58;48;;;;;;;;
622;60;26;;;;;;;;
623;69;25;;;;;;;;
624;81;45;;;;;;;;
625;45;39;;;;;;;;
626;71;23;;;;;;;;
627;65;24;;;;;;;;
628;72;42;;;;;;;;
629;67;27;;;;;;;;
630;49;36;;;;;;;;
631;66;37;;;;;;;;
632;75;49;;;;;;;;
633;78;23;;;;;;;;
634;55;27;;;;;;;;
635;69;49;;;;;;;;
636;68;28;;;;;;;;
637;81;39;;;;;;;;
638;56;31;;;;;;;;
639;48;23;;;;;;;;
640;63;33;;;;;;;;
641;76;40;;;;;;;;
642;42;35;;;;;;;;
643;81;30;;;;;;;;
644;56;27;;;;;;;;
645;56;24;;;;;;;;
646;50;53;;;;;;;;
647;41;47;;;;;;;;
648;68;21;;;;;;;;
649;79;46;;;;;;;;
650;47;43;;;;;;;;
651;68;49;;;;;;;;
652;81;34;;;;;;;;
653;74;40;;;;;;;;
654;40;24;;;;;;;;
655;66;38;;;;;;;;
656;52;42;;;;;;;;
657;64;53;;;;;;;;
658;62;24;;;;;;;;
659;53;36;;;;;;;;
660;74;43;;;;;;;;
661;65;29;;;;;;;;
662;70;43;;;;;;;;
663;59;47;;;;;;;;
664;42;29;;;;;;;;
665;73;36;;;;;;;;
666;52;39;;;;;;;;
667;74;53;;;;;;;;
668;67;23;;;;;;;;
669;63;46;;;;;;;;
670;63;36;;;;;;;;
671;45;32;;;;;;;;
672;60;53;;;;;;;;
673;70;45;;;;;;;;
674;52;27;;;;;;;;
675;45;42;;;;;;;;
676;66;38;;;;;;;;
677;77;41;;;;;;;;
678;37;37;;;;;;;;
679;40;32;;;;;;;;
680;76;23;;;;;;;;
681;55;50;;;;;;;;
682;50;28;;;;;;;;
683;44;49;;;;;;;;
684;72;44;;;;;;;;
685;48;38;;;;;;;;
686;60;42;;;;;;;;
687;74;34;;;;;;;;
688;57;31;;;;;;;;
689;69;49;;;;;;;;
690;77;49;;;;;;;;
691;55;54;;;;;;;;
692;39;28;;;;;;;;
693;72;50;;;;;;;;
694;66;29;;;;;;;;
695;78;28;;;;;;;;
696;81;29;;;;;;;;
697;75;38;;;;;;;;
698;38;32;;;;;;;;
699;38;31;;;;;;;;
700;71;53;;;;;;;;
701;77;44;;;;;;;;
702;78;44;;;;;;;;
703;41;21;;;;;;;;
704;67;38;;;;;;;;
705;43;46;;;;;;;;
706;70;30;;;;;;;;
707;57;23;;;;;;;;
708;66;37;;;;;;;;
709;73;24;;;;;;;;
710;56;32;;;;;;;;
711;44;40;;;;;;;;
712;70;22;;;;;;;;
713;60;30;;;;;;;;
714;71;32;;;;;;;;
715;52;25;;;;;;;;
716;48;35;;;;;;;;
717;39;54;;;;;;;;
718;77;46;;;;;;;;
719;38;34;;;;;;;;
720;41;47;;;;;;;;
721;44;25;;;;;;;;
722;41;27;;;;;;;;
723;57;46;;;;;;;;
724;72;48;;;;;;;;
725;74;40;;;;;;;;
726;60;54;;;;;;;;
727;75;35;;;;;;;;
728;71;33;;;;;;;;
729;79;51;;;;;;;;
730;43;49;;;;;;;;
731;48;32;;;;;;;;
732;44;21;;;;;;;;
733;57;32;;;;;;;;
734;46;37;;;;;;;;
735;45;53;;;;;;;;
736;56;36;;;;;;;;
737;81;44;;;;;;;;
738;44;21;;;;;;;;
739;57;39;;;;;;;;
740;63;49;;;;;;;;
741;58;55;;;;;;;;
742;58;48;;;;;;;;
743;63;31;;;;;;;;
744;62;42;;;;;;;;
745;45;39;;;;;;;;
746;72;26;;;;;;;;
747;47;30;;;;;;;;
748;59;49;;;;;;;;
749;80;23;;;;;;;;
750;70;25;;;;;;;;
751;59;31;;;;;;;;
752;63;52;;;;;;;;
753;42;24;;;;;;;;
754;80;27;;;;;;;;
755;48;46;;;;;;;;
756;77;35;;;;;;;;
757;50;32;;;;;;;;
758;52;30;;;;;;;;
759;75;33;;;;;;;;
760;55;25;;;;;;;;
761;71;41;;;;;;;;
762;49;43;;;;;;;;
763;43;31;;;;;;;;
764;46;45;;;;;;;;
765;44;33;;;;;;;;
766;39;34;;;;;;;;
767;72;37;;;;;;;;
768;50;26;;;;;;;;
769;54;41;;;;;;;;
770;66;38;;;;;;;;
771;52;33;;;;;;;;
772;53;37;;;;;;;;
773;66;34;;;;;;;;
774;75;52;;;;;;;;
775;79;29;;;;;;;;
776;80;42;;;;;;;;
777;66;42;;;;;;;;
778;53;53;;;;;;;;
779;38;54;;;;;;;;
780;71;50;;;;;;;;
781;76;30;;;;;;;;
782;38;52;;;;;;;;
783;67;38;;;;;;;;
784;64;49;;;;;;;;
785;39;27;;;;;;;;
786;76;30;;;;;;;;
787;68;53;;;;;;;;
788;73;34;;;;;;;;
789;47;49;;;;;;;;
790;81;47;;;;;;;;
791;56;32;;;;;;;;
792;71;53;;;;;;;;
793;54;36;;;;;;;;
794;70;27;;;;;;;;
795;41;34;;;;;;;;
796;43;36;;;;;;;;
797;73;49;;;;;;;;
798;64;23;;;;;;;;
799;51;37;;;;;;;;
800;71;26;;;;;;;;
801;71;22;;;;;;;;
802;74;47;;;;;;;;
803;53;44;;;;;;;;
804;77;46;;;;;;;;
805;73;54;;;;;;;;
806;68;28;;;;;;;;
807;80;21;;;;;;;;
808;55;40;;;;;;;;
809;60;24;;;;;;;;
810;60;29;;;;;;;;
811;71;35;;;;;;;;
812;69;44;;;;;;;;
813;38;36;;;;;;;;
814;58;51;;;;;;;;
815;50;46;;;;;;;;
816;39;47;;;;;;;;
817;39;50;;;;;;;;
818;81;35;;;;;;;;
819;58;55;;;;;;;;
820;62;45;;;;;;;;
821;61;55;;;;;;;;
822;54;25;;;;;;;;
823;67;53;;;;;;;;
824;57;48;;;;;;;;
825;55;22;;;;;;;;
826;61;28;;;;;;;;
827;79;39;;;;;;;;
828;54;33;;;;;;;;
829;50;27;;;;;;;;
830;70;53;;;;;;;;
831;46;21;;;;;;;;
832;56;23;;;;;;;;
833;77;53;;;;;;;;
834;43;26;;;;;;;;
835;38;55;;;;;;;;
836;41;39;;;;;;;;
837;62;49;;;;;;;;
838;68;47;;;;;;;;
839;38;41;;;;;;;;
840;81;24;;;;;;;;
841;81;44;;;;;;;;
842;57;29;;;;;;;;
843;45;50;;;;;;;;
844;73;39;;;;;;;;
845;56;42;;;;;;;;
846;41;31;;;;;;;;
847;48;43;;;;;;;;
848;59;39;;;;;;;;
849;61;32;;;;;;;;
850;47;47;;;;;;;;
851;72;31;;;;;;;;
852;71;35;;;;;;;;
853;79;21;;;;;;;;
854;66;26;;;;;;;;
855;74;42;;;;;;;;
856;52;45;;;;;;;;
857;45;43;;;;;;;;
858;78;39;;;;;;;;
859;61;27;;;;;;;;
860;76;22;;;;;;;;
861;42;42;;;;;;;;
862;68;35;;;;;;;;
863;77;49;;;;;;;;
864;49;53;;;;;;;;
865;50;26;;;;;;;;
866;46;45;;;;;;;;
867;53;29;;;;;;;;
868;50;44;;;;;;;;
869;78;22;;;;;;;;
870;50;26;;;;;;;;
871;45;43;;;;;;;;
872;68;49;;;;;;;;
873;49;34;;;;;;;;
874;41;42;;;;;;;;
875;68;55;;;;;;;;
876;81;33;;;;;;;;
877;56;27;;;;;;;;
878;64;27;;;;;;;;
879;64;32;;;;;;;;
880;61;26;;;;;;;;
881;70;47;;;;;;;;
882;75;44;;;;;;;;
883;55;43;;;;;;;;
884;53;54;;;;;;;;
885;53;29;;;;;;;;
886;63;39;;;;;;;;
887;77;46;;;;;;;;
888;76;37;;;;;;;;
889;78;52;;;;;;;;
890;43;38;;;;;;;;
891;68;44;;;;;;;;
892;46;31;;;;;;;;
893;44;50;;;;;;;;
894;48;27;;;;;;;;
895;65;24;;;;;;;;
896;40;41;;;;;;;;
897;59;26;;;;;;;;
898;55;36;;;;;;;;
899;73;22;;;;;;;;
900;55;43;;;;;;;;
901;38;26;;;;;;;;
902;48;36;;;;;;;;
903;54;37;;;;;;;;
904;58;45;;;;;;;;
905;50;25;;;;;;;;
906;49;46;;;;;;;;
907;45;22;;;;;;;;
908;57;24;;;;;;;;
909;60;40;;;;;;;;
910;59;40;;;;;;;;
911;53;27;;;;;;;;
912;51;29;;;;;;;;
913;45;21;;;;;;;;
914;37;46;;;;;;;;
915;51;36;;;;;;;;
916;67;51;;;;;;;;
917;58;38;;;;;;;;
918;57;39;;;;;;;;
919;55;47;;;;;;;;
920;77;45;;;;;;;;
921;54;40;;;;;;;;
922;76;38;;;;;;;;
923;74;33;;;;;;;;
924;54;37;;;;;;;;
925;68;31;;;;;;;;
926;77;30;;;;;;;;
927;61;51;;;;;;;;
928;49;51;;;;;;;;
929;74;21;;;;;;;;
930;49;34;;;;;;;;
931;57;46;;;;;;;;
932;54;51;;;;;;;;
933;57;34;;;;;;;;
934;48;45;;;;;;;;
935;62;53;;;;;;;;
936;67;47;;;;;;;;
937;65;48;;;;;;;;
938;44;49;;;;;;;;
939;50;50;;;;;;;;
940;55;50;;;;;;;;
941;64;40;;;;;;;;
942;38;21;;;;;;;;
943;60;35;;;;;;;;
944;52;42;;;;;;;;
945;47;42;;;;;;;;
946;68;35;;;;;;;;
947;59;38;;;;;;;;
948;48;44;;;;;;;;
949;44;21;;;;;;;;
950;38;37;;;;;;;;
951;41;45;;;;;;;;
952;77;48;;;;;;;;
953;65;25;;;;;;;;
954;64;47;;;;;;;;
955;68;36;;;;;;;;
956;62;21;;;;;;;;
957;64;36;;;;;;;;
958;72;52;;;;;;;;
959;67;33;;;;;;;;
960;51;22;;;;;;;;
961;38;43;;;;;;;;
962;58;54;;;;;;;;
963;46;30;;;;;;;;
964;49;25;;;;;;;;
965;61;38;;;;;;;;
966;65;30;;;;;;;;
967;73;53;;;;;;;;
968;69;53;;;;;;;;
969;66;30;;;;;;;;
970;54;34;;;;;;;;
971;72;42;;;;;;;;
972;78;48;;;;;;;;
973;38;45;;;;;;;;
974;73;22;;;;;;;;
975;69;33;;;;;;;;
976;81;49;;;;;;;;
977;67;55;;;;;;;;
978;56;37;;;;;;;;
979;46;53;;;;;;;;
980;62;33;;;;;;;;
981;75;38;;;;;;;;
982;46;27;;;;;;;;
983;73;31;;;;;;;;
984;46;44;;;;;;;;
985;68;50;;;;;;;;
986;47;35;;;;;;;;
987;81;53;;;;;;;;
988;48;36;;;;;;;;
989;69;45;;;;;;;;
990;78;38;;;;;;;;
991;57;28;;;;;;;;
992;54;27;;;;;;;;
993;60;50;;;;;;;;
994;63;50;;;;;;;;
995;59;29;;;;;;;;
996;68;46;;;;;;;;
997;68;21;;;;;;;;
998;61;31;;;;;;;;
999;54;46;;;;;;;;
1000;80;47;;;;;;;;
