,n,35,Unnamed: 2,Unnamed: 3,Unnamed: 4,Unnamed: 5,Unnamed: 6,Unnamed: 7,Unnamed: 8,Unnamed: 9,Unnamed: 10,Unnamed: 11,Unnamed: 12,Unnamed: 13,Unnamed: 14,Unnamed: 15,Unnamed: 16,Unnamed: 17,Unnamed: 18,Unnamed: 19,Unnamed: 20,Unnamed: 21,Unnamed: 22,Unnamed: 23,Unnamed: 24,Unnamed: 25,Unnamed: 26,Unnamed: 27,Unnamed: 28,Unnamed: 29,Unnamed: 30
0,L,5,,,,,,,,,,,,,,,,,,,,,,,,,,,,,
1,C,5,,,,,,,,,,,,,,,,,,,,,,,,,,,,,
2,m,27,,,,,,,,,,,,,,,,,,,,,,,,,,,,,
3,op39,132,,,,,,,,,,,,,,,,,,,,,,,,,,,,,
4,N_Cmax,126,,,,,,,,,,,,,,,,,,,,,,,,,,,,,
5,N_TT,942,,,,,,,,,,,,,,,,,,,,,,,,,,,,,
6,I_Cmax,51,,,,,,,,,,,,,,,,,,,,,,,,,,,,,
7,I_TT,0,,,,,,,,,,,,,,,,,,,,,,,,,,,,,
8,MaxFES,33000,,,,,,,,,,,,,,,,,,,,,,,,,,,,,
9,,,,,,,,,,,,,,,,,,,,,,,,,,,,,,,
10,,,,1.0,1.0,1.0,1.0,2.0,2.0,2.0,2.0,2.0,3.0,3.0,3.0,3.0,3.0,3.0,4.0,4.0,4.0,4.0,4.0,4.0,5.0,5.0,5.0,5.0,5.0,5.0,Cell
11,,,,1.0,2.0,5.0,19.0,3.0,4.0,6.0,6.0,20.0,7.0,8.0,8.0,8.0,13.0,14.0,9.0,10.0,11.0,11.0,12.0,21.0,15.0,16.0,16.0,17.0,18.0,22.0,Machine
12,Part Family,Job,Operation no,1.0,1.0,1.0,1.0,1.0,1.0,1.0,2.0,1.0,1.0,1.0,2.0,3.0,1.0,1.0,1.0,1.0,1.0,2.0,1.0,1.0,1.0,1.0,2.0,1.0,1.0,1.0,Alternative(for machine)
13,1,5,1,,,,,,3.0,,,,,,,,,,,,,,,,,,,,,,
14,1,5,2,,2.0,,,,,,,,,,,,,,,,,,,,,,,,,,
15,1,5,3,6.0,,,,,,,,,,,,,,,,,,,,,,,,,,,
16,1,5,4,,,,,,3.0,,,,,,,,,,,,,,,,,,,,,,
17,1,7,1,,,,,,5.0,,,,,,,,,,,,,,,,,,,,,,
18,1,7,2,6.0,,,,,,,,,,,,,,,,,,,,,,,,,,,
19,1,7,3,,,5.0,,,,,,,,,,,,,,,,,,,,,,,,,
20,1,8,1,3.0,,,,,,,,,,,,,,,,,,,,,,,,,,,
21,1,8,2,,9.0,,,,,,,,,,,,,,,,,,,,,,,,,,
22,1,8,3,,,4.0,,,,,,,,,,,,,,,,,,,,,,,,,
23,1,38,1,,,,3.0,,,,,,,,,,,,,,,,,,,,,,,,
24,1,38,2,,,4.0,,,,,,,,,,,,,,,,,,,,,,,,,
25,1,38,3,,2.0,,,,,,,,,,,,,,,,,,,,,,,,,,
26,1,38,4,,,4.0,,,,,,,,,,,,,,,,,,,,,,,,,
27,1,39,1,,,,,,,,,2.0,,,,,,,,,,,,,,,,,,,
28,1,39,2,,,,5.0,,,,,,,,,,,,,,,,,,,,,,,,
29,1,39,3,4.0,,,,,,,,,,,,,,,,,,,,,,,,,,,
30,1,39,4,,5.0,,,,,,,,,,,,,,,,,,,,,,,,,,
31,1,40,1,,2.0,,,,,,,,,,,,,,,,,,,,,,,,,,
32,1,40,2,,,,7.0,,,,,,,,,,,,,,,,,,,,,,,,
33,1,40,3,5.0,,,,,,,,,,,,,,,,,,,,,,,,,,,
34,1,40,4,,,,7.0,,,,,,,,,,,,,,,,,,,,,,,,
35,1,44,1,,,3.0,,,,,,,,,,,,,,,,,,,,,,,,,
36,1,44,2,,,,,,,,,,,,,,4.0,,,,,,,,,,,,,,
37,1,44,3,,,,1.0,,,,,,,,,,,,,,,,,,,,,,,,
38,1,44,4,5.0,,,,,,,,,,,,,,,,,,,,,,,,,,,
39,2,58,1,,,,,,8.0,,,,,,,,,,,,,,,,,,,,,,
40,2,58,2,,,,,,,3.0,3.0,,,,,,,,,,,,,,,,,,,,
41,2,58,3,,,,,2.0,,,,,,,,,,,,,,,,,,,,,,,
42,2,58,4,,,,,,,3.0,3.0,,,,,,,,,,,,,,,,,,,,
43,2,59,1,,,,,,,9.0,9.0,,,,,,,,,,,,,,,,,,,,
44,2,59,2,,,,,,7.0,,,,,,,,,,,,,,,,,,,,,,
45,2,59,3,,,,,2.0,,,,,,,,,,,,,,,,,,,,,,,
46,2,31,1,,,,,,,,,,,4.0,4.0,4.0,,,,,,,,,,,,,,,
47,2,31,2,,,,,,9.0,,,,,,,,,,,,,,,,,,,,,,
48,2,31,3,,,,,5.0,,,,,,,,,,,,,,,,,,,,,,,
49,2,31,4,,,,,,,6.0,6.0,,,,,,,,,,,,,,,,,,,,
50,2,41,1,,,,,,,8.0,8.0,,,,,,,,,,,,,,,,,,,,
51,2,41,2,,,,,,1.0,,,,,,,,,,,,,,,,,,,,,,
52,2,41,3,,,,,,,8.0,8.0,,,,,,,,,,,,,,,,,,,,
53,2,41,4,,,,,,,,,7.0,,,,,,,,,,,,,,,,,,,
54,2,42,1,,,,,4.0,,,,,,,,,,,,,,,,,,,,,,,
55,2,42,2,,,,,,,,,7.0,,,,,,,,,,,,,,,,,,,
56,2,42,3,,,,,,8.0,,,,,,,,,,,,,,,,,,,,,,
57,2,42,4,,,,,,,3.0,3.0,,,,,,,,,,,,,,,,,,,,
58,2,43,1,,,,,,,,,2.0,,,,,,,,,,,,,,,,,,,
59,2,43,2,,,,,8.0,,,,,,,,,,,,,,,,,,,,,,,
60,2,43,3,,,,,,,4.0,4.0,,,,,,,,,,,,,,,,,,,,
61,2,43,4,,,,,8.0,,,,,,,,,,,,,,,,,,,,,,,
62,3,25,1,,,,,,,,,,,,,,6.0,,,,,,,,,,,,,,
63,3,25,2,,,,,,,,,,,4.0,4.0,4.0,,,,,,,,,,,,,,,
64,3,25,3,,,,,,,,,,,,,,,9.0,,,,,,,,,,,,,
65,3,25,4,,,,,,,,,,,4.0,4.0,4.0,,,,,,,,,,,,,,,
66,3,26,1,,,,,,,,,,,,,,,4.0,,,,,,,,,,,,,
67,3,26,2,,,,,,,,,,,5.0,5.0,5.0,,,,,,,,,,,,,,,
68,3,26,3,,,,,,,,,,,,,,7.0,,,,,,,,,,,,,,
69,3,26,4,,,,,,,,,,2.0,,,,,,,,,,,,,,,,,,
70,3,27,1,,,,,,,,,,8.0,,,,,,,,,,,,,,,,,,
71,3,27,2,,,,,,,,,,,,,,,3.0,,,,,,,,,,,,,
72,3,27,3,,,,,,,,,,,,,,5.0,,,,,,,,,,,,,,
73,3,28,1,,,,,,,,,,,2.0,2.0,2.0,,,,,,,,,,,,,,,
74,3,28,2,,,,,,,,,,,,,,,3.0,,,,,,,,,,,,,
75,3,28,3,,,,,,,,,,,,,,9.0,,,,,,,,,,,,,,
76,3,28,4,,,,,,,,,,,,,,,3.0,,,,,,,,,,,,,
77,3,29,1,,,,,,,,,,,6.0,6.0,6.0,,,,,,,,,,,,,,,
78,3,29,2,,,,,,,,,,,,,,7.0,,,,,,,,,,,,,,
79,3,29,3,,,,,,,,,,,,,,,4.0,,,,,,,,,,,,,
80,3,29,4,,,,,,,,,,5.0,,,,,,,,,,,,,,,,,,
81,3,48,1,,,,,,,,,,,1.0,1.0,1.0,,,,,,,,,,,,,,,
82,3,48,2,,,,,,,,,,4.0,,,,,,,,,,,,,,,,,,
83,3,48,3,,,,,,,,,,,,,,,3.0,,,,,,,,,,,,,
84,3,30,1,,,,,,,,,,,,,,,6.0,,,,,,,,,,,,,
85,3,30,2,,,,,,,,,,,3.0,3.0,3.0,,,,,,,,,,,,,,,
86,3,30,3,,,,,,,,,,5.0,,,,,,,,,,,,,,,,,,
87,3,30,4,,,,,,,,,,,3.0,3.0,3.0,,,,,,,,,,,,,,,
88,4,32,1,,,,,,,,,,,,,,,,,7.0,,,,,,,,,,,
89,4,32,2,,,,,,,,,,,,,,,,,,,,6.0,,,,,,,,
90,4,32,3,,,,,,,,,,,,,,,,5.0,,,,,,,,,,,,
91,4,32,4,,,,,,,,,,,,,,,,,,2.0,2.0,,,,,,,,,
92,4,33,1,,,,,,,,,,,,,,,,,,3.0,3.0,,,,,,,,,
93,4,33,2,,,,,,,,,,,,,,,,6.0,,,,,,,,,,,,
94,4,33,3,,,,,,,,,,,,,,,,,5.0,,,,,,,,,,,
95,4,33,4,,,,,,,,,,,,,,,,6.0,,,,,,,,,,,,
96,4,20,1,,,,,,,,,,,,,,,,,,7.0,7.0,,,,,,,,,
97,4,20,2,,,,,,,,,,,,,,,,,8.0,,,,,,,,,,,
98,4,20,3,,,,,,,,,,,,,,,,,,,,5.0,,,,,,,,
99,4,21,1,,,,,,,,,,,,,,,,,,,,3.0,,,,,,,,
100,4,21,2,,,,,,,,,,,,,,,,4.0,,,,,,,,,,,,
101,4,21,3,,,,,,,,,,,,,,,,,,5.0,5.0,,,,,,,,,
102,4,49,1,,,,,,,,,,,,,,,,,1.0,,,,,,,,,,,
103,4,49,2,,,,,,,,,,,,,,,,8.0,,,,,,,,,,,,
104,4,49,3,,,,,,,,,,,,,,,,,,,,2.0,,,,,,,,
105,4,49,4,,,,,,,,,,,,,,,,,,3.0,3.0,,,,,,,,,
106,4,50,1,,,,,,,,,,,,,,,,,,,,,1.0,,,,,,,
107,4,50,2,,,,,,,,,,,,,,,,,2.0,,,,,,,,,,,
108,4,50,3,,,,,,,,,,,,,,,,,,,,3.0,,,,,,,,
109,4,50,4,,,,,,,,,,,,,,,,,,4.0,4.0,,,,,,,,,
110,4,51,1,,,,,,,,,,,,,,,,,,,,6.0,,,,,,,,
111,4,51,2,,,,,,,,,,,,,,,,,,,,,9.0,,,,,,,
112,4,51,3,,,,,,,,,,,,,,,,,5.0,,,,,,,,,,,
113,4,51,4,,,,,,,,,,,,,,,,,,,,,9.0,,,,,,,
114,4,52,1,,,,,,,,,,,,,,,,,,,,3.0,,,,,,,,
115,4,52,2,,,,,,,,,,,,,,,,7.0,,,,,,,,,,,,
116,4,52,3,,,,,,,,,,,,,,,,,,,,,4.0,,,,,,,
117,4,52,4,,,,,,,,,,,,,,,,,,8.0,8.0,,,,,,,,,
118,5,34,1,,,,,,,,,,,,,,,,,,,,,,,2.0,2.0,,,,
119,5,34,2,,,,,,,,,,,,,,,,,,,,,,6.0,,,,,,
120,5,34,3,,,,,,,,,,,,,,,,,,,,,,,,,,3.0,,
121,5,34,4,,,,,,,,,,,,,,,,,,,,,,,,,1.0,,,
122,5,35,1,,,,,,,,,,,,,,,,,,,,,,,,,3.0,,,
123,5,35,2,,,,,,,,,,,,,,,,,,,,,,,5.0,5.0,,,,
124,5,35,3,,,,,,,,,,,,,,,,,,,,,,,,,,7.0,,
125,5,36,1,,,,,,,,,,,,,,,,,,,,,,,6.0,6.0,,,,
126,5,36,2,,,,,,,,,,,,,,,,,,,,,,,,,2.0,,,
127,5,36,3,,,,,,,,,,,,,,,,,,,,,,,6.0,6.0,,,,
128,5,36,4,,,,,,,,,,,,,,,,,,,,,,4.0,,,,,,
129,5,37,1,,,,,,,,,,,,,,,,,,,,,,5.0,,,,,,
130,5,37,2,,,,,,,,,,,,,,,,,,,,,,,,,3.0,,,
131,5,37,3,,,,,,,,,,,,,,,,,,,,,,,1.0,1.0,,,,
132,5,37,4,,,,,,,,,,,,,,,,,,,,,,,,,,6.0,,
133,5,53,1,,,,,,,,,,,,,,,,,,,,,,,,,5.0,,,
134,5,53,2,,,,,,,,,,,,,,,,,,,,,,,,,,,4.0,
135,5,53,3,,,,,,,,,,,,,,,,,,,,,,,7.0,7.0,,,,
136,5,53,4,,,,,,,,,,,,,,,,,,,,,,,,,,,4.0,
137,5,54,1,,,,,,,,,,,,,,,,,,,,,,,,,,,8.0,
138,5,54,2,,,,,,,,,,,,,,,,,,,,,,,2.0,2.0,,,,
139,5,54,3,,,,,,,,,,,,,,,,,,,,,,,,,,2.0,,
140,5,54,4,,,,,,,,,,,,,,,,,,,,,,3.0,,,,,,
141,5,55,1,,,,,,,,,,,,,,,,,,,,,,4.0,,,,,,
142,5,55,2,,,,,,,,,,,,,,,,,,,,,,,,,,,3.0,
143,5,55,3,,,,,,,,,,,,,,,,,,,,,,,,,8.0,,,
144,5,55,4,,,,,,,,,,,,,,,,,,,,,,4.0,,,,,,
145,,,,,,,,,,,,,,,,,,,,,,,,,,,,,,,
146,Part Family,Part Family,Setup Time,,,,,,,,,,,,,,,,,,,,,,,,,,,,
147,1,1,0,,,,,,,,,,,,,,,,,,,,,,,,,,,,
148,1,2,3,,,,,,,,,,,,,,,,,,,,,,,,,,,,
149,1,3,7,,,,,,,,,,,,,,,,,,,,,,,,,,,,
150,1,4,4,,,,,,,,,,,,,,,,,,,,,,,,,,,,
151,1,5,5,,,,,,,,,,,,,,,,,,,,,,,,,,,,
152,2,1,4,,,,,,,,,,,,,,,,,,,,,,,,,,,,
153,2,2,0,,,,,,,,,,,,,,,,,,,,,,,,,,,,
154,2,3,4,,,,,,,,,,,,,,,,,,,,,,,,,,,,
155,2,4,2,,,,,,,,,,,,,,,,,,,,,,,,,,,,
156,2,5,8,,,,,,,,,,,,,,,,,,,,,,,,,,,,
157,3,1,6,,,,,,,,,,,,,,,,,,,,,,,,,,,,
158,3,2,5,,,,,,,,,,,,,,,,,,,,,,,,,,,,
159,3,3,0,,,,,,,,,,,,,,,,,,,,,,,,,,,,
160,3,4,5,,,,,,,,,,,,,,,,,,,,,,,,,,,,
161,3,5,4,,,,,,,,,,,,,,,,,,,,,,,,,,,,
162,4,1,7,,,,,,,,,,,,,,,,,,,,,,,,,,,,
163,4,2,5,,,,,,,,,,,,,,,,,,,,,,,,,,,,
164,4,3,2,,,,,,,,,,,,,,,,,,,,,,,,,,,,
165,4,4,0,,,,,,,,,,,,,,,,,,,,,,,,,,,,
166,4,5,3,,,,,,,,,,,,,,,,,,,,,,,,,,,,
167,5,1,5,,,,,,,,,,,,,,,,,,,,,,,,,,,,
168,5,2,3,,,,,,,,,,,,,,,,,,,,,,,,,,,,
169,5,3,5,,,,,,,,,,,,,,,,,,,,,,,,,,,,
170,5,4,3,,,,,,,,,,,,,,,,,,,,,,,,,,,,
171,5,5,0,,,,,,,,,,,,,,,,,,,,,,,,,,,,
172,,,,,,,,,,,,,,,,,,,,,,,,,,,,,,,
173,Cell,Cell,Transportation Time,,,,,,,,,,,,,,,,,,,,,,,,,,,,
174,1,1,0,,,,,,,,,,,,,,,,,,,,,,,,,,,,
175,1,2,3,,,,,,,,,,,,,,,,,,,,,,,,,,,,
176,1,3,5,,,,,,,,,,,,,,,,,,,,,,,,,,,,
177,1,4,4,,,,,,,,,,,,,,,,,,,,,,,,,,,,
178,1,5,8,,,,,,,,,,,,,,,,,,,,,,,,,,,,
179,2,1,4,,,,,,,,,,,,,,,,,,,,,,,,,,,,
180,2,2,0,,,,,,,,,,,,,,,,,,,,,,,,,,,,
181,2,3,8,,,,,,,,,,,,,,,,,,,,,,,,,,,,
182,2,4,5,,,,,,,,,,,,,,,,,,,,,,,,,,,,
183,2,5,4,,,,,,,,,,,,,,,,,,,,,,,,,,,,
184,3,1,6,,,,,,,,,,,,,,,,,,,,,,,,,,,,
185,3,2,5,,,,,,,,,,,,,,,,,,,,,,,,,,,,
186,3,3,0,,,,,,,,,,,,,,,,,,,,,,,,,,,,
187,3,4,3,,,,,,,,,,,,,,,,,,,,,,,,,,,,
188,3,5,3,,,,,,,,,,,,,,,,,,,,,,,,,,,,
189,4,1,5,,,,,,,,,,,,,,,,,,,,,,,,,,,,
190,4,2,4,,,,,,,,,,,,,,,,,,,,,,,,,,,,
191,4,3,3,,,,,,,,,,,,,,,,,,,,,,,,,,,,
192,4,4,0,,,,,,,,,,,,,,,,,,,,,,,,,,,,
193,4,5,2,,,,,,,,,,,,,,,,,,,,,,,,,,,,
194,5,1,7,,,,,,,,,,,,,,,,,,,,,,,,,,,,
195,5,2,5,,,,,,,,,,,,,,,,,,,,,,,,,,,,
196,5,3,7,,,,,,,,,,,,,,,,,,,,,,,,,,,,
197,5,4,2,,,,,,,,,,,,,,,,,,,,,,,,,,,,
198,5,5,0,,,,,,,,,,,,,,,,,,,,,,,,,,,,
199,,,,,,,,,,,,,,,,,,,,,,,,,,,,,,,
200,Job,Due Date,,,,,,,,,,,,,,,,,,,,,,,,,,,,,
201,5,48,,,,,,,,,,,,,,,,,,,,,,,,,,,,,
202,7,5,,,,,,,,,,,,,,,,,,,,,,,,,,,,,
203,8,110,,,,,,,,,,,,,,,,,,,,,,,,,,,,,
204,38,47,,,,,,,,,,,,,,,,,,,,,,,,,,,,,
205,39,2,,,,,,,,,,,,,,,,,,,,,,,,,,,,,
206,40,106,,,,,,,,,,,,,,,,,,,,,,,,,,,,,
207,44,74,,,,,,,,,,,,,,,,,,,,,,,,,,,,,
208,58,74,,,,,,,,,,,,,,,,,,,,,,,,,,,,,
209,59,65,,,,,,,,,,,,,,,,,,,,,,,,,,,,,
210,31,7,,,,,,,,,,,,,,,,,,,,,,,,,,,,,
211,41,5,,,,,,,,,,,,,,,,,,,,,,,,,,,,,
212,42,25,,,,,,,,,,,,,,,,,,,,,,,,,,,,,
213,43,6,,,,,,,,,,,,,,,,,,,,,,,,,,,,,
214,25,29,,,,,,,,,,,,,,,,,,,,,,,,,,,,,
215,26,22,,,,,,,,,,,,,,,,,,,,,,,,,,,,,
216,27,14,,,,,,,,,,,,,,,,,,,,,,,,,,,,,
217,28,3,,,,,,,,,,,,,,,,,,,,,,,,,,,,,
218,29,8,,,,,,,,,,,,,,,,,,,,,,,,,,,,,
219,48,21,,,,,,,,,,,,,,,,,,,,,,,,,,,,,
220,30,18,,,,,,,,,,,,,,,,,,,,,,,,,,,,,
221,32,62,,,,,,,,,,,,,,,,,,,,,,,,,,,,,
222,33,15,,,,,,,,,,,,,,,,,,,,,,,,,,,,,
223,20,28,,,,,,,,,,,,,,,,,,,,,,,,,,,,,
224,21,43,,,,,,,,,,,,,,,,,,,,,,,,,,,,,
225,49,9,,,,,,,,,,,,,,,,,,,,,,,,,,,,,
226,50,29,,,,,,,,,,,,,,,,,,,,,,,,,,,,,
227,51,41,,,,,,,,,,,,,,,,,,,,,,,,,,,,,
228,52,16,,,,,,,,,,,,,,,,,,,,,,,,,,,,,
229,34,52,,,,,,,,,,,,,,,,,,,,,,,,,,,,,
230,35,17,,,,,,,,,,,,,,,,,,,,,,,,,,,,,
231,36,42,,,,,,,,,,,,,,,,,,,,,,,,,,,,,
232,37,61,,,,,,,,,,,,,,,,,,,,,,,,,,,,,
233,53,91,,,,,,,,,,,,,,,,,,,,,,,,,,,,,
234,54,35,,,,,,,,,,,,,,,,,,,,,,,,,,,,,
235,55,43,,,,,,,,,,,,,,,,,,,,,,,,,,,,,
236,,,,,,,,,,,,,,,,,,,,,,,,,,,,,,,
237,No,Reference_point1,Reference_point2,,,,,,,,,,,,,,,,,,,,,,,,,,,,
238,1,56,246,,,,,,,,,,,,,,,,,,,,,,,,,,,,
239,2,60,435,,,,,,,,,,,,,,,,,,,,,,,,,,,,
240,3,64,338,,,,,,,,,,,,,,,,,,,,,,,,,,,,
241,4,58,484,,,,,,,,,,,,,,,,,,,,,,,,,,,,
242,5,53,398,,,,,,,,,,,,,,,,,,,,,,,,,,,,
243,6,51,285,,,,,,,,,,,,,,,,,,,,,,,,,,,,
244,7,57,498,,,,,,,,,,,,,,,,,,,,,,,,,,,,
245,8,65,402,,,,,,,,,,,,,,,,,,,,,,,,,,,,
246,9,56,390,,,,,,,,,,,,,,,,,,,,,,,,,,,,
247,10,65,415,,,,,,,,,,,,,,,,,,,,,,,,,,,,
248,11,70,241,,,,,,,,,,,,,,,,,,,,,,,,,,,,
249,12,54,324,,,,,,,,,,,,,,,,,,,,,,,,,,,,
250,13,67,263,,,,,,,,,,,,,,,,,,,,,,,,,,,,
251,14,67,302,,,,,,,,,,,,,,,,,,,,,,,,,,,,
252,15,68,468,,,,,,,,,,,,,,,,,,,,,,,,,,,,
253,16,62,419,,,,,,,,,,,,,,,,,,,,,,,,,,,,
254,17,65,218,,,,,,,,,,,,,,,,,,,,,,,,,,,,
255,18,71,445,,,,,,,,,,,,,,,,,,,,,,,,,,,,
256,19,69,232,,,,,,,,,,,,,,,,,,,,,,,,,,,,
257,20,61,365,,,,,,,,,,,,,,,,,,,,,,,,,,,,
258,21,56,499,,,,,,,,,,,,,,,,,,,,,,,,,,,,
259,22,65,325,,,,,,,,,,,,,,,,,,,,,,,,,,,,
260,23,60,408,,,,,,,,,,,,,,,,,,,,,,,,,,,,
261,24,65,350,,,,,,,,,,,,,,,,,,,,,,,,,,,,
262,25,56,316,,,,,,,,,,,,,,,,,,,,,,,,,,,,
263,26,62,263,,,,,,,,,,,,,,,,,,,,,,,,,,,,
264,27,58,412,,,,,,,,,,,,,,,,,,,,,,,,,,,,
265,28,59,259,,,,,,,,,,,,,,,,,,,,,,,,,,,,
266,29,70,239,,,,,,,,,,,,,,,,,,,,,,,,,,,,
267,30,71,354,,,,,,,,,,,,,,,,,,,,,,,,,,,,
268,31,64,228,,,,,,,,,,,,,,,,,,,,,,,,,,,,
269,32,53,276,,,,,,,,,,,,,,,,,,,,,,,,,,,,
270,33,52,304,,,,,,,,,,,,,,,,,,,,,,,,,,,,
271,34,62,302,,,,,,,,,,,,,,,,,,,,,,,,,,,,
272,35,71,465,,,,,,,,,,,,,,,,,,,,,,,,,,,,
273,36,67,277,,,,,,,,,,,,,,,,,,,,,,,,,,,,
274,37,53,266,,,,,,,,,,,,,,,,,,,,,,,,,,,,
275,38,60,488,,,,,,,,,,,,,,,,,,,,,,,,,,,,
276,39,59,436,,,,,,,,,,,,,,,,,,,,,,,,,,,,
277,40,70,250,,,,,,,,,,,,,,,,,,,,,,,,,,,,
278,41,61,306,,,,,,,,,,,,,,,,,,,,,,,,,,,,
279,42,52,349,,,,,,,,,,,,,,,,,,,,,,,,,,,,
280,43,58,325,,,,,,,,,,,,,,,,,,,,,,,,,,,,
281,44,58,217,,,,,,,,,,,,,,,,,,,,,,,,,,,,
282,45,63,454,,,,,,,,,,,,,,,,,,,,,,,,,,,,
283,46,68,436,,,,,,,,,,,,,,,,,,,,,,,,,,,,
284,47,52,222,,,,,,,,,,,,,,,,,,,,,,,,,,,,
285,48,69,279,,,,,,,,,,,,,,,,,,,,,,,,,,,,
286,49,69,351,,,,,,,,,,,,,,,,,,,,,,,,,,,,
287,50,57,250,,,,,,,,,,,,,,,,,,,,,,,,,,,,
288,51,53,321,,,,,,,,,,,,,,,,,,,,,,,,,,,,
289,52,60,320,,,,,,,,,,,,,,,,,,,,,,,,,,,,
290,53,62,302,,,,,,,,,,,,,,,,,,,,,,,,,,,,
291,54,52,262,,,,,,,,,,,,,,,,,,,,,,,,,,,,
292,55,56,340,,,,,,,,,,,,,,,,,,,,,,,,,,,,
293,56,66,265,,,,,,,,,,,,,,,,,,,,,,,,,,,,
294,57,53,458,,,,,,,,,,,,,,,,,,,,,,,,,,,,
295,58,71,305,,,,,,,,,,,,,,,,,,,,,,,,,,,,
296,59,71,401,,,,,,,,,,,,,,,,,,,,,,,,,,,,
297,60,68,414,,,,,,,,,,,,,,,,,,,,,,,,,,,,
298,61,70,369,,,,,,,,,,,,,,,,,,,,,,,,,,,,
299,62,65,261,,,,,,,,,,,,,,,,,,,,,,,,,,,,
300,63,51,221,,,,,,,,,,,,,,,,,,,,,,,,,,,,
301,64,53,236,,,,,,,,,,,,,,,,,,,,,,,,,,,,
302,65,57,273,,,,,,,,,,,,,,,,,,,,,,,,,,,,
303,66,52,479,,,,,,,,,,,,,,,,,,,,,,,,,,,,
304,67,60,451,,,,,,,,,,,,,,,,,,,,,,,,,,,,
305,68,71,249,,,,,,,,,,,,,,,,,,,,,,,,,,,,
306,69,68,413,,,,,,,,,,,,,,,,,,,,,,,,,,,,
307,70,70,230,,,,,,,,,,,,,,,,,,,,,,,,,,,,
308,71,57,272,,,,,,,,,,,,,,,,,,,,,,,,,,,,
309,72,66,266,,,,,,,,,,,,,,,,,,,,,,,,,,,,
310,73,52,409,,,,,,,,,,,,,,,,,,,,,,,,,,,,
311,74,64,282,,,,,,,,,,,,,,,,,,,,,,,,,,,,
312,75,51,377,,,,,,,,,,,,,,,,,,,,,,,,,,,,
313,76,56,278,,,,,,,,,,,,,,,,,,,,,,,,,,,,
314,77,64,386,,,,,,,,,,,,,,,,,,,,,,,,,,,,
315,78,54,382,,,,,,,,,,,,,,,,,,,,,,,,,,,,
316,79,65,304,,,,,,,,,,,,,,,,,,,,,,,,,,,,
317,80,58,367,,,,,,,,,,,,,,,,,,,,,,,,,,,,
318,81,54,499,,,,,,,,,,,,,,,,,,,,,,,,,,,,
319,82,69,232,,,,,,,,,,,,,,,,,,,,,,,,,,,,
320,83,58,451,,,,,,,,,,,,,,,,,,,,,,,,,,,,
321,84,65,304,,,,,,,,,,,,,,,,,,,,,,,,,,,,
322,85,68,465,,,,,,,,,,,,,,,,,,,,,,,,,,,,
323,86,60,297,,,,,,,,,,,,,,,,,,,,,,,,,,,,
324,87,66,443,,,,,,,,,,,,,,,,,,,,,,,,,,,,
325,88,58,426,,,,,,,,,,,,,,,,,,,,,,,,,,,,
326,89,67,360,,,,,,,,,,,,,,,,,,,,,,,,,,,,
327,90,52,311,,,,,,,,,,,,,,,,,,,,,,,,,,,,
328,91,59,470,,,,,,,,,,,,,,,,,,,,,,,,,,,,
329,92,51,422,,,,,,,,,,,,,,,,,,,,,,,,,,,,
330,93,71,461,,,,,,,,,,,,,,,,,,,,,,,,,,,,
331,94,57,464,,,,,,,,,,,,,,,,,,,,,,,,,,,,
332,95,64,332,,,,,,,,,,,,,,,,,,,,,,,,,,,,
333,96,60,367,,,,,,,,,,,,,,,,,,,,,,,,,,,,
334,97,58,322,,,,,,,,,,,,,,,,,,,,,,,,,,,,
335,98,69,307,,,,,,,,,,,,,,,,,,,,,,,,,,,,
336,99,57,410,,,,,,,,,,,,,,,,,,,,,,,,,,,,
337,100,68,288,,,,,,,,,,,,,,,,,,,,,,,,,,,,
338,101,71,307,,,,,,,,,,,,,,,,,,,,,,,,,,,,
339,102,59,259,,,,,,,,,,,,,,,,,,,,,,,,,,,,
340,103,53,487,,,,,,,,,,,,,,,,,,,,,,,,,,,,
341,104,61,449,,,,,,,,,,,,,,,,,,,,,,,,,,,,
342,105,55,341,,,,,,,,,,,,,,,,,,,,,,,,,,,,
343,106,67,264,,,,,,,,,,,,,,,,,,,,,,,,,,,,
344,107,55,218,,,,,,,,,,,,,,,,,,,,,,,,,,,,
345,108,54,295,,,,,,,,,,,,,,,,,,,,,,,,,,,,
346,109,70,257,,,,,,,,,,,,,,,,,,,,,,,,,,,,
347,110,53,356,,,,,,,,,,,,,,,,,,,,,,,,,,,,
348,111,61,452,,,,,,,,,,,,,,,,,,,,,,,,,,,,
349,112,65,342,,,,,,,,,,,,,,,,,,,,,,,,,,,,
350,113,60,483,,,,,,,,,,,,,,,,,,,,,,,,,,,,
351,114,70,318,,,,,,,,,,,,,,,,,,,,,,,,,,,,
352,115,70,231,,,,,,,,,,,,,,,,,,,,,,,,,,,,
353,116,59,246,,,,,,,,,,,,,,,,,,,,,,,,,,,,
354,117,65,449,,,,,,,,,,,,,,,,,,,,,,,,,,,,
355,118,58,232,,,,,,,,,,,,,,,,,,,,,,,,,,,,
356,119,61,469,,,,,,,,,,,,,,,,,,,,,,,,,,,,
357,120,64,217,,,,,,,,,,,,,,,,,,,,,,,,,,,,
358,121,58,353,,,,,,,,,,,,,,,,,,,,,,,,,,,,
359,122,64,273,,,,,,,,,,,,,,,,,,,,,,,,,,,,
360,123,64,290,,,,,,,,,,,,,,,,,,,,,,,,,,,,
361,124,57,310,,,,,,,,,,,,,,,,,,,,,,,,,,,,
362,125,55,386,,,,,,,,,,,,,,,,,,,,,,,,,,,,
363,126,58,265,,,,,,,,,,,,,,,,,,,,,,,,,,,,
364,127,63,308,,,,,,,,,,,,,,,,,,,,,,,,,,,,
365,128,66,257,,,,,,,,,,,,,,,,,,,,,,,,,,,,
366,129,64,483,,,,,,,,,,,,,,,,,,,,,,,,,,,,
367,130,66,259,,,,,,,,,,,,,,,,,,,,,,,,,,,,
368,131,51,249,,,,,,,,,,,,,,,,,,,,,,,,,,,,
369,132,69,261,,,,,,,,,,,,,,,,,,,,,,,,,,,,
370,133,51,408,,,,,,,,,,,,,,,,,,,,,,,,,,,,
371,134,61,333,,,,,,,,,,,,,,,,,,,,,,,,,,,,
372,135,64,239,,,,,,,,,,,,,,,,,,,,,,,,,,,,
373,136,67,232,,,,,,,,,,,,,,,,,,,,,,,,,,,,
374,137,61,240,,,,,,,,,,,,,,,,,,,,,,,,,,,,
375,138,53,226,,,,,,,,,,,,,,,,,,,,,,,,,,,,
376,139,54,347,,,,,,,,,,,,,,,,,,,,,,,,,,,,
377,140,68,264,,,,,,,,,,,,,,,,,,,,,,,,,,,,
378,141,64,389,,,,,,,,,,,,,,,,,,,,,,,,,,,,
379,142,53,307,,,,,,,,,,,,,,,,,,,,,,,,,,,,
380,143,65,281,,,,,,,,,,,,,,,,,,,,,,,,,,,,
381,144,62,317,,,,,,,,,,,,,,,,,,,,,,,,,,,,
382,145,52,274,,,,,,,,,,,,,,,,,,,,,,,,,,,,
383,146,59,379,,,,,,,,,,,,,,,,,,,,,,,,,,,,
384,147,54,350,,,,,,,,,,,,,,,,,,,,,,,,,,,,
385,148,51,288,,,,,,,,,,,,,,,,,,,,,,,,,,,,
386,149,63,354,,,,,,,,,,,,,,,,,,,,,,,,,,,,
387,150,54,484,,,,,,,,,,,,,,,,,,,,,,,,,,,,
388,151,67,467,,,,,,,,,,,,,,,,,,,,,,,,,,,,
389,152,65,255,,,,,,,,,,,,,,,,,,,,,,,,,,,,
390,153,68,304,,,,,,,,,,,,,,,,,,,,,,,,,,,,
391,154,64,357,,,,,,,,,,,,,,,,,,,,,,,,,,,,
392,155,55,413,,,,,,,,,,,,,,,,,,,,,,,,,,,,
393,156,71,269,,,,,,,,,,,,,,,,,,,,,,,,,,,,
394,157,53,371,,,,,,,,,,,,,,,,,,,,,,,,,,,,
395,158,61,327,,,,,,,,,,,,,,,,,,,,,,,,,,,,
396,159,71,380,,,,,,,,,,,,,,,,,,,,,,,,,,,,
397,160,61,442,,,,,,,,,,,,,,,,,,,,,,,,,,,,
398,161,54,252,,,,,,,,,,,,,,,,,,,,,,,,,,,,
399,162,57,341,,,,,,,,,,,,,,,,,,,,,,,,,,,,
400,163,65,271,,,,,,,,,,,,,,,,,,,,,,,,,,,,
401,164,69,229,,,,,,,,,,,,,,,,,,,,,,,,,,,,
402,165,52,460,,,,,,,,,,,,,,,,,,,,,,,,,,,,
403,166,60,411,,,,,,,,,,,,,,,,,,,,,,,,,,,,
404,167,57,466,,,,,,,,,,,,,,,,,,,,,,,,,,,,
405,168,59,433,,,,,,,,,,,,,,,,,,,,,,,,,,,,
406,169,70,498,,,,,,,,,,,,,,,,,,,,,,,,,,,,
407,170,61,320,,,,,,,,,,,,,,,,,,,,,,,,,,,,
408,171,63,222,,,,,,,,,,,,,,,,,,,,,,,,,,,,
409,172,54,327,,,,,,,,,,,,,,,,,,,,,,,,,,,,
410,173,55,276,,,,,,,,,,,,,,,,,,,,,,,,,,,,
411,174,60,393,,,,,,,,,,,,,,,,,,,,,,,,,,,,
412,175,71,389,,,,,,,,,,,,,,,,,,,,,,,,,,,,
413,176,56,216,,,,,,,,,,,,,,,,,,,,,,,,,,,,
414,177,51,322,,,,,,,,,,,,,,,,,,,,,,,,,,,,
415,178,67,399,,,,,,,,,,,,,,,,,,,,,,,,,,,,
416,179,62,283,,,,,,,,,,,,,,,,,,,,,,,,,,,,
417,180,60,395,,,,,,,,,,,,,,,,,,,,,,,,,,,,
418,181,59,388,,,,,,,,,,,,,,,,,,,,,,,,,,,,
419,182,59,316,,,,,,,,,,,,,,,,,,,,,,,,,,,,
420,183,55,296,,,,,,,,,,,,,,,,,,,,,,,,,,,,
421,184,69,281,,,,,,,,,,,,,,,,,,,,,,,,,,,,
422,185,54,429,,,,,,,,,,,,,,,,,,,,,,,,,,,,
423,186,60,499,,,,,,,,,,,,,,,,,,,,,,,,,,,,
424,187,52,247,,,,,,,,,,,,,,,,,,,,,,,,,,,,
425,188,55,251,,,,,,,,,,,,,,,,,,,,,,,,,,,,
426,189,71,482,,,,,,,,,,,,,,,,,,,,,,,,,,,,
427,190,55,348,,,,,,,,,,,,,,,,,,,,,,,,,,,,
428,191,66,291,,,,,,,,,,,,,,,,,,,,,,,,,,,,
429,192,52,351,,,,,,,,,,,,,,,,,,,,,,,,,,,,
430,193,63,344,,,,,,,,,,,,,,,,,,,,,,,,,,,,
431,194,65,476,,,,,,,,,,,,,,,,,,,,,,,,,,,,
432,195,52,430,,,,,,,,,,,,,,,,,,,,,,,,,,,,
433,196,55,412,,,,,,,,,,,,,,,,,,,,,,,,,,,,
434,197,62,461,,,,,,,,,,,,,,,,,,,,,,,,,,,,
435,198,70,493,,,,,,,,,,,,,,,,,,,,,,,,,,,,
436,199,63,441,,,,,,,,,,,,,,,,,,,,,,,,,,,,
437,200,54,486,,,,,,,,,,,,,,,,,,,,,,,,,,,,
438,201,57,279,,,,,,,,,,,,,,,,,,,,,,,,,,,,
439,202,60,275,,,,,,,,,,,,,,,,,,,,,,,,,,,,
440,203,54,293,,,,,,,,,,,,,,,,,,,,,,,,,,,,
441,204,70,469,,,,,,,,,,,,,,,,,,,,,,,,,,,,
442,205,54,404,,,,,,,,,,,,,,,,,,,,,,,,,,,,
443,206,64,392,,,,,,,,,,,,,,,,,,,,,,,,,,,,
444,207,51,499,,,,,,,,,,,,,,,,,,,,,,,,,,,,
445,208,69,258,,,,,,,,,,,,,,,,,,,,,,,,,,,,
446,209,61,482,,,,,,,,,,,,,,,,,,,,,,,,,,,,
447,210,67,439,,,,,,,,,,,,,,,,,,,,,,,,,,,,
448,211,63,497,,,,,,,,,,,,,,,,,,,,,,,,,,,,
449,212,53,328,,,,,,,,,,,,,,,,,,,,,,,,,,,,
450,213,62,436,,,,,,,,,,,,,,,,,,,,,,,,,,,,
451,214,60,278,,,,,,,,,,,,,,,,,,,,,,,,,,,,
452,215,54,285,,,,,,,,,,,,,,,,,,,,,,,,,,,,
453,216,61,271,,,,,,,,,,,,,,,,,,,,,,,,,,,,
454,217,67,288,,,,,,,,,,,,,,,,,,,,,,,,,,,,
455,218,54,360,,,,,,,,,,,,,,,,,,,,,,,,,,,,
456,219,67,466,,,,,,,,,,,,,,,,,,,,,,,,,,,,
457,220,57,304,,,,,,,,,,,,,,,,,,,,,,,,,,,,
458,221,62,441,,,,,,,,,,,,,,,,,,,,,,,,,,,,
459,222,66,337,,,,,,,,,,,,,,,,,,,,,,,,,,,,
460,223,52,383,,,,,,,,,,,,,,,,,,,,,,,,,,,,
461,224,64,368,,,,,,,,,,,,,,,,,,,,,,,,,,,,
462,225,71,441,,,,,,,,,,,,,,,,,,,,,,,,,,,,
463,226,60,409,,,,,,,,,,,,,,,,,,,,,,,,,,,,
464,227,51,321,,,,,,,,,,,,,,,,,,,,,,,,,,,,
465,228,58,308,,,,,,,,,,,,,,,,,,,,,,,,,,,,
466,229,52,236,,,,,,,,,,,,,,,,,,,,,,,,,,,,
467,230,65,320,,,,,,,,,,,,,,,,,,,,,,,,,,,,
468,231,67,414,,,,,,,,,,,,,,,,,,,,,,,,,,,,
469,232,66,476,,,,,,,,,,,,,,,,,,,,,,,,,,,,
470,233,54,347,,,,,,,,,,,,,,,,,,,,,,,,,,,,
471,234,68,437,,,,,,,,,,,,,,,,,,,,,,,,,,,,
472,235,68,325,,,,,,,,,,,,,,,,,,,,,,,,,,,,
473,236,58,397,,,,,,,,,,,,,,,,,,,,,,,,,,,,
474,237,63,344,,,,,,,,,,,,,,,,,,,,,,,,,,,,
475,238,56,446,,,,,,,,,,,,,,,,,,,,,,,,,,,,
476,239,55,418,,,,,,,,,,,,,,,,,,,,,,,,,,,,
477,240,57,487,,,,,,,,,,,,,,,,,,,,,,,,,,,,
478,241,53,480,,,,,,,,,,,,,,,,,,,,,,,,,,,,
479,242,56,323,,,,,,,,,,,,,,,,,,,,,,,,,,,,
480,243,67,452,,,,,,,,,,,,,,,,,,,,,,,,,,,,
481,244,54,330,,,,,,,,,,,,,,,,,,,,,,,,,,,,
482,245,70,451,,,,,,,,,,,,,,,,,,,,,,,,,,,,
483,246,59,421,,,,,,,,,,,,,,,,,,,,,,,,,,,,
484,247,55,490,,,,,,,,,,,,,,,,,,,,,,,,,,,,
485,248,61,454,,,,,,,,,,,,,,,,,,,,,,,,,,,,
486,249,52,455,,,,,,,,,,,,,,,,,,,,,,,,,,,,
487,250,56,396,,,,,,,,,,,,,,,,,,,,,,,,,,,,
488,251,66,466,,,,,,,,,,,,,,,,,,,,,,,,,,,,
489,252,65,380,,,,,,,,,,,,,,,,,,,,,,,,,,,,
490,253,60,448,,,,,,,,,,,,,,,,,,,,,,,,,,,,
491,254,52,378,,,,,,,,,,,,,,,,,,,,,,,,,,,,
492,255,53,368,,,,,,,,,,,,,,,,,,,,,,,,,,,,
493,256,53,322,,,,,,,,,,,,,,,,,,,,,,,,,,,,
494,257,67,419,,,,,,,,,,,,,,,,,,,,,,,,,,,,
495,258,56,466,,,,,,,,,,,,,,,,,,,,,,,,,,,,
496,259,60,313,,,,,,,,,,,,,,,,,,,,,,,,,,,,
497,260,53,306,,,,,,,,,,,,,,,,,,,,,,,,,,,,
498,261,57,340,,,,,,,,,,,,,,,,,,,,,,,,,,,,
499,262,69,218,,,,,,,,,,,,,,,,,,,,,,,,,,,,
500,263,71,396,,,,,,,,,,,,,,,,,,,,,,,,,,,,
501,264,59,397,,,,,,,,,,,,,,,,,,,,,,,,,,,,
502,265,70,332,,,,,,,,,,,,,,,,,,,,,,,,,,,,
503,266,66,327,,,,,,,,,,,,,,,,,,,,,,,,,,,,
504,267,60,406,,,,,,,,,,,,,,,,,,,,,,,,,,,,
505,268,55,282,,,,,,,,,,,,,,,,,,,,,,,,,,,,
506,269,55,409,,,,,,,,,,,,,,,,,,,,,,,,,,,,
507,270,70,493,,,,,,,,,,,,,,,,,,,,,,,,,,,,
508,271,66,386,,,,,,,,,,,,,,,,,,,,,,,,,,,,
509,272,56,321,,,,,,,,,,,,,,,,,,,,,,,,,,,,
510,273,66,228,,,,,,,,,,,,,,,,,,,,,,,,,,,,
511,274,70,356,,,,,,,,,,,,,,,,,,,,,,,,,,,,
512,275,65,393,,,,,,,,,,,,,,,,,,,,,,,,,,,,
513,276,59,423,,,,,,,,,,,,,,,,,,,,,,,,,,,,
514,277,66,489,,,,,,,,,,,,,,,,,,,,,,,,,,,,
515,278,58,303,,,,,,,,,,,,,,,,,,,,,,,,,,,,
516,279,51,411,,,,,,,,,,,,,,,,,,,,,,,,,,,,
517,280,63,444,,,,,,,,,,,,,,,,,,,,,,,,,,,,
518,281,59,341,,,,,,,,,,,,,,,,,,,,,,,,,,,,
519,282,64,418,,,,,,,,,,,,,,,,,,,,,,,,,,,,
520,283,67,416,,,,,,,,,,,,,,,,,,,,,,,,,,,,
521,284,70,244,,,,,,,,,,,,,,,,,,,,,,,,,,,,
522,285,61,219,,,,,,,,,,,,,,,,,,,,,,,,,,,,
523,286,64,431,,,,,,,,,,,,,,,,,,,,,,,,,,,,
524,287,59,257,,,,,,,,,,,,,,,,,,,,,,,,,,,,
525,288,62,411,,,,,,,,,,,,,,,,,,,,,,,,,,,,
526,289,54,357,,,,,,,,,,,,,,,,,,,,,,,,,,,,
527,290,56,476,,,,,,,,,,,,,,,,,,,,,,,,,,,,
528,291,65,481,,,,,,,,,,,,,,,,,,,,,,,,,,,,
529,292,70,307,,,,,,,,,,,,,,,,,,,,,,,,,,,,
530,293,51,218,,,,,,,,,,,,,,,,,,,,,,,,,,,,
531,294,65,350,,,,,,,,,,,,,,,,,,,,,,,,,,,,
532,295,57,471,,,,,,,,,,,,,,,,,,,,,,,,,,,,
533,296,55,370,,,,,,,,,,,,,,,,,,,,,,,,,,,,
534,297,52,255,,,,,,,,,,,,,,,,,,,,,,,,,,,,
535,298,63,303,,,,,,,,,,,,,,,,,,,,,,,,,,,,
536,299,71,377,,,,,,,,,,,,,,,,,,,,,,,,,,,,
537,300,63,222,,,,,,,,,,,,,,,,,,,,,,,,,,,,
538,301,53,457,,,,,,,,,,,,,,,,,,,,,,,,,,,,
539,302,71,414,,,,,,,,,,,,,,,,,,,,,,,,,,,,
540,303,71,398,,,,,,,,,,,,,,,,,,,,,,,,,,,,
541,304,57,376,,,,,,,,,,,,,,,,,,,,,,,,,,,,
542,305,59,402,,,,,,,,,,,,,,,,,,,,,,,,,,,,
543,306,54,362,,,,,,,,,,,,,,,,,,,,,,,,,,,,
544,307,59,414,,,,,,,,,,,,,,,,,,,,,,,,,,,,
545,308,53,345,,,,,,,,,,,,,,,,,,,,,,,,,,,,
546,309,61,300,,,,,,,,,,,,,,,,,,,,,,,,,,,,
547,310,65,439,,,,,,,,,,,,,,,,,,,,,,,,,,,,
548,311,51,348,,,,,,,,,,,,,,,,,,,,,,,,,,,,
549,312,67,390,,,,,,,,,,,,,,,,,,,,,,,,,,,,
550,313,67,245,,,,,,,,,,,,,,,,,,,,,,,,,,,,
551,314,65,289,,,,,,,,,,,,,,,,,,,,,,,,,,,,
552,315,62,288,,,,,,,,,,,,,,,,,,,,,,,,,,,,
553,316,65,383,,,,,,,,,,,,,,,,,,,,,,,,,,,,
554,317,70,287,,,,,,,,,,,,,,,,,,,,,,,,,,,,
555,318,68,453,,,,,,,,,,,,,,,,,,,,,,,,,,,,
556,319,70,279,,,,,,,,,,,,,,,,,,,,,,,,,,,,
557,320,58,321,,,,,,,,,,,,,,,,,,,,,,,,,,,,
558,321,65,246,,,,,,,,,,,,,,,,,,,,,,,,,,,,
559,322,52,406,,,,,,,,,,,,,,,,,,,,,,,,,,,,
560,323,66,417,,,,,,,,,,,,,,,,,,,,,,,,,,,,
561,324,53,320,,,,,,,,,,,,,,,,,,,,,,,,,,,,
562,325,51,251,,,,,,,,,,,,,,,,,,,,,,,,,,,,
563,326,67,409,,,,,,,,,,,,,,,,,,,,,,,,,,,,
564,327,69,440,,,,,,,,,,,,,,,,,,,,,,,,,,,,
565,328,51,397,,,,,,,,,,,,,,,,,,,,,,,,,,,,
566,329,52,321,,,,,,,,,,,,,,,,,,,,,,,,,,,,
567,330,70,462,,,,,,,,,,,,,,,,,,,,,,,,,,,,
568,331,70,234,,,,,,,,,,,,,,,,,,,,,,,,,,,,
569,332,71,253,,,,,,,,,,,,,,,,,,,,,,,,,,,,
570,333,70,375,,,,,,,,,,,,,,,,,,,,,,,,,,,,
571,334,63,257,,,,,,,,,,,,,,,,,,,,,,,,,,,,
572,335,69,296,,,,,,,,,,,,,,,,,,,,,,,,,,,,
573,336,61,298,,,,,,,,,,,,,,,,,,,,,,,,,,,,
574,337,70,308,,,,,,,,,,,,,,,,,,,,,,,,,,,,
575,338,53,477,,,,,,,,,,,,,,,,,,,,,,,,,,,,
576,339,59,245,,,,,,,,,,,,,,,,,,,,,,,,,,,,
577,340,69,238,,,,,,,,,,,,,,,,,,,,,,,,,,,,
578,341,71,307,,,,,,,,,,,,,,,,,,,,,,,,,,,,
579,342,55,340,,,,,,,,,,,,,,,,,,,,,,,,,,,,
580,343,60,223,,,,,,,,,,,,,,,,,,,,,,,,,,,,
581,344,66,253,,,,,,,,,,,,,,,,,,,,,,,,,,,,
582,345,56,264,,,,,,,,,,,,,,,,,,,,,,,,,,,,
583,346,66,379,,,,,,,,,,,,,,,,,,,,,,,,,,,,
584,347,57,353,,,,,,,,,,,,,,,,,,,,,,,,,,,,
585,348,59,391,,,,,,,,,,,,,,,,,,,,,,,,,,,,
586,349,53,486,,,,,,,,,,,,,,,,,,,,,,,,,,,,
587,350,66,268,,,,,,,,,,,,,,,,,,,,,,,,,,,,
588,351,53,498,,,,,,,,,,,,,,,,,,,,,,,,,,,,
589,352,61,426,,,,,,,,,,,,,,,,,,,,,,,,,,,,
590,353,64,358,,,,,,,,,,,,,,,,,,,,,,,,,,,,
591,354,66,370,,,,,,,,,,,,,,,,,,,,,,,,,,,,
592,355,65,238,,,,,,,,,,,,,,,,,,,,,,,,,,,,
593,356,56,491,,,,,,,,,,,,,,,,,,,,,,,,,,,,
594,357,61,450,,,,,,,,,,,,,,,,,,,,,,,,,,,,
595,358,69,393,,,,,,,,,,,,,,,,,,,,,,,,,,,,
596,359,68,375,,,,,,,,,,,,,,,,,,,,,,,,,,,,
597,360,65,476,,,,,,,,,,,,,,,,,,,,,,,,,,,,
598,361,68,345,,,,,,,,,,,,,,,,,,,,,,,,,,,,
599,362,69,419,,,,,,,,,,,,,,,,,,,,,,,,,,,,
600,363,61,481,,,,,,,,,,,,,,,,,,,,,,,,,,,,
601,364,71,346,,,,,,,,,,,,,,,,,,,,,,,,,,,,
602,365,69,352,,,,,,,,,,,,,,,,,,,,,,,,,,,,
603,366,67,340,,,,,,,,,,,,,,,,,,,,,,,,,,,,
604,367,58,409,,,,,,,,,,,,,,,,,,,,,,,,,,,,
605,368,71,493,,,,,,,,,,,,,,,,,,,,,,,,,,,,
606,369,68,357,,,,,,,,,,,,,,,,,,,,,,,,,,,,
607,370,68,490,,,,,,,,,,,,,,,,,,,,,,,,,,,,
608,371,57,264,,,,,,,,,,,,,,,,,,,,,,,,,,,,
609,372,60,263,,,,,,,,,,,,,,,,,,,,,,,,,,,,
610,373,70,442,,,,,,,,,,,,,,,,,,,,,,,,,,,,
611,374,52,356,,,,,,,,,,,,,,,,,,,,,,,,,,,,
612,375,63,443,,,,,,,,,,,,,,,,,,,,,,,,,,,,
613,376,67,371,,,,,,,,,,,,,,,,,,,,,,,,,,,,
614,377,56,446,,,,,,,,,,,,,,,,,,,,,,,,,,,,
615,378,58,403,,,,,,,,,,,,,,,,,,,,,,,,,,,,
616,379,52,433,,,,,,,,,,,,,,,,,,,,,,,,,,,,
617,380,55,411,,,,,,,,,,,,,,,,,,,,,,,,,,,,
618,381,62,292,,,,,,,,,,,,,,,,,,,,,,,,,,,,
619,382,64,275,,,,,,,,,,,,,,,,,,,,,,,,,,,,
620,383,56,447,,,,,,,,,,,,,,,,,,,,,,,,,,,,
621,384,63,451,,,,,,,,,,,,,,,,,,,,,,,,,,,,
622,385,69,479,,,,,,,,,,,,,,,,,,,,,,,,,,,,
623,386,67,310,,,,,,,,,,,,,,,,,,,,,,,,,,,,
624,387,66,416,,,,,,,,,,,,,,,,,,,,,,,,,,,,
625,388,64,406,,,,,,,,,,,,,,,,,,,,,,,,,,,,
626,389,51,422,,,,,,,,,,,,,,,,,,,,,,,,,,,,
627,390,67,422,,,,,,,,,,,,,,,,,,,,,,,,,,,,
628,391,69,351,,,,,,,,,,,,,,,,,,,,,,,,,,,,
629,392,69,245,,,,,,,,,,,,,,,,,,,,,,,,,,,,
630,393,65,288,,,,,,,,,,,,,,,,,,,,,,,,,,,,
631,394,54,378,,,,,,,,,,,,,,,,,,,,,,,,,,,,
632,395,58,302,,,,,,,,,,,,,,,,,,,,,,,,,,,,
633,396,69,237,,,,,,,,,,,,,,,,,,,,,,,,,,,,
634,397,56,252,,,,,,,,,,,,,,,,,,,,,,,,,,,,
635,398,60,221,,,,,,,,,,,,,,,,,,,,,,,,,,,,
636,399,62,281,,,,,,,,,,,,,,,,,,,,,,,,,,,,
637,400,69,246,,,,,,,,,,,,,,,,,,,,,,,,,,,,
638,401,55,284,,,,,,,,,,,,,,,,,,,,,,,,,,,,
639,402,64,403,,,,,,,,,,,,,,,,,,,,,,,,,,,,
640,403,51,345,,,,,,,,,,,,,,,,,,,,,,,,,,,,
641,404,67,379,,,,,,,,,,,,,,,,,,,,,,,,,,,,
642,405,54,408,,,,,,,,,,,,,,,,,,,,,,,,,,,,
643,406,64,320,,,,,,,,,,,,,,,,,,,,,,,,,,,,
644,407,71,355,,,,,,,,,,,,,,,,,,,,,,,,,,,,
645,408,68,230,,,,,,,,,,,,,,,,,,,,,,,,,,,,
646,409,59,368,,,,,,,,,,,,,,,,,,,,,,,,,,,,
647,410,61,220,,,,,,,,,,,,,,,,,,,,,,,,,,,,
648,411,64,219,,,,,,,,,,,,,,,,,,,,,,,,,,,,
649,412,61,372,,,,,,,,,,,,,,,,,,,,,,,,,,,,
650,413,51,415,,,,,,,,,,,,,,,,,,,,,,,,,,,,
651,414,52,390,,,,,,,,,,,,,,,,,,,,,,,,,,,,
652,415,56,385,,,,,,,,,,,,,,,,,,,,,,,,,,,,
653,416,53,438,,,,,,,,,,,,,,,,,,,,,,,,,,,,
654,417,68,410,,,,,,,,,,,,,,,,,,,,,,,,,,,,
655,418,61,392,,,,,,,,,,,,,,,,,,,,,,,,,,,,
656,419,68,277,,,,,,,,,,,,,,,,,,,,,,,,,,,,
657,420,52,282,,,,,,,,,,,,,,,,,,,,,,,,,,,,
658,421,60,381,,,,,,,,,,,,,,,,,,,,,,,,,,,,
659,422,59,403,,,,,,,,,,,,,,,,,,,,,,,,,,,,
660,423,64,361,,,,,,,,,,,,,,,,,,,,,,,,,,,,
661,424,53,441,,,,,,,,,,,,,,,,,,,,,,,,,,,,
662,425,57,324,,,,,,,,,,,,,,,,,,,,,,,,,,,,
663,426,64,500,,,,,,,,,,,,,,,,,,,,,,,,,,,,
664,427,66,464,,,,,,,,,,,,,,,,,,,,,,,,,,,,
665,428,60,270,,,,,,,,,,,,,,,,,,,,,,,,,,,,
666,429,66,239,,,,,,,,,,,,,,,,,,,,,,,,,,,,
667,430,63,306,,,,,,,,,,,,,,,,,,,,,,,,,,,,
668,431,59,269,,,,,,,,,,,,,,,,,,,,,,,,,,,,
669,432,57,384,,,,,,,,,,,,,,,,,,,,,,,,,,,,
670,433,62,462,,,,,,,,,,,,,,,,,,,,,,,,,,,,
671,434,62,297,,,,,,,,,,,,,,,,,,,,,,,,,,,,
672,435,71,273,,,,,,,,,,,,,,,,,,,,,,,,,,,,
673,436,55,265,,,,,,,,,,,,,,,,,,,,,,,,,,,,
674,437,60,295,,,,,,,,,,,,,,,,,,,,,,,,,,,,
675,438,62,235,,,,,,,,,,,,,,,,,,,,,,,,,,,,
676,439,64,453,,,,,,,,,,,,,,,,,,,,,,,,,,,,
677,440,69,367,,,,,,,,,,,,,,,,,,,,,,,,,,,,
678,441,63,289,,,,,,,,,,,,,,,,,,,,,,,,,,,,
679,442,57,468,,,,,,,,,,,,,,,,,,,,,,,,,,,,
680,443,71,254,,,,,,,,,,,,,,,,,,,,,,,,,,,,
681,444,52,490,,,,,,,,,,,,,,,,,,,,,,,,,,,,
682,445,55,306,,,,,,,,,,,,,,,,,,,,,,,,,,,,
683,446,69,430,,,,,,,,,,,,,,,,,,,,,,,,,,,,
684,447,63,434,,,,,,,,,,,,,,,,,,,,,,,,,,,,
685,448,68,290,,,,,,,,,,,,,,,,,,,,,,,,,,,,
686,449,56,440,,,,,,,,,,,,,,,,,,,,,,,,,,,,
687,450,53,442,,,,,,,,,,,,,,,,,,,,,,,,,,,,
688,451,71,448,,,,,,,,,,,,,,,,,,,,,,,,,,,,
689,452,68,244,,,,,,,,,,,,,,,,,,,,,,,,,,,,
690,453,54,343,,,,,,,,,,,,,,,,,,,,,,,,,,,,
691,454,62,338,,,,,,,,,,,,,,,,,,,,,,,,,,,,
692,455,57,324,,,,,,,,,,,,,,,,,,,,,,,,,,,,
693,456,62,476,,,,,,,,,,,,,,,,,,,,,,,,,,,,
694,457,55,237,,,,,,,,,,,,,,,,,,,,,,,,,,,,
695,458,66,256,,,,,,,,,,,,,,,,,,,,,,,,,,,,
696,459,69,334,,,,,,,,,,,,,,,,,,,,,,,,,,,,
697,460,64,330,,,,,,,,,,,,,,,,,,,,,,,,,,,,
698,461,67,378,,,,,,,,,,,,,,,,,,,,,,,,,,,,
699,462,52,401,,,,,,,,,,,,,,,,,,,,,,,,,,,,
700,463,57,347,,,,,,,,,,,,,,,,,,,,,,,,,,,,
701,464,63,409,,,,,,,,,,,,,,,,,,,,,,,,,,,,
702,465,60,301,,,,,,,,,,,,,,,,,,,,,,,,,,,,
703,466,67,456,,,,,,,,,,,,,,,,,,,,,,,,,,,,
704,467,66,242,,,,,,,,,,,,,,,,,,,,,,,,,,,,
705,468,62,436,,,,,,,,,,,,,,,,,,,,,,,,,,,,
706,469,60,272,,,,,,,,,,,,,,,,,,,,,,,,,,,,
707,470,66,363,,,,,,,,,,,,,,,,,,,,,,,,,,,,
708,471,63,396,,,,,,,,,,,,,,,,,,,,,,,,,,,,
709,472,64,456,,,,,,,,,,,,,,,,,,,,,,,,,,,,
710,473,66,488,,,,,,,,,,,,,,,,,,,,,,,,,,,,
711,474,62,365,,,,,,,,,,,,,,,,,,,,,,,,,,,,
712,475,51,411,,,,,,,,,,,,,,,,,,,,,,,,,,,,
713,476,58,460,,,,,,,,,,,,,,,,,,,,,,,,,,,,
714,477,54,418,,,,,,,,,,,,,,,,,,,,,,,,,,,,
715,478,71,331,,,,,,,,,,,,,,,,,,,,,,,,,,,,
716,479,66,262,,,,,,,,,,,,,,,,,,,,,,,,,,,,
717,480,67,416,,,,,,,,,,,,,,,,,,,,,,,,,,,,
718,481,69,464,,,,,,,,,,,,,,,,,,,,,,,,,,,,
719,482,71,215,,,,,,,,,,,,,,,,,,,,,,,,,,,,
720,483,63,420,,,,,,,,,,,,,,,,,,,,,,,,,,,,
721,484,55,243,,,,,,,,,,,,,,,,,,,,,,,,,,,,
722,485,62,486,,,,,,,,,,,,,,,,,,,,,,,,,,,,
723,486,65,410,,,,,,,,,,,,,,,,,,,,,,,,,,,,
724,487,65,245,,,,,,,,,,,,,,,,,,,,,,,,,,,,
725,488,68,261,,,,,,,,,,,,,,,,,,,,,,,,,,,,
726,489,70,277,,,,,,,,,,,,,,,,,,,,,,,,,,,,
727,490,69,322,,,,,,,,,,,,,,,,,,,,,,,,,,,,
728,491,69,228,,,,,,,,,,,,,,,,,,,,,,,,,,,,
729,492,64,432,,,,,,,,,,,,,,,,,,,,,,,,,,,,
730,493,70,482,,,,,,,,,,,,,,,,,,,,,,,,,,,,
731,494,65,216,,,,,,,,,,,,,,,,,,,,,,,,,,,,
732,495,52,257,,,,,,,,,,,,,,,,,,,,,,,,,,,,
733,496,51,294,,,,,,,,,,,,,,,,,,,,,,,,,,,,
734,497,60,219,,,,,,,,,,,,,,,,,,,,,,,,,,,,
735,498,64,419,,,,,,,,,,,,,,,,,,,,,,,,,,,,
736,499,64,402,,,,,,,,,,,,,,,,,,,,,,,,,,,,
737,500,56,226,,,,,,,,,,,,,,,,,,,,,,,,,,,,
738,501,66,346,,,,,,,,,,,,,,,,,,,,,,,,,,,,
739,502,51,241,,,,,,,,,,,,,,,,,,,,,,,,,,,,
740,503,71,413,,,,,,,,,,,,,,,,,,,,,,,,,,,,
741,504,54,231,,,,,,,,,,,,,,,,,,,,,,,,,,,,
742,505,69,454,,,,,,,,,,,,,,,,,,,,,,,,,,,,
743,506,61,369,,,,,,,,,,,,,,,,,,,,,,,,,,,,
744,507,56,328,,,,,,,,,,,,,,,,,,,,,,,,,,,,
745,508,67,452,,,,,,,,,,,,,,,,,,,,,,,,,,,,
746,509,55,279,,,,,,,,,,,,,,,,,,,,,,,,,,,,
747,510,52,402,,,,,,,,,,,,,,,,,,,,,,,,,,,,
748,511,51,270,,,,,,,,,,,,,,,,,,,,,,,,,,,,
749,512,51,322,,,,,,,,,,,,,,,,,,,,,,,,,,,,
750,513,70,336,,,,,,,,,,,,,,,,,,,,,,,,,,,,
751,514,56,411,,,,,,,,,,,,,,,,,,,,,,,,,,,,
752,515,60,244,,,,,,,,,,,,,,,,,,,,,,,,,,,,
753,516,61,289,,,,,,,,,,,,,,,,,,,,,,,,,,,,
754,517,71,458,,,,,,,,,,,,,,,,,,,,,,,,,,,,
755,518,64,342,,,,,,,,,,,,,,,,,,,,,,,,,,,,
756,519,51,370,,,,,,,,,,,,,,,,,,,,,,,,,,,,
757,520,67,280,,,,,,,,,,,,,,,,,,,,,,,,,,,,
758,521,67,393,,,,,,,,,,,,,,,,,,,,,,,,,,,,
759,522,53,288,,,,,,,,,,,,,,,,,,,,,,,,,,,,
760,523,64,352,,,,,,,,,,,,,,,,,,,,,,,,,,,,
761,524,51,224,,,,,,,,,,,,,,,,,,,,,,,,,,,,
762,525,55,446,,,,,,,,,,,,,,,,,,,,,,,,,,,,
763,526,61,336,,,,,,,,,,,,,,,,,,,,,,,,,,,,
764,527,63,386,,,,,,,,,,,,,,,,,,,,,,,,,,,,
765,528,51,375,,,,,,,,,,,,,,,,,,,,,,,,,,,,
766,529,60,394,,,,,,,,,,,,,,,,,,,,,,,,,,,,
767,530,54,374,,,,,,,,,,,,,,,,,,,,,,,,,,,,
768,531,60,350,,,,,,,,,,,,,,,,,,,,,,,,,,,,
769,532,63,441,,,,,,,,,,,,,,,,,,,,,,,,,,,,
770,533,57,281,,,,,,,,,,,,,,,,,,,,,,,,,,,,
771,534,63,334,,,,,,,,,,,,,,,,,,,,,,,,,,,,
772,535,67,316,,,,,,,,,,,,,,,,,,,,,,,,,,,,
773,536,67,413,,,,,,,,,,,,,,,,,,,,,,,,,,,,
774,537,60,456,,,,,,,,,,,,,,,,,,,,,,,,,,,,
775,538,69,332,,,,,,,,,,,,,,,,,,,,,,,,,,,,
776,539,52,428,,,,,,,,,,,,,,,,,,,,,,,,,,,,
777,540,66,344,,,,,,,,,,,,,,,,,,,,,,,,,,,,
778,541,59,277,,,,,,,,,,,,,,,,,,,,,,,,,,,,
779,542,60,402,,,,,,,,,,,,,,,,,,,,,,,,,,,,
780,543,64,240,,,,,,,,,,,,,,,,,,,,,,,,,,,,
781,544,65,319,,,,,,,,,,,,,,,,,,,,,,,,,,,,
782,545,68,232,,,,,,,,,,,,,,,,,,,,,,,,,,,,
783,546,71,334,,,,,,,,,,,,,,,,,,,,,,,,,,,,
784,547,59,277,,,,,,,,,,,,,,,,,,,,,,,,,,,,
785,548,67,301,,,,,,,,,,,,,,,,,,,,,,,,,,,,
786,549,51,305,,,,,,,,,,,,,,,,,,,,,,,,,,,,
787,550,70,337,,,,,,,,,,,,,,,,,,,,,,,,,,,,
788,551,70,383,,,,,,,,,,,,,,,,,,,,,,,,,,,,
789,552,56,460,,,,,,,,,,,,,,,,,,,,,,,,,,,,
790,553,51,439,,,,,,,,,,,,,,,,,,,,,,,,,,,,
791,554,71,425,,,,,,,,,,,,,,,,,,,,,,,,,,,,
792,555,66,385,,,,,,,,,,,,,,,,,,,,,,,,,,,,
793,556,60,417,,,,,,,,,,,,,,,,,,,,,,,,,,,,
794,557,70,418,,,,,,,,,,,,,,,,,,,,,,,,,,,,
795,558,53,279,,,,,,,,,,,,,,,,,,,,,,,,,,,,
796,559,51,482,,,,,,,,,,,,,,,,,,,,,,,,,,,,
797,560,54,282,,,,,,,,,,,,,,,,,,,,,,,,,,,,
798,561,62,274,,,,,,,,,,,,,,,,,,,,,,,,,,,,
799,562,62,419,,,,,,,,,,,,,,,,,,,,,,,,,,,,
800,563,58,320,,,,,,,,,,,,,,,,,,,,,,,,,,,,
801,564,57,280,,,,,,,,,,,,,,,,,,,,,,,,,,,,
802,565,52,379,,,,,,,,,,,,,,,,,,,,,,,,,,,,
803,566,58,435,,,,,,,,,,,,,,,,,,,,,,,,,,,,
804,567,68,297,,,,,,,,,,,,,,,,,,,,,,,,,,,,
805,568,62,453,,,,,,,,,,,,,,,,,,,,,,,,,,,,
806,569,71,390,,,,,,,,,,,,,,,,,,,,,,,,,,,,
807,570,64,454,,,,,,,,,,,,,,,,,,,,,,,,,,,,
808,571,53,484,,,,,,,,,,,,,,,,,,,,,,,,,,,,
809,572,64,286,,,,,,,,,,,,,,,,,,,,,,,,,,,,
810,573,63,296,,,,,,,,,,,,,,,,,,,,,,,,,,,,
811,574,61,406,,,,,,,,,,,,,,,,,,,,,,,,,,,,
812,575,52,376,,,,,,,,,,,,,,,,,,,,,,,,,,,,
813,576,57,242,,,,,,,,,,,,,,,,,,,,,,,,,,,,
814,577,54,415,,,,,,,,,,,,,,,,,,,,,,,,,,,,
815,578,69,413,,,,,,,,,,,,,,,,,,,,,,,,,,,,
816,579,51,371,,,,,,,,,,,,,,,,,,,,,,,,,,,,
817,580,61,401,,,,,,,,,,,,,,,,,,,,,,,,,,,,
818,581,60,428,,,,,,,,,,,,,,,,,,,,,,,,,,,,
819,582,65,256,,,,,,,,,,,,,,,,,,,,,,,,,,,,
820,583,55,416,,,,,,,,,,,,,,,,,,,,,,,,,,,,
821,584,69,393,,,,,,,,,,,,,,,,,,,,,,,,,,,,
822,585,54,302,,,,,,,,,,,,,,,,,,,,,,,,,,,,
823,586,56,325,,,,,,,,,,,,,,,,,,,,,,,,,,,,
824,587,57,309,,,,,,,,,,,,,,,,,,,,,,,,,,,,
825,588,53,389,,,,,,,,,,,,,,,,,,,,,,,,,,,,
826,589,62,306,,,,,,,,,,,,,,,,,,,,,,,,,,,,
827,590,53,237,,,,,,,,,,,,,,,,,,,,,,,,,,,,
828,591,69,398,,,,,,,,,,,,,,,,,,,,,,,,,,,,
829,592,54,356,,,,,,,,,,,,,,,,,,,,,,,,,,,,
830,593,56,296,,,,,,,,,,,,,,,,,,,,,,,,,,,,
831,594,64,246,,,,,,,,,,,,,,,,,,,,,,,,,,,,
832,595,59,458,,,,,,,,,,,,,,,,,,,,,,,,,,,,
833,596,68,332,,,,,,,,,,,,,,,,,,,,,,,,,,,,
834,597,53,496,,,,,,,,,,,,,,,,,,,,,,,,,,,,
835,598,58,319,,,,,,,,,,,,,,,,,,,,,,,,,,,,
836,599,56,358,,,,,,,,,,,,,,,,,,,,,,,,,,,,
837,600,51,467,,,,,,,,,,,,,,,,,,,,,,,,,,,,
838,601,59,467,,,,,,,,,,,,,,,,,,,,,,,,,,,,
839,602,61,436,,,,,,,,,,,,,,,,,,,,,,,,,,,,
840,603,57,477,,,,,,,,,,,,,,,,,,,,,,,,,,,,
841,604,67,449,,,,,,,,,,,,,,,,,,,,,,,,,,,,
842,605,63,290,,,,,,,,,,,,,,,,,,,,,,,,,,,,
843,606,53,414,,,,,,,,,,,,,,,,,,,,,,,,,,,,
844,607,59,333,,,,,,,,,,,,,,,,,,,,,,,,,,,,
845,608,67,452,,,,,,,,,,,,,,,,,,,,,,,,,,,,
846,609,63,268,,,,,,,,,,,,,,,,,,,,,,,,,,,,
847,610,69,481,,,,,,,,,,,,,,,,,,,,,,,,,,,,
848,611,52,440,,,,,,,,,,,,,,,,,,,,,,,,,,,,
849,612,55,304,,,,,,,,,,,,,,,,,,,,,,,,,,,,
850,613,61,460,,,,,,,,,,,,,,,,,,,,,,,,,,,,
851,614,56,305,,,,,,,,,,,,,,,,,,,,,,,,,,,,
852,615,71,432,,,,,,,,,,,,,,,,,,,,,,,,,,,,
853,616,58,233,,,,,,,,,,,,,,,,,,,,,,,,,,,,
854,617,56,284,,,,,,,,,,,,,,,,,,,,,,,,,,,,
855,618,65,495,,,,,,,,,,,,,,,,,,,,,,,,,,,,
856,619,53,322,,,,,,,,,,,,,,,,,,,,,,,,,,,,
857,620,55,316,,,,,,,,,,,,,,,,,,,,,,,,,,,,
858,621,61,443,,,,,,,,,,,,,,,,,,,,,,,,,,,,
859,622,62,257,,,,,,,,,,,,,,,,,,,,,,,,,,,,
860,623,66,248,,,,,,,,,,,,,,,,,,,,,,,,,,,,
861,624,71,416,,,,,,,,,,,,,,,,,,,,,,,,,,,,
862,625,55,367,,,,,,,,,,,,,,,,,,,,,,,,,,,,
863,626,67,236,,,,,,,,,,,,,,,,,,,,,,,,,,,,
864,627,64,244,,,,,,,,,,,,,,,,,,,,,,,,,,,,
865,628,67,387,,,,,,,,,,,,,,,,,,,,,,,,,,,,
866,629,65,270,,,,,,,,,,,,,,,,,,,,,,,,,,,,
867,630,57,340,,,,,,,,,,,,,,,,,,,,,,,,,,,,
868,631,64,352,,,,,,,,,,,,,,,,,,,,,,,,,,,,
869,632,69,448,,,,,,,,,,,,,,,,,,,,,,,,,,,,
870,633,70,234,,,,,,,,,,,,,,,,,,,,,,,,,,,,
871,634,59,266,,,,,,,,,,,,,,,,,,,,,,,,,,,,
872,635,66,446,,,,,,,,,,,,,,,,,,,,,,,,,,,,
873,636,65,277,,,,,,,,,,,,,,,,,,,,,,,,,,,,
874,637,71,363,,,,,,,,,,,,,,,,,,,,,,,,,,,,
875,638,60,296,,,,,,,,,,,,,,,,,,,,,,,,,,,,
876,639,56,232,,,,,,,,,,,,,,,,,,,,,,,,,,,,
877,640,63,321,,,,,,,,,,,,,,,,,,,,,,,,,,,,
878,641,69,375,,,,,,,,,,,,,,,,,,,,,,,,,,,,
879,642,53,337,,,,,,,,,,,,,,,,,,,,,,,,,,,,
880,643,71,293,,,,,,,,,,,,,,,,,,,,,,,,,,,,
881,644,60,266,,,,,,,,,,,,,,,,,,,,,,,,,,,,
882,645,60,240,,,,,,,,,,,,,,,,,,,,,,,,,,,,
883,646,57,484,,,,,,,,,,,,,,,,,,,,,,,,,,,,
884,647,52,431,,,,,,,,,,,,,,,,,,,,,,,,,,,,
885,648,65,216,,,,,,,,,,,,,,,,,,,,,,,,,,,,
886,649,70,419,,,,,,,,,,,,,,,,,,,,,,,,,,,,
887,650,55,401,,,,,,,,,,,,,,,,,,,,,,,,,,,,
888,651,65,446,,,,,,,,,,,,,,,,,,,,,,,,,,,,
889,652,71,324,,,,,,,,,,,,,,,,,,,,,,,,,,,,
890,653,68,371,,,,,,,,,,,,,,,,,,,,,,,,,,,,
891,654,52,245,,,,,,,,,,,,,,,,,,,,,,,,,,,,
892,655,64,361,,,,,,,,,,,,,,,,,,,,,,,,,,,,
893,656,58,389,,,,,,,,,,,,,,,,,,,,,,,,,,,,
894,657,63,476,,,,,,,,,,,,,,,,,,,,,,,,,,,,
895,658,63,241,,,,,,,,,,,,,,,,,,,,,,,,,,,,
896,659,58,337,,,,,,,,,,,,,,,,,,,,,,,,,,,,
897,660,68,398,,,,,,,,,,,,,,,,,,,,,,,,,,,,
898,661,64,282,,,,,,,,,,,,,,,,,,,,,,,,,,,,
899,662,66,397,,,,,,,,,,,,,,,,,,,,,,,,,,,,
900,663,61,431,,,,,,,,,,,,,,,,,,,,,,,,,,,,
901,664,53,281,,,,,,,,,,,,,,,,,,,,,,,,,,,,
902,665,68,340,,,,,,,,,,,,,,,,,,,,,,,,,,,,
903,666,58,368,,,,,,,,,,,,,,,,,,,,,,,,,,,,
904,667,68,484,,,,,,,,,,,,,,,,,,,,,,,,,,,,
905,668,65,231,,,,,,,,,,,,,,,,,,,,,,,,,,,,
906,669,63,425,,,,,,,,,,,,,,,,,,,,,,,,,,,,
907,670,63,342,,,,,,,,,,,,,,,,,,,,,,,,,,,,
908,671,54,309,,,,,,,,,,,,,,,,,,,,,,,,,,,,
909,672,61,480,,,,,,,,,,,,,,,,,,,,,,,,,,,,
910,673,66,414,,,,,,,,,,,,,,,,,,,,,,,,,,,,
911,674,58,265,,,,,,,,,,,,,,,,,,,,,,,,,,,,
912,675,54,389,,,,,,,,,,,,,,,,,,,,,,,,,,,,
913,676,64,361,,,,,,,,,,,,,,,,,,,,,,,,,,,,
914,677,69,384,,,,,,,,,,,,,,,,,,,,,,,,,,,,
915,678,51,348,,,,,,,,,,,,,,,,,,,,,,,,,,,,
916,679,52,312,,,,,,,,,,,,,,,,,,,,,,,,,,,,
917,680,69,238,,,,,,,,,,,,,,,,,,,,,,,,,,,,
918,681,59,459,,,,,,,,,,,,,,,,,,,,,,,,,,,,
919,682,57,278,,,,,,,,,,,,,,,,,,,,,,,,,,,,
920,683,54,446,,,,,,,,,,,,,,,,,,,,,,,,,,,,
921,684,67,403,,,,,,,,,,,,,,,,,,,,,,,,,,,,
922,685,56,361,,,,,,,,,,,,,,,,,,,,,,,,,,,,
923,686,61,392,,,,,,,,,,,,,,,,,,,,,,,,,,,,
924,687,68,323,,,,,,,,,,,,,,,,,,,,,,,,,,,,
925,688,60,301,,,,,,,,,,,,,,,,,,,,,,,,,,,,
926,689,66,446,,,,,,,,,,,,,,,,,,,,,,,,,,,,
927,690,69,445,,,,,,,,,,,,,,,,,,,,,,,,,,,,
928,691,59,488,,,,,,,,,,,,,,,,,,,,,,,,,,,,
929,692,51,273,,,,,,,,,,,,,,,,,,,,,,,,,,,,
930,693,67,453,,,,,,,,,,,,,,,,,,,,,,,,,,,,
931,694,64,281,,,,,,,,,,,,,,,,,,,,,,,,,,,,
932,695,70,272,,,,,,,,,,,,,,,,,,,,,,,,,,,,
933,696,71,283,,,,,,,,,,,,,,,,,,,,,,,,,,,,
934,697,68,360,,,,,,,,,,,,,,,,,,,,,,,,,,,,
935,698,51,310,,,,,,,,,,,,,,,,,,,,,,,,,,,,
936,699,51,299,,,,,,,,,,,,,,,,,,,,,,,,,,,,
937,700,66,481,,,,,,,,,,,,,,,,,,,,,,,,,,,,
938,701,70,410,,,,,,,,,,,,,,,,,,,,,,,,,,,,
939,702,70,407,,,,,,,,,,,,,,,,,,,,,,,,,,,,
940,703,53,222,,,,,,,,,,,,,,,,,,,,,,,,,,,,
941,704,65,361,,,,,,,,,,,,,,,,,,,,,,,,,,,,
942,705,53,420,,,,,,,,,,,,,,,,,,,,,,,,,,,,
943,706,66,290,,,,,,,,,,,,,,,,,,,,,,,,,,,,
944,707,60,236,,,,,,,,,,,,,,,,,,,,,,,,,,,,
945,708,64,347,,,,,,,,,,,,,,,,,,,,,,,,,,,,
946,709,67,239,,,,,,,,,,,,,,,,,,,,,,,,,,,,
947,710,60,310,,,,,,,,,,,,,,,,,,,,,,,,,,,,
948,711,54,374,,,,,,,,,,,,,,,,,,,,,,,,,,,,
949,712,66,228,,,,,,,,,,,,,,,,,,,,,,,,,,,,
950,713,62,293,,,,,,,,,,,,,,,,,,,,,,,,,,,,
951,714,67,309,,,,,,,,,,,,,,,,,,,,,,,,,,,,
952,715,58,249,,,,,,,,,,,,,,,,,,,,,,,,,,,,
953,716,56,336,,,,,,,,,,,,,,,,,,,,,,,,,,,,
954,717,52,491,,,,,,,,,,,,,,,,,,,,,,,,,,,,
955,718,69,424,,,,,,,,,,,,,,,,,,,,,,,,,,,,
956,719,51,321,,,,,,,,,,,,,,,,,,,,,,,,,,,,
957,720,53,433,,,,,,,,,,,,,,,,,,,,,,,,,,,,
958,721,54,253,,,,,,,,,,,,,,,,,,,,,,,,,,,,
959,722,52,272,,,,,,,,,,,,,,,,,,,,,,,,,,,,
960,723,60,421,,,,,,,,,,,,,,,,,,,,,,,,,,,,
961,724,67,437,,,,,,,,,,,,,,,,,,,,,,,,,,,,
962,725,68,376,,,,,,,,,,,,,,,,,,,,,,,,,,,,
963,726,62,486,,,,,,,,,,,,,,,,,,,,,,,,,,,,
964,727,69,336,,,,,,,,,,,,,,,,,,,,,,,,,,,,
965,728,67,316,,,,,,,,,,,,,,,,,,,,,,,,,,,,
966,729,70,467,,,,,,,,,,,,,,,,,,,,,,,,,,,,
967,730,54,450,,,,,,,,,,,,,,,,,,,,,,,,,,,,
968,731,56,313,,,,,,,,,,,,,,,,,,,,,,,,,,,,
969,732,54,219,,,,,,,,,,,,,,,,,,,,,,,,,,,,
970,733,60,308,,,,,,,,,,,,,,,,,,,,,,,,,,,,
971,734,55,352,,,,,,,,,,,,,,,,,,,,,,,,,,,,
972,735,54,481,,,,,,,,,,,,,,,,,,,,,,,,,,,,
973,736,60,339,,,,,,,,,,,,,,,,,,,,,,,,,,,,
974,737,71,406,,,,,,,,,,,,,,,,,,,,,,,,,,,,
975,738,54,223,,,,,,,,,,,,,,,,,,,,,,,,,,,,
976,739,60,369,,,,,,,,,,,,,,,,,,,,,,,,,,,,
977,740,63,445,,,,,,,,,,,,,,,,,,,,,,,,,,,,
978,741,61,497,,,,,,,,,,,,,,,,,,,,,,,,,,,,
979,742,61,440,,,,,,,,,,,,,,,,,,,,,,,,,,,,
980,743,63,304,,,,,,,,,,,,,,,,,,,,,,,,,,,,
981,744,62,393,,,,,,,,,,,,,,,,,,,,,,,,,,,,
982,745,55,370,,,,,,,,,,,,,,,,,,,,,,,,,,,,
983,746,67,256,,,,,,,,,,,,,,,,,,,,,,,,,,,,
984,747,55,295,,,,,,,,,,,,,,,,,,,,,,,,,,,,
985,748,61,449,,,,,,,,,,,,,,,,,,,,,,,,,,,,
986,749,71,236,,,,,,,,,,,,,,,,,,,,,,,,,,,,
987,750,66,251,,,,,,,,,,,,,,,,,,,,,,,,,,,,
988,751,61,304,,,,,,,,,,,,,,,,,,,,,,,,,,,,
989,752,63,475,,,,,,,,,,,,,,,,,,,,,,,,,,,,
990,753,53,241,,,,,,,,,,,,,,,,,,,,,,,,,,,,
991,754,71,270,,,,,,,,,,,,,,,,,,,,,,,,,,,,
992,755,56,426,,,,,,,,,,,,,,,,,,,,,,,,,,,,
993,756,69,330,,,,,,,,,,,,,,,,,,,,,,,,,,,,
994,757,57,312,,,,,,,,,,,,,,,,,,,,,,,,,,,,
995,758,58,291,,,,,,,,,,,,,,,,,,,,,,,,,,,,
996,759,69,320,,,,,,,,,,,,,,,,,,,,,,,,,,,,
997,760,59,255,,,,,,,,,,,,,,,,,,,,,,,,,,,,
998,761,67,384,,,,,,,,,,,,,,,,,,,,,,,,,,,,
999,762,56,397,,,,,,,,,,,,,,,,,,,,,,,,,,,,
1000,763,53,298,,,,,,,,,,,,,,,,,,,,,,,,,,,,
1001,764,55,414,,,,,,,,,,,,,,,,,,,,,,,,,,,,
1002,765,54,315,,,,,,,,,,,,,,,,,,,,,,,,,,,,
1003,766,52,326,,,,,,,,,,,,,,,,,,,,,,,,,,,,
1004,767,67,347,,,,,,,,,,,,,,,,,,,,,,,,,,,,
1005,768,57,263,,,,,,,,,,,,,,,,,,,,,,,,,,,,
1006,769,59,379,,,,,,,,,,,,,,,,,,,,,,,,,,,,
1007,770,64,359,,,,,,,,,,,,,,,,,,,,,,,,,,,,
1008,771,58,319,,,,,,,,,,,,,,,,,,,,,,,,,,,,
1009,772,58,345,,,,,,,,,,,,,,,,,,,,,,,,,,,,
1010,773,64,325,,,,,,,,,,,,,,,,,,,,,,,,,,,,
1011,774,68,469,,,,,,,,,,,,,,,,,,,,,,,,,,,,
1012,775,70,283,,,,,,,,,,,,,,,,,,,,,,,,,,,,
1013,776,71,388,,,,,,,,,,,,,,,,,,,,,,,,,,,,
1014,777,64,387,,,,,,,,,,,,,,,,,,,,,,,,,,,,
1015,778,58,477,,,,,,,,,,,,,,,,,,,,,,,,,,,,
1016,779,51,489,,,,,,,,,,,,,,,,,,,,,,,,,,,,
1017,780,67,454,,,,,,,,,,,,,,,,,,,,,,,,,,,,
1018,781,69,293,,,,,,,,,,,,,,,,,,,,,,,,,,,,
1019,782,51,473,,,,,,,,,,,,,,,,,,,,,,,,,,,,
1020,783,65,357,,,,,,,,,,,,,,,,,,,,,,,,,,,,
1021,784,63,451,,,,,,,,,,,,,,,,,,,,,,,,,,,,
1022,785,51,264,,,,,,,,,,,,,,,,,,,,,,,,,,,,
1023,786,69,295,,,,,,,,,,,,,,,,,,,,,,,,,,,,
1024,787,65,476,,,,,,,,,,,,,,,,,,,,,,,,,,,,
1025,788,67,328,,,,,,,,,,,,,,,,,,,,,,,,,,,,
1026,789,55,451,,,,,,,,,,,,,,,,,,,,,,,,,,,,
1027,790,71,431,,,,,,,,,,,,,,,,,,,,,,,,,,,,
1028,791,60,305,,,,,,,,,,,,,,,,,,,,,,,,,,,,
1029,792,66,478,,,,,,,,,,,,,,,,,,,,,,,,,,,,
1030,793,59,342,,,,,,,,,,,,,,,,,,,,,,,,,,,,
1031,794,66,270,,,,,,,,,,,,,,,,,,,,,,,,,,,,
1032,795,53,323,,,,,,,,,,,,,,,,,,,,,,,,,,,,
1033,796,54,338,,,,,,,,,,,,,,,,,,,,,,,,,,,,
1034,797,67,450,,,,,,,,,,,,,,,,,,,,,,,,,,,,
1035,798,63,234,,,,,,,,,,,,,,,,,,,,,,,,,,,,
1036,799,57,348,,,,,,,,,,,,,,,,,,,,,,,,,,,,
1037,800,67,259,,,,,,,,,,,,,,,,,,,,,,,,,,,,
1038,801,67,223,,,,,,,,,,,,,,,,,,,,,,,,,,,,
1039,802,68,434,,,,,,,,,,,,,,,,,,,,,,,,,,,,
1040,803,58,409,,,,,,,,,,,,,,,,,,,,,,,,,,,,
1041,804,69,426,,,,,,,,,,,,,,,,,,,,,,,,,,,,
1042,805,67,491,,,,,,,,,,,,,,,,,,,,,,,,,,,,
1043,806,65,272,,,,,,,,,,,,,,,,,,,,,,,,,,,,
1044,807,71,218,,,,,,,,,,,,,,,,,,,,,,,,,,,,
1045,808,59,378,,,,,,,,,,,,,,,,,,,,,,,,,,,,
1046,809,61,247,,,,,,,,,,,,,,,,,,,,,,,,,,,,
1047,810,61,284,,,,,,,,,,,,,,,,,,,,,,,,,,,,
1048,811,67,333,,,,,,,,,,,,,,,,,,,,,,,,,,,,
1049,812,66,405,,,,,,,,,,,,,,,,,,,,,,,,,,,,
1050,813,51,342,,,,,,,,,,,,,,,,,,,,,,,,,,,,
1051,814,61,468,,,,,,,,,,,,,,,,,,,,,,,,,,,,
1052,815,57,424,,,,,,,,,,,,,,,,,,,,,,,,,,,,
1053,816,52,431,,,,,,,,,,,,,,,,,,,,,,,,,,,,
1054,817,52,452,,,,,,,,,,,,,,,,,,,,,,,,,,,,
1055,818,71,331,,,,,,,,,,,,,,,,,,,,,,,,,,,,
1056,819,60,498,,,,,,,,,,,,,,,,,,,,,,,,,,,,
1057,820,62,417,,,,,,,,,,,,,,,,,,,,,,,,,,,,
1058,821,62,499,,,,,,,,,,,,,,,,,,,,,,,,,,,,
1059,822,59,253,,,,,,,,,,,,,,,,,,,,,,,,,,,,
1060,823,65,484,,,,,,,,,,,,,,,,,,,,,,,,,,,,
1061,824,60,441,,,,,,,,,,,,,,,,,,,,,,,,,,,,
1062,825,59,228,,,,,,,,,,,,,,,,,,,,,,,,,,,,
1063,826,62,277,,,,,,,,,,,,,,,,,,,,,,,,,,,,
1064,827,70,365,,,,,,,,,,,,,,,,,,,,,,,,,,,,
1065,828,59,318,,,,,,,,,,,,,,,,,,,,,,,,,,,,
1066,829,57,265,,,,,,,,,,,,,,,,,,,,,,,,,,,,
1067,830,66,477,,,,,,,,,,,,,,,,,,,,,,,,,,,,
1068,831,55,218,,,,,,,,,,,,,,,,,,,,,,,,,,,,
1069,832,60,234,,,,,,,,,,,,,,,,,,,,,,,,,,,,
1070,833,69,483,,,,,,,,,,,,,,,,,,,,,,,,,,,,
1071,834,54,256,,,,,,,,,,,,,,,,,,,,,,,,,,,,
1072,835,51,499,,,,,,,,,,,,,,,,,,,,,,,,,,,,
1073,836,53,365,,,,,,,,,,,,,,,,,,,,,,,,,,,,
1074,837,62,444,,,,,,,,,,,,,,,,,,,,,,,,,,,,
1075,838,65,434,,,,,,,,,,,,,,,,,,,,,,,,,,,,
1076,839,51,383,,,,,,,,,,,,,,,,,,,,,,,,,,,,
1077,840,71,240,,,,,,,,,,,,,,,,,,,,,,,,,,,,
1078,841,71,410,,,,,,,,,,,,,,,,,,,,,,,,,,,,
1079,842,60,286,,,,,,,,,,,,,,,,,,,,,,,,,,,,
1080,843,54,456,,,,,,,,,,,,,,,,,,,,,,,,,,,,
1081,844,67,366,,,,,,,,,,,,,,,,,,,,,,,,,,,,
1082,845,60,391,,,,,,,,,,,,,,,,,,,,,,,,,,,,
1083,846,53,299,,,,,,,,,,,,,,,,,,,,,,,,,,,,
1084,847,56,397,,,,,,,,,,,,,,,,,,,,,,,,,,,,
1085,848,61,367,,,,,,,,,,,,,,,,,,,,,,,,,,,,
1086,849,62,307,,,,,,,,,,,,,,,,,,,,,,,,,,,,
1087,850,55,427,,,,,,,,,,,,,,,,,,,,,,,,,,,,
1088,851,67,303,,,,,,,,,,,,,,,,,,,,,,,,,,,,
1089,852,66,337,,,,,,,,,,,,,,,,,,,,,,,,,,,,
1090,853,70,222,,,,,,,,,,,,,,,,,,,,,,,,,,,,
1091,854,64,257,,,,,,,,,,,,,,,,,,,,,,,,,,,,
1092,855,68,392,,,,,,,,,,,,,,,,,,,,,,,,,,,,
1093,856,58,419,,,,,,,,,,,,,,,,,,,,,,,,,,,,
1094,857,55,400,,,,,,,,,,,,,,,,,,,,,,,,,,,,
1095,858,70,363,,,,,,,,,,,,,,,,,,,,,,,,,,,,
1096,859,62,270,,,,,,,,,,,,,,,,,,,,,,,,,,,,
1097,860,69,231,,,,,,,,,,,,,,,,,,,,,,,,,,,,
1098,861,53,390,,,,,,,,,,,,,,,,,,,,,,,,,,,,
1099,862,65,334,,,,,,,,,,,,,,,,,,,,,,,,,,,,
1100,863,69,444,,,,,,,,,,,,,,,,,,,,,,,,,,,,
1101,864,56,477,,,,,,,,,,,,,,,,,,,,,,,,,,,,
1102,865,57,261,,,,,,,,,,,,,,,,,,,,,,,,,,,,
1103,866,55,415,,,,,,,,,,,,,,,,,,,,,,,,,,,,
1104,867,58,283,,,,,,,,,,,,,,,,,,,,,,,,,,,,
1105,868,57,408,,,,,,,,,,,,,,,,,,,,,,,,,,,,
1106,869,70,225,,,,,,,,,,,,,,,,,,,,,,,,,,,,
1107,870,57,260,,,,,,,,,,,,,,,,,,,,,,,,,,,,
1108,871,54,402,,,,,,,,,,,,,,,,,,,,,,,,,,,,
1109,872,65,449,,,,,,,,,,,,,,,,,,,,,,,,,,,,
1110,873,56,326,,,,,,,,,,,,,,,,,,,,,,,,,,,,
1111,874,53,388,,,,,,,,,,,,,,,,,,,,,,,,,,,,
1112,875,65,498,,,,,,,,,,,,,,,,,,,,,,,,,,,,
1113,876,71,318,,,,,,,,,,,,,,,,,,,,,,,,,,,,
1114,877,60,265,,,,,,,,,,,,,,,,,,,,,,,,,,,,
1115,878,63,266,,,,,,,,,,,,,,,,,,,,,,,,,,,,
1116,879,63,312,,,,,,,,,,,,,,,,,,,,,,,,,,,,
1117,880,62,257,,,,,,,,,,,,,,,,,,,,,,,,,,,,
1118,881,66,427,,,,,,,,,,,,,,,,,,,,,,,,,,,,
1119,882,68,406,,,,,,,,,,,,,,,,,,,,,,,,,,,,
1120,883,59,396,,,,,,,,,,,,,,,,,,,,,,,,,,,,
1121,884,58,486,,,,,,,,,,,,,,,,,,,,,,,,,,,,
1122,885,58,287,,,,,,,,,,,,,,,,,,,,,,,,,,,,
1123,886,63,362,,,,,,,,,,,,,,,,,,,,,,,,,,,,
1124,887,69,423,,,,,,,,,,,,,,,,,,,,,,,,,,,,
1125,888,69,351,,,,,,,,,,,,,,,,,,,,,,,,,,,,
1126,889,70,468,,,,,,,,,,,,,,,,,,,,,,,,,,,,
1127,890,53,358,,,,,,,,,,,,,,,,,,,,,,,,,,,,
1128,891,65,405,,,,,,,,,,,,,,,,,,,,,,,,,,,,
1129,892,55,302,,,,,,,,,,,,,,,,,,,,,,,,,,,,
1130,893,54,459,,,,,,,,,,,,,,,,,,,,,,,,,,,,
1131,894,56,266,,,,,,,,,,,,,,,,,,,,,,,,,,,,
1132,895,64,246,,,,,,,,,,,,,,,,,,,,,,,,,,,,
1133,896,52,382,,,,,,,,,,,,,,,,,,,,,,,,,,,,
1134,897,61,258,,,,,,,,,,,,,,,,,,,,,,,,,,,,
1135,898,59,340,,,,,,,,,,,,,,,,,,,,,,,,,,,,
1136,899,67,223,,,,,,,,,,,,,,,,,,,,,,,,,,,,
1137,900,59,398,,,,,,,,,,,,,,,,,,,,,,,,,,,,
1138,901,51,259,,,,,,,,,,,,,,,,,,,,,,,,,,,,
1139,902,56,344,,,,,,,,,,,,,,,,,,,,,,,,,,,,
1140,903,59,349,,,,,,,,,,,,,,,,,,,,,,,,,,,,
1141,904,60,417,,,,,,,,,,,,,,,,,,,,,,,,,,,,
1142,905,57,253,,,,,,,,,,,,,,,,,,,,,,,,,,,,
1143,906,56,420,,,,,,,,,,,,,,,,,,,,,,,,,,,,
1144,907,55,225,,,,,,,,,,,,,,,,,,,,,,,,,,,,
1145,908,60,241,,,,,,,,,,,,,,,,,,,,,,,,,,,,
1146,909,62,371,,,,,,,,,,,,,,,,,,,,,,,,,,,,
1147,910,61,372,,,,,,,,,,,,,,,,,,,,,,,,,,,,
1148,911,58,264,,,,,,,,,,,,,,,,,,,,,,,,,,,,
1149,912,57,285,,,,,,,,,,,,,,,,,,,,,,,,,,,,
1150,913,54,216,,,,,,,,,,,,,,,,,,,,,,,,,,,,
1151,914,51,426,,,,,,,,,,,,,,,,,,,,,,,,,,,,
1152,915,57,340,,,,,,,,,,,,,,,,,,,,,,,,,,,,
1153,916,65,468,,,,,,,,,,,,,,,,,,,,,,,,,,,,
1154,917,60,357,,,,,,,,,,,,,,,,,,,,,,,,,,,,
1155,918,60,369,,,,,,,,,,,,,,,,,,,,,,,,,,,,
1156,919,59,432,,,,,,,,,,,,,,,,,,,,,,,,,,,,
1157,920,70,416,,,,,,,,,,,,,,,,,,,,,,,,,,,,
1158,921,59,374,,,,,,,,,,,,,,,,,,,,,,,,,,,,
1159,922,69,355,,,,,,,,,,,,,,,,,,,,,,,,,,,,
1160,923,68,315,,,,,,,,,,,,,,,,,,,,,,,,,,,,
1161,924,59,346,,,,,,,,,,,,,,,,,,,,,,,,,,,,
1162,925,65,304,,,,,,,,,,,,,,,,,,,,,,,,,,,,
1163,926,70,289,,,,,,,,,,,,,,,,,,,,,,,,,,,,
1164,927,62,461,,,,,,,,,,,,,,,,,,,,,,,,,,,,
1165,928,56,460,,,,,,,,,,,,,,,,,,,,,,,,,,,,
1166,929,68,216,,,,,,,,,,,,,,,,,,,,,,,,,,,,
1167,930,56,328,,,,,,,,,,,,,,,,,,,,,,,,,,,,
1168,931,60,422,,,,,,,,,,,,,,,,,,,,,,,,,,,,
1169,932,59,461,,,,,,,,,,,,,,,,,,,,,,,,,,,,
1170,933,60,324,,,,,,,,,,,,,,,,,,,,,,,,,,,,
1171,934,56,415,,,,,,,,,,,,,,,,,,,,,,,,,,,,
1172,935,62,476,,,,,,,,,,,,,,,,,,,,,,,,,,,,
1173,936,65,435,,,,,,,,,,,,,,,,,,,,,,,,,,,,
1174,937,64,440,,,,,,,,,,,,,,,,,,,,,,,,,,,,
1175,938,54,448,,,,,,,,,,,,,,,,,,,,,,,,,,,,
1176,939,57,452,,,,,,,,,,,,,,,,,,,,,,,,,,,,
1177,940,59,453,,,,,,,,,,,,,,,,,,,,,,,,,,,,
1178,941,63,374,,,,,,,,,,,,,,,,,,,,,,,,,,,,
1179,942,51,219,,,,,,,,,,,,,,,,,,,,,,,,,,,,
1180,943,62,332,,,,,,,,,,,,,,,,,,,,,,,,,,,,
1181,944,58,390,,,,,,,,,,,,,,,,,,,,,,,,,,,,
1182,945,55,388,,,,,,,,,,,,,,,,,,,,,,,,,,,,
1183,946,65,332,,,,,,,,,,,,,,,,,,,,,,,,,,,,
1184,947,61,361,,,,,,,,,,,,,,,,,,,,,,,,,,,,
1185,948,56,404,,,,,,,,,,,,,,,,,,,,,,,,,,,,
1186,949,54,219,,,,,,,,,,,,,,,,,,,,,,,,,,,,
1187,950,51,347,,,,,,,,,,,,,,,,,,,,,,,,,,,,
1188,951,53,411,,,,,,,,,,,,,,,,,,,,,,,,,,,,
1189,952,69,438,,,,,,,,,,,,,,,,,,,,,,,,,,,,
1190,953,64,253,,,,,,,,,,,,,,,,,,,,,,,,,,,,
1191,954,64,428,,,,,,,,,,,,,,,,,,,,,,,,,,,,
1192,955,65,345,,,,,,,,,,,,,,,,,,,,,,,,,,,,
1193,956,62,216,,,,,,,,,,,,,,,,,,,,,,,,,,,,
1194,957,63,339,,,,,,,,,,,,,,,,,,,,,,,,,,,,
1195,958,67,471,,,,,,,,,,,,,,,,,,,,,,,,,,,,
1196,959,65,320,,,,,,,,,,,,,,,,,,,,,,,,,,,,
1197,960,57,230,,,,,,,,,,,,,,,,,,,,,,,,,,,,
1198,961,51,396,,,,,,,,,,,,,,,,,,,,,,,,,,,,
1199,962,60,490,,,,,,,,,,,,,,,,,,,,,,,,,,,,
1200,963,55,290,,,,,,,,,,,,,,,,,,,,,,,,,,,,
1201,964,56,251,,,,,,,,,,,,,,,,,,,,,,,,,,,,
1202,965,62,358,,,,,,,,,,,,,,,,,,,,,,,,,,,,
1203,966,64,294,,,,,,,,,,,,,,,,,,,,,,,,,,,,
1204,967,67,483,,,,,,,,,,,,,,,,,,,,,,,,,,,,
1205,968,66,480,,,,,,,,,,,,,,,,,,,,,,,,,,,,
1206,969,64,289,,,,,,,,,,,,,,,,,,,,,,,,,,,,
1207,970,58,328,,,,,,,,,,,,,,,,,,,,,,,,,,,,
1208,971,67,387,,,,,,,,,,,,,,,,,,,,,,,,,,,,
1209,972,70,435,,,,,,,,,,,,,,,,,,,,,,,,,,,,
1210,973,51,415,,,,,,,,,,,,,,,,,,,,,,,,,,,,
1211,974,67,231,,,,,,,,,,,,,,,,,,,,,,,,,,,,
1212,975,66,316,,,,,,,,,,,,,,,,,,,,,,,,,,,,
1213,976,71,445,,,,,,,,,,,,,,,,,,,,,,,,,,,,
1214,977,65,493,,,,,,,,,,,,,,,,,,,,,,,,,,,,
1215,978,60,349,,,,,,,,,,,,,,,,,,,,,,,,,,,,
1216,979,55,479,,,,,,,,,,,,,,,,,,,,,,,,,,,,
1217,980,63,320,,,,,,,,,,,,,,,,,,,,,,,,,,,,
1218,981,69,356,,,,,,,,,,,,,,,,,,,,,,,,,,,,
1219,982,55,270,,,,,,,,,,,,,,,,,,,,,,,,,,,,
1220,983,68,297,,,,,,,,,,,,,,,,,,,,,,,,,,,,
1221,984,55,404,,,,,,,,,,,,,,,,,,,,,,,,,,,,
1222,985,65,459,,,,,,,,,,,,,,,,,,,,,,,,,,,,
1223,986,55,335,,,,,,,,,,,,,,,,,,,,,,,,,,,,
1224,987,71,481,,,,,,,,,,,,,,,,,,,,,,,,,,,,
1225,988,56,338,,,,,,,,,,,,,,,,,,,,,,,,,,,,
1226,989,66,415,,,,,,,,,,,,,,,,,,,,,,,,,,,,
1227,990,70,360,,,,,,,,,,,,,,,,,,,,,,,,,,,,
1228,991,60,278,,,,,,,,,,,,,,,,,,,,,,,,,,,,
1229,992,59,266,,,,,,,,,,,,,,,,,,,,,,,,,,,,
1230,993,62,454,,,,,,,,,,,,,,,,,,,,,,,,,,,,
1231,994,63,452,,,,,,,,,,,,,,,,,,,,,,,,,,,,
1232,995,61,288,,,,,,,,,,,,,,,,,,,,,,,,,,,,
1233,996,65,426,,,,,,,,,,,,,,,,,,,,,,,,,,,,
1234,997,65,217,,,,,,,,,,,,,,,,,,,,,,,,,,,,
1235,998,62,299,,,,,,,,,,,,,,,,,,,,,,,,,,,,
1236,999,59,420,,,,,,,,,,,,,,,,,,,,,,,,,,,,
1237,1000,71,430,,,,,,,,,,,,,,,,,,,,,,,,,,,,
