,n,8,Unnamed: 2,Unnamed: 3,Unnamed: 4,Unnamed: 5,Unnamed: 6,Unnamed: 7,Unnamed: 8,Unnamed: 9,Unnamed: 10
0,L,2,,,,,,,,,
1,C,2,,,,,,,,,
2,m,7,,,,,,,,,
3,op4,27,,,,,,,,,
4,N_Cmax,85,,,,,,,,,
5,N_TT,188,,,,,,,,,
6,I_Cmax,31,,,,,,,,,
7,I_TT,0,,,,,,,,,
8,MaxFES,6500,,,,,,,,,
9,,,,,,,,,,,
10,,,,1.0,1.0,1.0,2.0,2.0,2.0,2.0,Cell
11,,,,1.0,2.0,2.0,3.0,3.0,4.0,6.0,Machine
12,Part Family,Job,Operation no,1.0,1.0,2.0,1.0,2.0,1.0,1.0,Alternative(for machine)
13,1,1,1,4.0,,,,,,,
14,1,1,2,,5.0,5.0,,,,,
15,1,1,3,,,,6.0,6.0,,,
16,1,1,4,,5.0,5.0,,,,,
17,1,2,1,,4.0,4.0,,,,,
18,1,2,2,3.0,,,,,,,
19,1,2,3,,4.0,4.0,,,,,
20,1,5,1,,,,,,3.0,,
21,1,5,2,,2.0,2.0,,,,,
22,1,5,3,6.0,,,,,,,
23,1,5,4,,,,,,3.0,,
24,1,9,1,,5.0,5.0,,,,,
25,1,9,2,4.0,,,,,,,
26,1,9,3,,5.0,5.0,,,,,
27,2,4,1,,,,6.0,6.0,,,
28,2,4,2,,,,,,2.0,,
29,2,4,3,,,,6.0,6.0,,,
30,2,12,1,,,,,,4.0,,
31,2,12,2,,,,,,,5.0,
32,2,12,3,,,,,,4.0,,
33,2,11,1,,,,,,,3.0,
34,2,11,2,,,,5.0,5.0,,,
35,2,11,3,,,,,,,3.0,
36,2,22,1,,,,,,3.0,,
37,2,22,2,,,,8.0,8.0,,,
38,2,22,3,,,,,,3.0,,
39,2,22,4,,,,8.0,8.0,,,
40,,,,,,,,,,,
41,Part Family,Part Family,Setup Time,,,,,,,,
42,1,1,0,,,,,,,,
43,1,2,3,,,,,,,,
44,2,1,4,,,,,,,,
45,2,2,0,,,,,,,,
46,,,,,,,,,,,
47,Cell,Cell,Transportation Time,,,,,,,,
48,1,1,0,,,,,,,,
49,1,2,3,,,,,,,,
50,2,1,4,,,,,,,,
51,2,2,0,,,,,,,,
52,,,,,,,,,,,
53,Job,Due Date,,,,,,,,,
54,1,98,,,,,,,,,
55,2,77,,,,,,,,,
56,5,48,,,,,,,,,
57,9,50,,,,,,,,,
58,4,3,,,,,,,,,
59,12,21,,,,,,,,,
60,11,53,,,,,,,,,
61,22,11,,,,,,,,,
62,,,,,,,,,,,
63,No,Reference_point1,Reference_point2,,,,,,,,
64,1,41,26,,,,,,,,
65,2,50,47,,,,,,,,
66,3,57,36,,,,,,,,
67,4,45,53,,,,,,,,
68,5,35,43,,,,,,,,
69,6,32,30,,,,,,,,
70,7,44,54,,,,,,,,
71,8,58,43,,,,,,,,
72,9,42,42,,,,,,,,
73,10,59,45,,,,,,,,
74,11,69,25,,,,,,,,
75,12,37,35,,,,,,,,
76,13,63,28,,,,,,,,
77,14,63,32,,,,,,,,
78,15,64,51,,,,,,,,
79,16,53,45,,,,,,,,
80,17,59,23,,,,,,,,
81,18,71,48,,,,,,,,
82,19,66,25,,,,,,,,
83,20,52,39,,,,,,,,
84,21,42,54,,,,,,,,
85,22,59,35,,,,,,,,
86,23,48,44,,,,,,,,
87,24,58,38,,,,,,,,
88,25,41,34,,,,,,,,
89,26,52,28,,,,,,,,
90,27,45,45,,,,,,,,
91,28,47,27,,,,,,,,
92,29,69,25,,,,,,,,
93,30,70,38,,,,,,,,
94,31,57,24,,,,,,,,
95,32,35,29,,,,,,,,
96,33,34,32,,,,,,,,
97,34,53,32,,,,,,,,
98,35,71,51,,,,,,,,
99,36,63,30,,,,,,,,
100,37,35,28,,,,,,,,
101,38,48,53,,,,,,,,
102,39,47,47,,,,,,,,
103,40,69,26,,,,,,,,
104,41,51,33,,,,,,,,
105,42,33,38,,,,,,,,
106,43,45,35,,,,,,,,
107,44,46,23,,,,,,,,
108,45,56,49,,,,,,,,
109,46,66,47,,,,,,,,
110,47,34,23,,,,,,,,
111,48,67,30,,,,,,,,
112,49,66,38,,,,,,,,
113,50,43,26,,,,,,,,
114,51,36,34,,,,,,,,
115,52,50,34,,,,,,,,
116,53,53,32,,,,,,,,
117,54,33,28,,,,,,,,
118,55,41,37,,,,,,,,
119,56,61,28,,,,,,,,
120,57,36,50,,,,,,,,
121,58,71,33,,,,,,,,
122,59,71,43,,,,,,,,
123,60,66,45,,,,,,,,
124,61,69,40,,,,,,,,
125,62,59,28,,,,,,,,
126,63,31,23,,,,,,,,
127,64,36,25,,,,,,,,
128,65,43,29,,,,,,,,
129,66,34,52,,,,,,,,
130,67,50,49,,,,,,,,
131,68,71,26,,,,,,,,
132,69,65,45,,,,,,,,
133,70,68,24,,,,,,,,
134,71,44,29,,,,,,,,
135,72,61,28,,,,,,,,
136,73,34,44,,,,,,,,
137,74,57,30,,,,,,,,
138,75,32,41,,,,,,,,
139,76,40,30,,,,,,,,
140,77,56,42,,,,,,,,
141,78,38,41,,,,,,,,
142,79,58,33,,,,,,,,
143,80,45,40,,,,,,,,
144,81,38,54,,,,,,,,
145,82,66,24,,,,,,,,
146,83,45,49,,,,,,,,
147,84,59,32,,,,,,,,
148,85,66,50,,,,,,,,
149,86,50,32,,,,,,,,
150,87,61,48,,,,,,,,
151,88,46,46,,,,,,,,
152,89,63,39,,,,,,,,
153,90,34,33,,,,,,,,
154,91,46,51,,,,,,,,
155,92,32,46,,,,,,,,
156,93,70,50,,,,,,,,
157,94,43,50,,,,,,,,
158,95,57,36,,,,,,,,
159,96,48,40,,,,,,,,
160,97,45,35,,,,,,,,
161,98,67,33,,,,,,,,
162,99,44,44,,,,,,,,
163,100,64,31,,,,,,,,
164,101,71,33,,,,,,,,
165,102,46,27,,,,,,,,
166,103,34,53,,,,,,,,
167,104,50,49,,,,,,,,
168,105,40,37,,,,,,,,
169,106,63,28,,,,,,,,
170,107,40,23,,,,,,,,
171,108,37,31,,,,,,,,
172,109,69,27,,,,,,,,
173,110,35,38,,,,,,,,
174,111,52,49,,,,,,,,
175,112,58,37,,,,,,,,
176,113,48,53,,,,,,,,
177,114,69,34,,,,,,,,
178,115,68,24,,,,,,,,
179,116,47,26,,,,,,,,
180,117,59,49,,,,,,,,
181,118,45,24,,,,,,,,
182,119,51,51,,,,,,,,
183,120,56,23,,,,,,,,
184,121,46,38,,,,,,,,
185,122,57,29,,,,,,,,
186,123,56,31,,,,,,,,
187,124,43,33,,,,,,,,
188,125,40,42,,,,,,,,
189,126,46,28,,,,,,,,
190,127,55,33,,,,,,,,
191,128,61,27,,,,,,,,
192,129,57,53,,,,,,,,
193,130,60,27,,,,,,,,
194,131,31,26,,,,,,,,
195,132,67,28,,,,,,,,
196,133,32,44,,,,,,,,
197,134,51,36,,,,,,,,
198,135,57,25,,,,,,,,
199,136,62,24,,,,,,,,
200,137,52,25,,,,,,,,
201,138,35,24,,,,,,,,
202,139,38,37,,,,,,,,
203,140,64,28,,,,,,,,
204,141,57,42,,,,,,,,
205,142,36,33,,,,,,,,
206,143,58,30,,,,,,,,
207,144,52,34,,,,,,,,
208,145,34,29,,,,,,,,
209,146,47,41,,,,,,,,
210,147,37,38,,,,,,,,
211,148,31,31,,,,,,,,
212,149,54,38,,,,,,,,
213,150,38,53,,,,,,,,
214,151,62,51,,,,,,,,
215,152,58,27,,,,,,,,
216,153,64,33,,,,,,,,
217,154,57,38,,,,,,,,
218,155,39,45,,,,,,,,
219,156,70,29,,,,,,,,
220,157,35,40,,,,,,,,
221,158,52,35,,,,,,,,
222,159,71,41,,,,,,,,
223,160,50,48,,,,,,,,
224,161,37,27,,,,,,,,
225,162,44,37,,,,,,,,
226,163,58,29,,,,,,,,
227,164,67,24,,,,,,,,
228,165,34,50,,,,,,,,
229,166,49,45,,,,,,,,
230,167,42,51,,,,,,,,
231,168,47,47,,,,,,,,
232,169,69,54,,,,,,,,
233,170,51,34,,,,,,,,
234,171,54,23,,,,,,,,
235,172,36,35,,,,,,,,
236,173,40,29,,,,,,,,
237,174,49,42,,,,,,,,
238,175,70,42,,,,,,,,
239,176,42,23,,,,,,,,
240,177,31,35,,,,,,,,
241,178,63,43,,,,,,,,
242,179,53,30,,,,,,,,
243,180,49,43,,,,,,,,
244,181,48,42,,,,,,,,
245,182,47,34,,,,,,,,
246,183,40,32,,,,,,,,
247,184,67,30,,,,,,,,
248,185,37,47,,,,,,,,
249,186,50,54,,,,,,,,
250,187,34,26,,,,,,,,
251,188,39,27,,,,,,,,
252,189,71,52,,,,,,,,
253,190,39,37,,,,,,,,
254,191,61,31,,,,,,,,
255,192,34,38,,,,,,,,
256,193,55,37,,,,,,,,
257,194,58,52,,,,,,,,
258,195,34,47,,,,,,,,
259,196,39,45,,,,,,,,
260,197,52,50,,,,,,,,
261,198,69,54,,,,,,,,
262,199,56,48,,,,,,,,
263,200,37,53,,,,,,,,
264,201,43,30,,,,,,,,
265,202,50,29,,,,,,,,
266,203,36,31,,,,,,,,
267,204,68,51,,,,,,,,
268,205,37,44,,,,,,,,
269,206,57,42,,,,,,,,
270,207,32,54,,,,,,,,
271,208,67,27,,,,,,,,
272,209,52,52,,,,,,,,
273,210,62,48,,,,,,,,
274,211,55,54,,,,,,,,
275,212,36,35,,,,,,,,
276,213,53,47,,,,,,,,
277,214,50,30,,,,,,,,
278,215,37,30,,,,,,,,
279,216,51,29,,,,,,,,
280,217,62,31,,,,,,,,
281,218,37,39,,,,,,,,
282,219,63,51,,,,,,,,
283,220,44,33,,,,,,,,
284,221,52,48,,,,,,,,
285,222,61,36,,,,,,,,
286,223,34,41,,,,,,,,
287,224,57,40,,,,,,,,
288,225,70,48,,,,,,,,
289,226,49,44,,,,,,,,
290,227,31,34,,,,,,,,
291,228,45,33,,,,,,,,
292,229,34,25,,,,,,,,
293,230,58,34,,,,,,,,
294,231,64,45,,,,,,,,
295,232,60,52,,,,,,,,
296,233,37,37,,,,,,,,
297,234,65,47,,,,,,,,
298,235,65,35,,,,,,,,
299,236,45,43,,,,,,,,
300,237,55,37,,,,,,,,
301,238,41,48,,,,,,,,
302,239,40,45,,,,,,,,
303,240,43,53,,,,,,,,
304,241,35,52,,,,,,,,
305,242,41,35,,,,,,,,
306,243,63,49,,,,,,,,
307,244,38,35,,,,,,,,
308,245,68,49,,,,,,,,
309,246,48,46,,,,,,,,
310,247,39,53,,,,,,,,
311,248,51,49,,,,,,,,
312,249,33,49,,,,,,,,
313,250,42,43,,,,,,,,
314,251,61,51,,,,,,,,
315,252,59,41,,,,,,,,
316,253,48,49,,,,,,,,
317,254,34,41,,,,,,,,
318,255,36,40,,,,,,,,
319,256,34,34,,,,,,,,
320,257,62,45,,,,,,,,
321,258,41,51,,,,,,,,
322,259,48,33,,,,,,,,
323,260,36,33,,,,,,,,
324,261,42,37,,,,,,,,
325,262,66,23,,,,,,,,
326,263,70,43,,,,,,,,
327,264,48,43,,,,,,,,
328,265,69,36,,,,,,,,
329,266,61,35,,,,,,,,
330,267,48,44,,,,,,,,
331,268,39,30,,,,,,,,
332,269,40,44,,,,,,,,
333,270,69,54,,,,,,,,
334,271,61,42,,,,,,,,
335,272,42,34,,,,,,,,
336,273,60,24,,,,,,,,
337,274,69,38,,,,,,,,
338,275,60,42,,,,,,,,
339,276,47,46,,,,,,,,
340,277,60,53,,,,,,,,
341,278,45,32,,,,,,,,
342,279,31,44,,,,,,,,
343,280,56,48,,,,,,,,
344,281,46,37,,,,,,,,
345,282,56,45,,,,,,,,
346,283,63,45,,,,,,,,
347,284,69,26,,,,,,,,
348,285,51,23,,,,,,,,
349,286,57,47,,,,,,,,
350,287,47,27,,,,,,,,
351,288,54,45,,,,,,,,
352,289,37,38,,,,,,,,
353,290,42,52,,,,,,,,
354,291,59,52,,,,,,,,
355,292,68,33,,,,,,,,
356,293,31,23,,,,,,,,
357,294,58,38,,,,,,,,
358,295,44,51,,,,,,,,
359,296,40,40,,,,,,,,
360,297,33,27,,,,,,,,
361,298,54,32,,,,,,,,
362,299,71,41,,,,,,,,
363,300,54,23,,,,,,,,
364,301,35,50,,,,,,,,
365,302,71,45,,,,,,,,
366,303,70,43,,,,,,,,
367,304,44,41,,,,,,,,
368,305,47,43,,,,,,,,
369,306,37,39,,,,,,,,
370,307,47,45,,,,,,,,
371,308,35,37,,,,,,,,
372,309,52,32,,,,,,,,
373,310,59,48,,,,,,,,
374,311,32,37,,,,,,,,
375,312,62,42,,,,,,,,
376,313,63,26,,,,,,,,
377,314,59,31,,,,,,,,
378,315,54,31,,,,,,,,
379,316,60,41,,,,,,,,
380,317,68,31,,,,,,,,
381,318,64,49,,,,,,,,
382,319,69,30,,,,,,,,
383,320,45,34,,,,,,,,
384,321,59,26,,,,,,,,
385,322,34,44,,,,,,,,
386,323,61,45,,,,,,,,
387,324,36,34,,,,,,,,
388,325,31,27,,,,,,,,
389,326,63,44,,,,,,,,
390,327,66,48,,,,,,,,
391,328,31,43,,,,,,,,
392,329,33,34,,,,,,,,
393,330,68,50,,,,,,,,
394,331,69,25,,,,,,,,
395,332,71,27,,,,,,,,
396,333,69,40,,,,,,,,
397,334,55,27,,,,,,,,
398,335,67,32,,,,,,,,
399,336,51,32,,,,,,,,
400,337,69,33,,,,,,,,
401,338,35,52,,,,,,,,
402,339,46,26,,,,,,,,
403,340,66,25,,,,,,,,
404,341,70,33,,,,,,,,
405,342,40,37,,,,,,,,
406,343,50,23,,,,,,,,
407,344,60,27,,,,,,,,
408,345,41,28,,,,,,,,
409,346,62,41,,,,,,,,
410,347,44,38,,,,,,,,
411,348,48,42,,,,,,,,
412,349,35,53,,,,,,,,
413,350,60,28,,,,,,,,
414,351,35,54,,,,,,,,
415,352,50,46,,,,,,,,
416,353,56,39,,,,,,,,
417,354,61,40,,,,,,,,
418,355,59,25,,,,,,,,
419,356,41,53,,,,,,,,
420,357,51,49,,,,,,,,
421,358,67,42,,,,,,,,
422,359,65,40,,,,,,,,
423,360,58,52,,,,,,,,
424,361,65,37,,,,,,,,
425,362,67,45,,,,,,,,
426,363,52,52,,,,,,,,
427,364,70,37,,,,,,,,
428,365,68,38,,,,,,,,
429,366,64,37,,,,,,,,
430,367,46,44,,,,,,,,
431,368,70,54,,,,,,,,
432,369,65,38,,,,,,,,
433,370,64,53,,,,,,,,
434,371,43,28,,,,,,,,
435,372,49,28,,,,,,,,
436,373,68,48,,,,,,,,
437,374,33,38,,,,,,,,
438,375,54,48,,,,,,,,
439,376,63,40,,,,,,,,
440,377,42,48,,,,,,,,
441,378,45,44,,,,,,,,
442,379,34,47,,,,,,,,
443,380,39,44,,,,,,,,
444,381,52,31,,,,,,,,
445,382,57,29,,,,,,,,
446,383,42,49,,,,,,,,
447,384,55,49,,,,,,,,
448,385,66,52,,,,,,,,
449,386,62,33,,,,,,,,
450,387,61,45,,,,,,,,
451,388,56,44,,,,,,,,
452,389,31,46,,,,,,,,
453,390,63,46,,,,,,,,
454,391,66,38,,,,,,,,
455,392,66,26,,,,,,,,
456,393,59,31,,,,,,,,
457,394,37,41,,,,,,,,
458,395,44,32,,,,,,,,
459,396,67,25,,,,,,,,
460,397,42,27,,,,,,,,
461,398,48,23,,,,,,,,
462,399,52,30,,,,,,,,
463,400,67,26,,,,,,,,
464,401,39,30,,,,,,,,
465,402,57,44,,,,,,,,
466,403,31,37,,,,,,,,
467,404,63,41,,,,,,,,
468,405,38,44,,,,,,,,
469,406,57,34,,,,,,,,
470,407,70,38,,,,,,,,
471,408,64,24,,,,,,,,
472,409,47,40,,,,,,,,
473,410,52,23,,,,,,,,
474,411,57,23,,,,,,,,
475,412,51,40,,,,,,,,
476,413,32,45,,,,,,,,
477,414,33,42,,,,,,,,
478,415,42,42,,,,,,,,
479,416,36,48,,,,,,,,
480,417,65,44,,,,,,,,
481,418,52,42,,,,,,,,
482,419,65,29,,,,,,,,
483,420,34,30,,,,,,,,
484,421,49,41,,,,,,,,
485,422,46,44,,,,,,,,
486,423,58,39,,,,,,,,
487,424,35,48,,,,,,,,
488,425,43,35,,,,,,,,
489,426,56,54,,,,,,,,
490,427,60,50,,,,,,,,
491,428,49,29,,,,,,,,
492,429,61,25,,,,,,,,
493,430,56,33,,,,,,,,
494,431,47,29,,,,,,,,
495,432,43,41,,,,,,,,
496,433,53,50,,,,,,,,
497,434,52,32,,,,,,,,
498,435,70,29,,,,,,,,
499,436,39,28,,,,,,,,
500,437,49,32,,,,,,,,
501,438,54,25,,,,,,,,
502,439,56,49,,,,,,,,
503,440,67,40,,,,,,,,
504,441,55,31,,,,,,,,
505,442,43,51,,,,,,,,
506,443,70,27,,,,,,,,
507,444,33,53,,,,,,,,
508,445,40,33,,,,,,,,
509,446,66,47,,,,,,,,
510,447,55,47,,,,,,,,
511,448,65,31,,,,,,,,
512,449,42,48,,,,,,,,
513,450,35,48,,,,,,,,
514,451,71,49,,,,,,,,
515,452,64,26,,,,,,,,
516,453,37,37,,,,,,,,
517,454,53,36,,,,,,,,
518,455,43,35,,,,,,,,
519,456,54,52,,,,,,,,
520,457,38,25,,,,,,,,
521,458,60,27,,,,,,,,
522,459,67,36,,,,,,,,
523,460,56,35,,,,,,,,
524,461,63,41,,,,,,,,
525,462,33,43,,,,,,,,
526,463,44,37,,,,,,,,
527,464,54,44,,,,,,,,
528,465,49,32,,,,,,,,
529,466,63,50,,,,,,,,
530,467,60,26,,,,,,,,
531,468,53,47,,,,,,,,
532,469,49,29,,,,,,,,
533,470,60,39,,,,,,,,
534,471,55,43,,,,,,,,
535,472,57,50,,,,,,,,
536,473,62,53,,,,,,,,
537,474,53,39,,,,,,,,
538,475,32,45,,,,,,,,
539,476,46,50,,,,,,,,
540,477,37,45,,,,,,,,
541,478,71,35,,,,,,,,
542,479,62,28,,,,,,,,
543,480,62,45,,,,,,,,
544,481,67,50,,,,,,,,
545,482,71,23,,,,,,,,
546,483,55,45,,,,,,,,
547,484,39,26,,,,,,,,
548,485,52,53,,,,,,,,
549,486,59,44,,,,,,,,
550,487,59,26,,,,,,,,
551,488,64,28,,,,,,,,
552,489,68,29,,,,,,,,
553,490,67,35,,,,,,,,
554,491,68,24,,,,,,,,
555,492,57,47,,,,,,,,
556,493,68,52,,,,,,,,
557,494,58,23,,,,,,,,
558,495,34,27,,,,,,,,
559,496,31,31,,,,,,,,
560,497,48,23,,,,,,,,
561,498,57,45,,,,,,,,
562,499,57,43,,,,,,,,
563,500,41,24,,,,,,,,
564,501,61,37,,,,,,,,
565,502,31,25,,,,,,,,
566,503,71,45,,,,,,,,
567,504,37,24,,,,,,,,
568,505,67,49,,,,,,,,
569,506,51,40,,,,,,,,
570,507,42,35,,,,,,,,
571,508,63,49,,,,,,,,
572,509,40,30,,,,,,,,
573,510,34,43,,,,,,,,
574,511,32,29,,,,,,,,
575,512,31,34,,,,,,,,
576,513,69,36,,,,,,,,
577,514,41,44,,,,,,,,
578,515,50,26,,,,,,,,
579,516,52,31,,,,,,,,
580,517,70,50,,,,,,,,
581,518,56,37,,,,,,,,
582,519,32,40,,,,,,,,
583,520,62,30,,,,,,,,
584,521,62,42,,,,,,,,
585,522,35,31,,,,,,,,
586,523,58,38,,,,,,,,
587,524,31,24,,,,,,,,
588,525,39,48,,,,,,,,
589,526,50,36,,,,,,,,
590,527,54,42,,,,,,,,
591,528,31,40,,,,,,,,
592,529,49,43,,,,,,,,
593,530,37,40,,,,,,,,
594,531,49,38,,,,,,,,
595,532,55,48,,,,,,,,
596,533,44,30,,,,,,,,
597,534,54,36,,,,,,,,
598,535,62,34,,,,,,,,
599,536,63,45,,,,,,,,
600,537,49,50,,,,,,,,
601,538,67,36,,,,,,,,
602,539,34,46,,,,,,,,
603,540,60,37,,,,,,,,
604,541,48,29,,,,,,,,
605,542,50,44,,,,,,,,
606,543,56,25,,,,,,,,
607,544,58,34,,,,,,,,
608,545,65,24,,,,,,,,
609,546,71,36,,,,,,,,
610,547,46,29,,,,,,,,
611,548,63,32,,,,,,,,
612,549,32,33,,,,,,,,
613,550,69,36,,,,,,,,
614,551,68,41,,,,,,,,
615,552,41,50,,,,,,,,
616,553,31,48,,,,,,,,
617,554,71,46,,,,,,,,
618,555,60,42,,,,,,,,
619,556,50,45,,,,,,,,
620,557,68,45,,,,,,,,
621,558,36,30,,,,,,,,
622,559,31,52,,,,,,,,
623,560,37,30,,,,,,,,
624,561,53,29,,,,,,,,
625,562,54,45,,,,,,,,
626,563,45,34,,,,,,,,
627,564,43,30,,,,,,,,
628,565,33,41,,,,,,,,
629,566,46,47,,,,,,,,
630,567,64,32,,,,,,,,
631,568,53,49,,,,,,,,
632,569,70,42,,,,,,,,
633,570,57,49,,,,,,,,
634,571,35,53,,,,,,,,
635,572,57,31,,,,,,,,
636,573,55,32,,,,,,,,
637,574,51,44,,,,,,,,
638,575,34,41,,,,,,,,
639,576,43,26,,,,,,,,
640,577,37,45,,,,,,,,
641,578,66,45,,,,,,,,
642,579,31,40,,,,,,,,
643,580,51,43,,,,,,,,
644,581,50,46,,,,,,,,
645,582,58,27,,,,,,,,
646,583,39,45,,,,,,,,
647,584,67,42,,,,,,,,
648,585,37,32,,,,,,,,
649,586,41,35,,,,,,,,
650,587,43,33,,,,,,,,
651,588,36,42,,,,,,,,
652,589,54,33,,,,,,,,
653,590,36,25,,,,,,,,
654,591,66,43,,,,,,,,
655,592,37,38,,,,,,,,
656,593,42,32,,,,,,,,
657,594,56,26,,,,,,,,
658,595,47,50,,,,,,,,
659,596,64,36,,,,,,,,
660,597,35,54,,,,,,,,
661,598,46,34,,,,,,,,
662,599,41,39,,,,,,,,
663,600,32,51,,,,,,,,
664,601,46,51,,,,,,,,
665,602,51,47,,,,,,,,
666,603,43,52,,,,,,,,
667,604,63,49,,,,,,,,
668,605,54,31,,,,,,,,
669,606,36,45,,,,,,,,
670,607,48,36,,,,,,,,
671,608,63,49,,,,,,,,
672,609,55,28,,,,,,,,
673,610,66,52,,,,,,,,
674,611,34,48,,,,,,,,
675,612,39,33,,,,,,,,
676,613,51,50,,,,,,,,
677,614,41,33,,,,,,,,
678,615,70,47,,,,,,,,
679,616,45,25,,,,,,,,
680,617,42,30,,,,,,,,
681,618,59,54,,,,,,,,
682,619,36,35,,,,,,,,
683,620,39,34,,,,,,,,
684,621,50,48,,,,,,,,
685,622,52,27,,,,,,,,
686,623,60,26,,,,,,,,
687,624,71,45,,,,,,,,
688,625,38,40,,,,,,,,
689,626,62,25,,,,,,,,
690,627,56,26,,,,,,,,
691,628,63,42,,,,,,,,
692,629,58,29,,,,,,,,
693,630,42,37,,,,,,,,
694,631,57,38,,,,,,,,
695,632,66,49,,,,,,,,
696,633,68,25,,,,,,,,
697,634,48,28,,,,,,,,
698,635,60,48,,,,,,,,
699,636,59,30,,,,,,,,
700,637,71,39,,,,,,,,
701,638,49,32,,,,,,,,
702,639,41,24,,,,,,,,
703,640,55,34,,,,,,,,
704,641,66,40,,,,,,,,
705,642,35,36,,,,,,,,
706,643,71,31,,,,,,,,
707,644,48,28,,,,,,,,
708,645,49,25,,,,,,,,
709,646,43,53,,,,,,,,
710,647,34,47,,,,,,,,
711,648,59,23,,,,,,,,
712,649,69,45,,,,,,,,
713,650,40,43,,,,,,,,
714,651,59,48,,,,,,,,
715,652,71,35,,,,,,,,
716,653,65,40,,,,,,,,
717,654,34,26,,,,,,,,
718,655,58,39,,,,,,,,
719,656,45,42,,,,,,,,
720,657,55,52,,,,,,,,
721,658,54,25,,,,,,,,
722,659,45,36,,,,,,,,
723,660,64,43,,,,,,,,
724,661,56,30,,,,,,,,
725,662,61,43,,,,,,,,
726,663,51,47,,,,,,,,
727,664,36,30,,,,,,,,
728,665,64,36,,,,,,,,
729,666,45,40,,,,,,,,
730,667,64,53,,,,,,,,
731,668,58,24,,,,,,,,
732,669,54,46,,,,,,,,
733,670,55,37,,,,,,,,
734,671,38,33,,,,,,,,
735,672,52,52,,,,,,,,
736,673,61,45,,,,,,,,
737,674,44,28,,,,,,,,
738,675,38,42,,,,,,,,
739,676,57,39,,,,,,,,
740,677,67,42,,,,,,,,
741,678,31,37,,,,,,,,
742,679,33,33,,,,,,,,
743,680,67,25,,,,,,,,
744,681,48,50,,,,,,,,
745,682,42,30,,,,,,,,
746,683,37,48,,,,,,,,
747,684,63,44,,,,,,,,
748,685,41,39,,,,,,,,
749,686,51,42,,,,,,,,
750,687,65,35,,,,,,,,
751,688,49,32,,,,,,,,
752,689,60,48,,,,,,,,
753,690,67,48,,,,,,,,
754,691,48,53,,,,,,,,
755,692,32,29,,,,,,,,
756,693,63,49,,,,,,,,
757,694,57,30,,,,,,,,
758,695,68,29,,,,,,,,
759,696,71,30,,,,,,,,
760,697,66,39,,,,,,,,
761,698,32,33,,,,,,,,
762,699,32,32,,,,,,,,
763,700,62,52,,,,,,,,
764,701,68,44,,,,,,,,
765,702,69,44,,,,,,,,
766,703,35,23,,,,,,,,
767,704,58,39,,,,,,,,
768,705,36,46,,,,,,,,
769,706,61,31,,,,,,,,
770,707,49,25,,,,,,,,
771,708,58,37,,,,,,,,
772,709,64,25,,,,,,,,
773,710,48,33,,,,,,,,
774,711,37,40,,,,,,,,
775,712,61,24,,,,,,,,
776,713,52,31,,,,,,,,
777,714,62,33,,,,,,,,
778,715,45,26,,,,,,,,
779,716,41,36,,,,,,,,
780,717,33,53,,,,,,,,
781,718,67,46,,,,,,,,
782,719,32,34,,,,,,,,
783,720,35,47,,,,,,,,
784,721,37,27,,,,,,,,
785,722,34,29,,,,,,,,
786,723,49,46,,,,,,,,
787,724,63,47,,,,,,,,
788,725,65,41,,,,,,,,
789,726,52,53,,,,,,,,
790,727,66,36,,,,,,,,
791,728,62,34,,,,,,,,
792,729,69,51,,,,,,,,
793,730,36,49,,,,,,,,
794,731,41,33,,,,,,,,
795,732,37,23,,,,,,,,
796,733,49,33,,,,,,,,
797,734,39,38,,,,,,,,
798,735,38,52,,,,,,,,
799,736,48,36,,,,,,,,
800,737,71,44,,,,,,,,
801,738,38,23,,,,,,,,
802,739,50,40,,,,,,,,
803,740,55,48,,,,,,,,
804,741,50,54,,,,,,,,
805,742,50,48,,,,,,,,
806,743,55,33,,,,,,,,
807,744,53,42,,,,,,,,
808,745,39,40,,,,,,,,
809,746,63,27,,,,,,,,
810,747,40,32,,,,,,,,
811,748,51,49,,,,,,,,
812,749,71,25,,,,,,,,
813,750,61,27,,,,,,,,
814,751,51,32,,,,,,,,
815,752,55,52,,,,,,,,
816,753,36,25,,,,,,,,
817,754,70,29,,,,,,,,
818,755,41,46,,,,,,,,
819,756,67,35,,,,,,,,
820,757,42,33,,,,,,,,
821,758,45,31,,,,,,,,
822,759,66,34,,,,,,,,
823,760,48,27,,,,,,,,
824,761,62,41,,,,,,,,
825,762,42,43,,,,,,,,
826,763,36,32,,,,,,,,
827,764,39,45,,,,,,,,
828,765,37,34,,,,,,,,
829,766,33,35,,,,,,,,
830,767,63,37,,,,,,,,
831,768,43,28,,,,,,,,
832,769,47,41,,,,,,,,
833,770,58,39,,,,,,,,
834,771,45,34,,,,,,,,
835,772,46,37,,,,,,,,
836,773,57,35,,,,,,,,
837,774,66,51,,,,,,,,
838,775,69,30,,,,,,,,
839,776,70,42,,,,,,,,
840,777,57,42,,,,,,,,
841,778,45,52,,,,,,,,
842,779,32,53,,,,,,,,
843,780,62,49,,,,,,,,
844,781,67,31,,,,,,,,
845,782,32,51,,,,,,,,
846,783,59,38,,,,,,,,
847,784,55,49,,,,,,,,
848,785,32,28,,,,,,,,
849,786,66,32,,,,,,,,
850,787,60,52,,,,,,,,
851,788,63,35,,,,,,,,
852,789,40,49,,,,,,,,
853,790,71,47,,,,,,,,
854,791,48,33,,,,,,,,
855,792,62,52,,,,,,,,
856,793,46,37,,,,,,,,
857,794,61,29,,,,,,,,
858,795,35,35,,,,,,,,
859,796,36,36,,,,,,,,
860,797,64,49,,,,,,,,
861,798,56,25,,,,,,,,
862,799,44,37,,,,,,,,
863,800,62,27,,,,,,,,
864,801,62,23,,,,,,,,
865,802,65,47,,,,,,,,
866,803,45,44,,,,,,,,
867,804,67,46,,,,,,,,
868,805,63,53,,,,,,,,
869,806,59,29,,,,,,,,
870,807,70,23,,,,,,,,
871,808,47,41,,,,,,,,
872,809,52,26,,,,,,,,
873,810,52,30,,,,,,,,
874,811,62,36,,,,,,,,
875,812,60,44,,,,,,,,
876,813,32,37,,,,,,,,
877,814,50,51,,,,,,,,
878,815,43,46,,,,,,,,
879,816,33,47,,,,,,,,
880,817,33,49,,,,,,,,
881,818,71,36,,,,,,,,
882,819,50,54,,,,,,,,
883,820,53,45,,,,,,,,
884,821,53,54,,,,,,,,
885,822,47,27,,,,,,,,
886,823,58,53,,,,,,,,
887,824,49,48,,,,,,,,
888,825,48,24,,,,,,,,
889,826,53,30,,,,,,,,
890,827,70,39,,,,,,,,
891,828,46,34,,,,,,,,
892,829,43,28,,,,,,,,
893,830,61,52,,,,,,,,
894,831,39,23,,,,,,,,
895,832,49,25,,,,,,,,
896,833,67,53,,,,,,,,
897,834,36,27,,,,,,,,
898,835,32,54,,,,,,,,
899,836,35,39,,,,,,,,
900,837,53,48,,,,,,,,
901,838,59,47,,,,,,,,
902,839,31,41,,,,,,,,
903,840,71,25,,,,,,,,
904,841,71,44,,,,,,,,
905,842,49,30,,,,,,,,
906,843,38,50,,,,,,,,
907,844,64,39,,,,,,,,
908,845,49,42,,,,,,,,
909,846,35,32,,,,,,,,
910,847,41,43,,,,,,,,
911,848,51,40,,,,,,,,
912,849,53,33,,,,,,,,
913,850,40,46,,,,,,,,
914,851,63,32,,,,,,,,
915,852,62,36,,,,,,,,
916,853,69,23,,,,,,,,
917,854,58,27,,,,,,,,
918,855,65,42,,,,,,,,
919,856,44,45,,,,,,,,
920,857,38,43,,,,,,,,
921,858,69,39,,,,,,,,
922,859,53,29,,,,,,,,
923,860,67,24,,,,,,,,
924,861,36,42,,,,,,,,
925,862,59,36,,,,,,,,
926,863,67,48,,,,,,,,
927,864,42,52,,,,,,,,
928,865,43,28,,,,,,,,
929,866,39,45,,,,,,,,
930,867,45,30,,,,,,,,
931,868,42,44,,,,,,,,
932,869,68,24,,,,,,,,
933,870,43,28,,,,,,,,
934,871,38,44,,,,,,,,
935,872,59,49,,,,,,,,
936,873,42,35,,,,,,,,
937,874,35,42,,,,,,,,
938,875,59,54,,,,,,,,
939,876,71,34,,,,,,,,
940,877,48,28,,,,,,,,
941,878,56,28,,,,,,,,
942,879,55,33,,,,,,,,
943,880,53,27,,,,,,,,
944,881,61,46,,,,,,,,
945,882,65,44,,,,,,,,
946,883,47,43,,,,,,,,
947,884,45,53,,,,,,,,
948,885,45,31,,,,,,,,
949,886,55,39,,,,,,,,
950,887,67,46,,,,,,,,
951,888,66,38,,,,,,,,
952,889,68,51,,,,,,,,
953,890,36,39,,,,,,,,
954,891,59,44,,,,,,,,
955,892,39,32,,,,,,,,
956,893,38,50,,,,,,,,
957,894,41,28,,,,,,,,
958,895,56,26,,,,,,,,
959,896,33,41,,,,,,,,
960,897,51,27,,,,,,,,
961,898,47,36,,,,,,,,
962,899,64,23,,,,,,,,
963,900,47,43,,,,,,,,
964,901,32,27,,,,,,,,
965,902,41,37,,,,,,,,
966,903,47,38,,,,,,,,
967,904,50,45,,,,,,,,
968,905,43,27,,,,,,,,
969,906,41,46,,,,,,,,
970,907,39,24,,,,,,,,
971,908,49,25,,,,,,,,
972,909,52,40,,,,,,,,
973,910,51,40,,,,,,,,
974,911,46,28,,,,,,,,
975,912,44,30,,,,,,,,
976,913,38,23,,,,,,,,
977,914,31,46,,,,,,,,
978,915,44,37,,,,,,,,
979,916,58,51,,,,,,,,
980,917,50,38,,,,,,,,
981,918,50,40,,,,,,,,
982,919,48,47,,,,,,,,
983,920,68,45,,,,,,,,
984,921,46,40,,,,,,,,
985,922,67,38,,,,,,,,
986,923,65,34,,,,,,,,
987,924,46,37,,,,,,,,
988,925,59,32,,,,,,,,
989,926,68,31,,,,,,,,
990,927,52,50,,,,,,,,
991,928,42,50,,,,,,,,
992,929,65,23,,,,,,,,
993,930,41,35,,,,,,,,
994,931,49,46,,,,,,,,
995,932,46,50,,,,,,,,
996,933,50,35,,,,,,,,
997,934,41,45,,,,,,,,
998,935,54,52,,,,,,,,
999,936,58,47,,,,,,,,
1000,937,57,48,,,,,,,,
1001,938,37,49,,,,,,,,
1002,939,43,49,,,,,,,,
1003,940,47,49,,,,,,,,
1004,941,56,40,,,,,,,,
1005,942,32,23,,,,,,,,
1006,943,52,36,,,,,,,,
1007,944,45,42,,,,,,,,
1008,945,40,42,,,,,,,,
1009,946,59,36,,,,,,,,
1010,947,51,39,,,,,,,,
1011,948,41,44,,,,,,,,
1012,949,38,23,,,,,,,,
1013,950,32,37,,,,,,,,
1014,951,35,45,,,,,,,,
1015,952,67,48,,,,,,,,
1016,953,57,27,,,,,,,,
1017,954,56,46,,,,,,,,
1018,955,59,37,,,,,,,,
1019,956,54,23,,,,,,,,
1020,957,55,36,,,,,,,,
1021,958,62,51,,,,,,,,
1022,959,59,34,,,,,,,,
1023,960,44,24,,,,,,,,
1024,961,32,43,,,,,,,,
1025,962,50,53,,,,,,,,
1026,963,39,31,,,,,,,,
1027,964,42,27,,,,,,,,
1028,965,52,39,,,,,,,,
1029,966,57,31,,,,,,,,
1030,967,63,53,,,,,,,,
1031,968,60,52,,,,,,,,
1032,969,58,31,,,,,,,,
1033,970,46,35,,,,,,,,
1034,971,63,42,,,,,,,,
1035,972,68,47,,,,,,,,
1036,973,32,45,,,,,,,,
1037,974,64,24,,,,,,,,
1038,975,60,34,,,,,,,,
1039,976,71,48,,,,,,,,
1040,977,59,54,,,,,,,,
1041,978,48,38,,,,,,,,
1042,979,39,52,,,,,,,,
1043,980,54,34,,,,,,,,
1044,981,66,38,,,,,,,,
1045,982,39,29,,,,,,,,
1046,983,64,32,,,,,,,,
1047,984,39,44,,,,,,,,
1048,985,60,50,,,,,,,,
1049,986,40,36,,,,,,,,
1050,987,71,52,,,,,,,,
1051,988,41,36,,,,,,,,
1052,989,60,45,,,,,,,,
1053,990,68,39,,,,,,,,
1054,991,49,30,,,,,,,,
1055,992,47,28,,,,,,,,
1056,993,52,49,,,,,,,,
1057,994,55,49,,,,,,,,
1058,995,51,31,,,,,,,,
1059,996,60,46,,,,,,,,
1060,997,59,23,,,,,,,,
1061,998,53,32,,,,,,,,
1062,999,47,46,,,,,,,,
1063,1000,70,47,,,,,,,,
