,n,10,Unnamed: 2,Unnamed: 3,Unnamed: 4,Unnamed: 5,Unnamed: 6,Unnamed: 7,Unnamed: 8,Unnamed: 9,Unnamed: 10,Unnamed: 11,Unnamed: 12,Unnamed: 13,Unnamed: 14,Unnamed: 15,Unnamed: 16
0,L,4,,,,,,,,,,,,,,,
1,C,4,,,,,,,,,,,,,,,
2,m,13,,,,,,,,,,,,,,,
3,op14,31,,,,,,,,,,,,,,,
4,N_Cmax,98,,,,,,,,,,,,,,,
5,N_TT,220,,,,,,,,,,,,,,,
6,I_Cmax,31,,,,,,,,,,,,,,,
7,I_TT,0,,,,,,,,,,,,,,,
8,MaxFES,7500,,,,,,,,,,,,,,,
9,,,,,,,,,,,,,,,,,
10,,,,1.0,1.0,1.0,1.0,2.0,2.0,2.0,2.0,3.0,3.0,3.0,4.0,4.0,Cell
11,,,,1.0,2.0,2.0,5.0,3.0,4.0,4.0,6.0,7.0,7.0,8.0,9.0,10.0,Machine
12,Part Family,Job,Operation no,1.0,1.0,2.0,1.0,1.0,1.0,2.0,1.0,1.0,2.0,1.0,1.0,1.0,Alternative(for machine)
13,1,1,1,4.0,,,,,,,,,,,,,
14,1,1,2,,5.0,5.0,,,,,,,,,,,
15,1,1,3,,,,,6.0,,,,,,,,,
16,1,1,4,,5.0,5.0,,,,,,,,,,,
17,1,7,1,,,,,,5.0,5.0,,,,,,,
18,1,7,2,6.0,,,,,,,,,,,,,
19,1,7,3,,,,5.0,,,,,,,,,,
20,1,8,1,3.0,,,,,,,,,,,,,
21,1,8,2,,9.0,9.0,,,,,,,,,,,
22,1,8,3,,,,4.0,,,,,,,,,,
23,2,10,1,,,,,9.0,,,,,,,,,
24,2,10,2,,7.0,7.0,,,,,,,,,,,
25,2,10,3,,,,,,3.0,3.0,,,,,,,
26,2,11,1,,,,,,,,3.0,,,,,,
27,2,11,2,,,,,5.0,,,,,,,,,
28,2,11,3,,,,,,,,3.0,,,,,,
29,2,12,1,,,,,,4.0,4.0,,,,,,,
30,2,12,2,,,,,,,,5.0,,,,,,
31,2,12,3,,,,,,4.0,4.0,,,,,,,
32,3,15,1,,,,,,,,,,,2.0,,,
33,3,15,2,,,,,,,,,4.0,4.0,,,,
34,3,15,3,,,,,,1.0,1.0,,,,,,,
35,3,16,1,,,,,,,,,5.0,5.0,,,,
36,3,16,2,,2.0,2.0,,,,,,,,,,,
37,3,16,3,,,,,,,,,,,3.0,,,
38,3,16,4,,2.0,2.0,,,,,,,,,,,
39,4,18,1,,,,,,,,,,,,,6.0,
40,4,18,2,,,,,,,,,,,,4.0,,
41,4,19,1,,,,,,,,,,,,3.0,,
42,4,19,2,,,,,,,,,6.0,6.0,,,,
43,4,19,3,,,,,,,,,,,,,2.0,
44,,,,,,,,,,,,,,,,,
45,Part Family,Part Family,Setup Time,,,,,,,,,,,,,,
46,1,1,0,,,,,,,,,,,,,,
47,1,2,3,,,,,,,,,,,,,,
48,1,3,7,,,,,,,,,,,,,,
49,1,4,4,,,,,,,,,,,,,,
50,2,1,4,,,,,,,,,,,,,,
51,2,2,0,,,,,,,,,,,,,,
52,2,3,4,,,,,,,,,,,,,,
53,2,4,2,,,,,,,,,,,,,,
54,3,1,6,,,,,,,,,,,,,,
55,3,2,5,,,,,,,,,,,,,,
56,3,3,0,,,,,,,,,,,,,,
57,3,4,5,,,,,,,,,,,,,,
58,4,1,7,,,,,,,,,,,,,,
59,4,2,5,,,,,,,,,,,,,,
60,4,3,2,,,,,,,,,,,,,,
61,4,4,0,,,,,,,,,,,,,,
62,,,,,,,,,,,,,,,,,
63,Cell,Cell,Transportation Time,,,,,,,,,,,,,,
64,1,1,0,,,,,,,,,,,,,,
65,1,2,3,,,,,,,,,,,,,,
66,1,3,5,,,,,,,,,,,,,,
67,1,4,4,,,,,,,,,,,,,,
68,2,1,4,,,,,,,,,,,,,,
69,2,2,0,,,,,,,,,,,,,,
70,2,3,8,,,,,,,,,,,,,,
71,2,4,5,,,,,,,,,,,,,,
72,3,1,6,,,,,,,,,,,,,,
73,3,2,5,,,,,,,,,,,,,,
74,3,3,0,,,,,,,,,,,,,,
75,3,4,3,,,,,,,,,,,,,,
76,4,1,5,,,,,,,,,,,,,,
77,4,2,4,,,,,,,,,,,,,,
78,4,3,3,,,,,,,,,,,,,,
79,4,4,0,,,,,,,,,,,,,,
80,,,,,,,,,,,,,,,,,
81,Job,Due Date,,,,,,,,,,,,,,,
82,1,98,,,,,,,,,,,,,,,
83,7,5,,,,,,,,,,,,,,,
84,8,110,,,,,,,,,,,,,,,
85,10,8,,,,,,,,,,,,,,,
86,11,53,,,,,,,,,,,,,,,
87,12,21,,,,,,,,,,,,,,,
88,15,103,,,,,,,,,,,,,,,
89,16,4,,,,,,,,,,,,,,,
90,18,67,,,,,,,,,,,,,,,
91,19,15,,,,,,,,,,,,,,,
92,,,,,,,,,,,,,,,,,
93,No,Reference_point1,Reference_point2,,,,,,,,,,,,,,
94,1,40,63,,,,,,,,,,,,,,
95,2,48,84,,,,,,,,,,,,,,
96,3,55,73,,,,,,,,,,,,,,
97,4,44,90,,,,,,,,,,,,,,
98,5,34,80,,,,,,,,,,,,,,
99,6,32,67,,,,,,,,,,,,,,
100,7,42,91,,,,,,,,,,,,,,
101,8,56,80,,,,,,,,,,,,,,
102,9,41,79,,,,,,,,,,,,,,
103,10,57,82,,,,,,,,,,,,,,
104,11,66,62,,,,,,,,,,,,,,
105,12,36,72,,,,,,,,,,,,,,
106,13,60,65,,,,,,,,,,,,,,
107,14,60,69,,,,,,,,,,,,,,
108,15,61,88,,,,,,,,,,,,,,
109,16,51,82,,,,,,,,,,,,,,
110,17,56,60,,,,,,,,,,,,,,
111,18,67,85,,,,,,,,,,,,,,
112,19,62,62,,,,,,,,,,,,,,
113,20,50,76,,,,,,,,,,,,,,
114,21,41,91,,,,,,,,,,,,,,
115,22,56,72,,,,,,,,,,,,,,
116,23,47,81,,,,,,,,,,,,,,
117,24,56,75,,,,,,,,,,,,,,
118,25,40,71,,,,,,,,,,,,,,
119,26,50,65,,,,,,,,,,,,,,
120,27,43,82,,,,,,,,,,,,,,
121,28,45,64,,,,,,,,,,,,,,
122,29,66,62,,,,,,,,,,,,,,
123,30,67,75,,,,,,,,,,,,,,
124,31,54,61,,,,,,,,,,,,,,
125,32,35,66,,,,,,,,,,,,,,
126,33,34,69,,,,,,,,,,,,,,
127,34,51,69,,,,,,,,,,,,,,
128,35,67,88,,,,,,,,,,,,,,
129,36,60,67,,,,,,,,,,,,,,
130,37,34,65,,,,,,,,,,,,,,
131,38,46,90,,,,,,,,,,,,,,
132,39,45,84,,,,,,,,,,,,,,
133,40,66,63,,,,,,,,,,,,,,
134,41,49,70,,,,,,,,,,,,,,
135,42,33,75,,,,,,,,,,,,,,
136,43,44,72,,,,,,,,,,,,,,
137,44,44,60,,,,,,,,,,,,,,
138,45,53,86,,,,,,,,,,,,,,
139,46,62,84,,,,,,,,,,,,,,
140,47,34,60,,,,,,,,,,,,,,
141,48,63,67,,,,,,,,,,,,,,
142,49,63,75,,,,,,,,,,,,,,
143,50,42,63,,,,,,,,,,,,,,
144,51,35,71,,,,,,,,,,,,,,
145,52,48,71,,,,,,,,,,,,,,
146,53,51,69,,,,,,,,,,,,,,
147,54,33,65,,,,,,,,,,,,,,
148,55,40,74,,,,,,,,,,,,,,
149,56,58,65,,,,,,,,,,,,,,
150,57,36,87,,,,,,,,,,,,,,
151,58,67,70,,,,,,,,,,,,,,
152,59,67,80,,,,,,,,,,,,,,
153,60,62,82,,,,,,,,,,,,,,
154,61,65,77,,,,,,,,,,,,,,
155,62,56,65,,,,,,,,,,,,,,
156,63,31,60,,,,,,,,,,,,,,
157,64,35,62,,,,,,,,,,,,,,
158,65,41,66,,,,,,,,,,,,,,
159,66,34,89,,,,,,,,,,,,,,
160,67,48,86,,,,,,,,,,,,,,
161,68,67,63,,,,,,,,,,,,,,
162,69,62,82,,,,,,,,,,,,,,
163,70,64,61,,,,,,,,,,,,,,
164,71,42,66,,,,,,,,,,,,,,
165,72,58,65,,,,,,,,,,,,,,
166,73,34,81,,,,,,,,,,,,,,
167,74,54,67,,,,,,,,,,,,,,
168,75,32,78,,,,,,,,,,,,,,
169,76,39,67,,,,,,,,,,,,,,
170,77,54,79,,,,,,,,,,,,,,
171,78,37,78,,,,,,,,,,,,,,
172,79,56,70,,,,,,,,,,,,,,
173,80,43,77,,,,,,,,,,,,,,
174,81,37,91,,,,,,,,,,,,,,
175,82,63,61,,,,,,,,,,,,,,
176,83,44,86,,,,,,,,,,,,,,
177,84,56,69,,,,,,,,,,,,,,
178,85,62,87,,,,,,,,,,,,,,
179,86,48,69,,,,,,,,,,,,,,
180,87,58,85,,,,,,,,,,,,,,
181,88,45,83,,,,,,,,,,,,,,
182,89,60,76,,,,,,,,,,,,,,
183,90,33,70,,,,,,,,,,,,,,
184,91,45,88,,,,,,,,,,,,,,
185,92,32,83,,,,,,,,,,,,,,
186,93,66,87,,,,,,,,,,,,,,
187,94,42,87,,,,,,,,,,,,,,
188,95,54,73,,,,,,,,,,,,,,
189,96,47,77,,,,,,,,,,,,,,
190,97,43,72,,,,,,,,,,,,,,
191,98,63,70,,,,,,,,,,,,,,
192,99,43,81,,,,,,,,,,,,,,
193,100,61,68,,,,,,,,,,,,,,
194,101,67,70,,,,,,,,,,,,,,
195,102,45,64,,,,,,,,,,,,,,
196,103,34,90,,,,,,,,,,,,,,
197,104,48,86,,,,,,,,,,,,,,
198,105,39,74,,,,,,,,,,,,,,
199,106,60,65,,,,,,,,,,,,,,
200,107,39,60,,,,,,,,,,,,,,
201,108,36,68,,,,,,,,,,,,,,
202,109,66,64,,,,,,,,,,,,,,
203,110,34,75,,,,,,,,,,,,,,
204,111,50,86,,,,,,,,,,,,,,
205,112,55,74,,,,,,,,,,,,,,
206,113,47,90,,,,,,,,,,,,,,
207,114,65,71,,,,,,,,,,,,,,
208,115,65,61,,,,,,,,,,,,,,
209,116,46,63,,,,,,,,,,,,,,
210,117,56,86,,,,,,,,,,,,,,
211,118,44,61,,,,,,,,,,,,,,
212,119,49,88,,,,,,,,,,,,,,
213,120,54,60,,,,,,,,,,,,,,
214,121,45,75,,,,,,,,,,,,,,
215,122,55,66,,,,,,,,,,,,,,
216,123,53,68,,,,,,,,,,,,,,
217,124,41,70,,,,,,,,,,,,,,
218,125,39,79,,,,,,,,,,,,,,
219,126,44,65,,,,,,,,,,,,,,
220,127,52,70,,,,,,,,,,,,,,
221,128,58,64,,,,,,,,,,,,,,
222,129,55,90,,,,,,,,,,,,,,
223,130,57,64,,,,,,,,,,,,,,
224,131,31,63,,,,,,,,,,,,,,
225,132,64,65,,,,,,,,,,,,,,
226,133,32,81,,,,,,,,,,,,,,
227,134,49,73,,,,,,,,,,,,,,
228,135,55,62,,,,,,,,,,,,,,
229,136,59,61,,,,,,,,,,,,,,
230,137,50,62,,,,,,,,,,,,,,
231,138,35,61,,,,,,,,,,,,,,
232,139,37,74,,,,,,,,,,,,,,
233,140,61,65,,,,,,,,,,,,,,
234,141,54,79,,,,,,,,,,,,,,
235,142,35,70,,,,,,,,,,,,,,
236,143,56,67,,,,,,,,,,,,,,
237,144,50,71,,,,,,,,,,,,,,
238,145,34,66,,,,,,,,,,,,,,
239,146,46,78,,,,,,,,,,,,,,
240,147,37,75,,,,,,,,,,,,,,
241,148,31,68,,,,,,,,,,,,,,
242,149,52,75,,,,,,,,,,,,,,
243,150,37,90,,,,,,,,,,,,,,
244,151,59,88,,,,,,,,,,,,,,
245,152,56,64,,,,,,,,,,,,,,
246,153,61,70,,,,,,,,,,,,,,
247,154,55,75,,,,,,,,,,,,,,
248,155,38,82,,,,,,,,,,,,,,
249,156,67,66,,,,,,,,,,,,,,
250,157,35,77,,,,,,,,,,,,,,
251,158,49,72,,,,,,,,,,,,,,
252,159,67,78,,,,,,,,,,,,,,
253,160,48,85,,,,,,,,,,,,,,
254,161,36,64,,,,,,,,,,,,,,
255,162,43,74,,,,,,,,,,,,,,
256,163,56,66,,,,,,,,,,,,,,
257,164,63,61,,,,,,,,,,,,,,
258,165,34,87,,,,,,,,,,,,,,
259,166,47,82,,,,,,,,,,,,,,
260,167,41,88,,,,,,,,,,,,,,
261,168,45,84,,,,,,,,,,,,,,
262,169,65,91,,,,,,,,,,,,,,
263,170,49,71,,,,,,,,,,,,,,
264,171,52,60,,,,,,,,,,,,,,
265,172,36,72,,,,,,,,,,,,,,
266,173,39,66,,,,,,,,,,,,,,
267,174,48,79,,,,,,,,,,,,,,
268,175,66,79,,,,,,,,,,,,,,
269,176,41,60,,,,,,,,,,,,,,
270,177,31,72,,,,,,,,,,,,,,
271,178,60,80,,,,,,,,,,,,,,
272,179,51,67,,,,,,,,,,,,,,
273,180,48,80,,,,,,,,,,,,,,
274,181,46,79,,,,,,,,,,,,,,
275,182,46,71,,,,,,,,,,,,,,
276,183,39,69,,,,,,,,,,,,,,
277,184,64,67,,,,,,,,,,,,,,
278,185,36,84,,,,,,,,,,,,,,
279,186,48,91,,,,,,,,,,,,,,
280,187,34,63,,,,,,,,,,,,,,
281,188,39,64,,,,,,,,,,,,,,
282,189,67,89,,,,,,,,,,,,,,
283,190,38,74,,,,,,,,,,,,,,
284,191,58,68,,,,,,,,,,,,,,
285,192,34,75,,,,,,,,,,,,,,
286,193,52,74,,,,,,,,,,,,,,
287,194,56,89,,,,,,,,,,,,,,
288,195,34,84,,,,,,,,,,,,,,
289,196,38,82,,,,,,,,,,,,,,
290,197,50,87,,,,,,,,,,,,,,
291,198,65,91,,,,,,,,,,,,,,
292,199,53,85,,,,,,,,,,,,,,
293,200,36,90,,,,,,,,,,,,,,
294,201,42,67,,,,,,,,,,,,,,
295,202,48,66,,,,,,,,,,,,,,
296,203,36,68,,,,,,,,,,,,,,
297,204,65,88,,,,,,,,,,,,,,
298,205,36,81,,,,,,,,,,,,,,
299,206,55,79,,,,,,,,,,,,,,
300,207,32,91,,,,,,,,,,,,,,
301,208,64,64,,,,,,,,,,,,,,
302,209,50,89,,,,,,,,,,,,,,
303,210,59,85,,,,,,,,,,,,,,
304,211,53,91,,,,,,,,,,,,,,
305,212,36,72,,,,,,,,,,,,,,
306,213,51,84,,,,,,,,,,,,,,
307,214,48,67,,,,,,,,,,,,,,
308,215,37,67,,,,,,,,,,,,,,
309,216,49,66,,,,,,,,,,,,,,
310,217,59,68,,,,,,,,,,,,,,
311,218,36,76,,,,,,,,,,,,,,
312,219,60,88,,,,,,,,,,,,,,
313,220,43,70,,,,,,,,,,,,,,
314,221,50,85,,,,,,,,,,,,,,
315,222,58,73,,,,,,,,,,,,,,
316,223,34,78,,,,,,,,,,,,,,
317,224,55,77,,,,,,,,,,,,,,
318,225,66,85,,,,,,,,,,,,,,
319,226,47,81,,,,,,,,,,,,,,
320,227,31,71,,,,,,,,,,,,,,
321,228,43,70,,,,,,,,,,,,,,
322,229,34,62,,,,,,,,,,,,,,
323,230,55,71,,,,,,,,,,,,,,
324,231,60,82,,,,,,,,,,,,,,
325,232,57,89,,,,,,,,,,,,,,
326,233,36,74,,,,,,,,,,,,,,
327,234,62,84,,,,,,,,,,,,,,
328,235,62,72,,,,,,,,,,,,,,
329,236,44,80,,,,,,,,,,,,,,
330,237,53,74,,,,,,,,,,,,,,
331,238,40,85,,,,,,,,,,,,,,
332,239,39,82,,,,,,,,,,,,,,
333,240,42,90,,,,,,,,,,,,,,
334,241,35,89,,,,,,,,,,,,,,
335,242,40,72,,,,,,,,,,,,,,
336,243,60,86,,,,,,,,,,,,,,
337,244,37,72,,,,,,,,,,,,,,
338,245,64,86,,,,,,,,,,,,,,
339,246,46,83,,,,,,,,,,,,,,
340,247,38,90,,,,,,,,,,,,,,
341,248,49,86,,,,,,,,,,,,,,
342,249,33,86,,,,,,,,,,,,,,
343,250,41,80,,,,,,,,,,,,,,
344,251,58,88,,,,,,,,,,,,,,
345,252,56,78,,,,,,,,,,,,,,
346,253,47,86,,,,,,,,,,,,,,
347,254,33,78,,,,,,,,,,,,,,
348,255,35,77,,,,,,,,,,,,,,
349,256,34,71,,,,,,,,,,,,,,
350,257,59,82,,,,,,,,,,,,,,
351,258,40,88,,,,,,,,,,,,,,
352,259,47,70,,,,,,,,,,,,,,
353,260,35,70,,,,,,,,,,,,,,
354,261,41,74,,,,,,,,,,,,,,
355,262,63,60,,,,,,,,,,,,,,
356,263,66,80,,,,,,,,,,,,,,
357,264,46,80,,,,,,,,,,,,,,
358,265,66,73,,,,,,,,,,,,,,
359,266,58,72,,,,,,,,,,,,,,
360,267,47,81,,,,,,,,,,,,,,
361,268,38,67,,,,,,,,,,,,,,
362,269,39,81,,,,,,,,,,,,,,
363,270,65,91,,,,,,,,,,,,,,
364,271,58,79,,,,,,,,,,,,,,
365,272,41,71,,,,,,,,,,,,,,
366,273,58,61,,,,,,,,,,,,,,
367,274,66,75,,,,,,,,,,,,,,
368,275,57,79,,,,,,,,,,,,,,
369,276,45,83,,,,,,,,,,,,,,
370,277,57,90,,,,,,,,,,,,,,
371,278,43,69,,,,,,,,,,,,,,
372,279,31,81,,,,,,,,,,,,,,
373,280,53,85,,,,,,,,,,,,,,
374,281,45,74,,,,,,,,,,,,,,
375,282,54,82,,,,,,,,,,,,,,
376,283,60,82,,,,,,,,,,,,,,
377,284,65,63,,,,,,,,,,,,,,
378,285,49,60,,,,,,,,,,,,,,
379,286,55,84,,,,,,,,,,,,,,
380,287,45,64,,,,,,,,,,,,,,
381,288,51,82,,,,,,,,,,,,,,
382,289,36,75,,,,,,,,,,,,,,
383,290,41,89,,,,,,,,,,,,,,
384,291,56,89,,,,,,,,,,,,,,
385,292,65,70,,,,,,,,,,,,,,
386,293,31,60,,,,,,,,,,,,,,
387,294,56,75,,,,,,,,,,,,,,
388,295,43,88,,,,,,,,,,,,,,
389,296,39,77,,,,,,,,,,,,,,
390,297,33,64,,,,,,,,,,,,,,
391,298,52,69,,,,,,,,,,,,,,
392,299,67,78,,,,,,,,,,,,,,
393,300,52,60,,,,,,,,,,,,,,
394,301,34,87,,,,,,,,,,,,,,
395,302,67,82,,,,,,,,,,,,,,
396,303,66,80,,,,,,,,,,,,,,
397,304,43,78,,,,,,,,,,,,,,
398,305,45,80,,,,,,,,,,,,,,
399,306,36,76,,,,,,,,,,,,,,
400,307,45,82,,,,,,,,,,,,,,
401,308,35,74,,,,,,,,,,,,,,
402,309,50,69,,,,,,,,,,,,,,
403,310,56,85,,,,,,,,,,,,,,
404,311,32,74,,,,,,,,,,,,,,
405,312,59,79,,,,,,,,,,,,,,
406,313,60,63,,,,,,,,,,,,,,
407,314,56,68,,,,,,,,,,,,,,
408,315,51,68,,,,,,,,,,,,,,
409,316,57,78,,,,,,,,,,,,,,
410,317,65,68,,,,,,,,,,,,,,
411,318,60,86,,,,,,,,,,,,,,
412,319,66,67,,,,,,,,,,,,,,
413,320,44,71,,,,,,,,,,,,,,
414,321,56,63,,,,,,,,,,,,,,
415,322,34,81,,,,,,,,,,,,,,
416,323,58,82,,,,,,,,,,,,,,
417,324,36,71,,,,,,,,,,,,,,
418,325,31,64,,,,,,,,,,,,,,
419,326,60,81,,,,,,,,,,,,,,
420,327,63,85,,,,,,,,,,,,,,
421,328,31,80,,,,,,,,,,,,,,
422,329,33,71,,,,,,,,,,,,,,
423,330,64,87,,,,,,,,,,,,,,
424,331,66,62,,,,,,,,,,,,,,
425,332,67,64,,,,,,,,,,,,,,
426,333,65,77,,,,,,,,,,,,,,
427,334,52,64,,,,,,,,,,,,,,
428,335,63,69,,,,,,,,,,,,,,
429,336,49,69,,,,,,,,,,,,,,
430,337,66,70,,,,,,,,,,,,,,
431,338,34,89,,,,,,,,,,,,,,
432,339,45,63,,,,,,,,,,,,,,
433,340,63,62,,,,,,,,,,,,,,
434,341,66,70,,,,,,,,,,,,,,
435,342,39,74,,,,,,,,,,,,,,
436,343,48,60,,,,,,,,,,,,,,
437,344,57,64,,,,,,,,,,,,,,
438,345,40,65,,,,,,,,,,,,,,
439,346,59,78,,,,,,,,,,,,,,
440,347,42,75,,,,,,,,,,,,,,
441,348,46,79,,,,,,,,,,,,,,
442,349,35,90,,,,,,,,,,,,,,
443,350,57,65,,,,,,,,,,,,,,
444,351,35,91,,,,,,,,,,,,,,
445,352,48,83,,,,,,,,,,,,,,
446,353,53,76,,,,,,,,,,,,,,
447,354,58,77,,,,,,,,,,,,,,
448,355,56,62,,,,,,,,,,,,,,
449,356,40,90,,,,,,,,,,,,,,
450,357,49,86,,,,,,,,,,,,,,
451,358,64,79,,,,,,,,,,,,,,
452,359,61,77,,,,,,,,,,,,,,
453,360,55,89,,,,,,,,,,,,,,
454,361,62,74,,,,,,,,,,,,,,
455,362,64,82,,,,,,,,,,,,,,
456,363,50,89,,,,,,,,,,,,,,
457,364,66,74,,,,,,,,,,,,,,
458,365,64,75,,,,,,,,,,,,,,
459,366,60,74,,,,,,,,,,,,,,
460,367,45,81,,,,,,,,,,,,,,
461,368,66,91,,,,,,,,,,,,,,
462,369,62,75,,,,,,,,,,,,,,
463,370,61,90,,,,,,,,,,,,,,
464,371,41,65,,,,,,,,,,,,,,
465,372,47,65,,,,,,,,,,,,,,
466,373,65,85,,,,,,,,,,,,,,
467,374,33,75,,,,,,,,,,,,,,
468,375,52,85,,,,,,,,,,,,,,
469,376,60,77,,,,,,,,,,,,,,
470,377,41,85,,,,,,,,,,,,,,
471,378,43,81,,,,,,,,,,,,,,
472,379,34,84,,,,,,,,,,,,,,
473,380,39,81,,,,,,,,,,,,,,
474,381,50,68,,,,,,,,,,,,,,
475,382,54,66,,,,,,,,,,,,,,
476,383,41,86,,,,,,,,,,,,,,
477,384,52,86,,,,,,,,,,,,,,
478,385,62,89,,,,,,,,,,,,,,
479,386,59,70,,,,,,,,,,,,,,
480,387,58,82,,,,,,,,,,,,,,
481,388,53,81,,,,,,,,,,,,,,
482,389,31,83,,,,,,,,,,,,,,
483,390,60,83,,,,,,,,,,,,,,
484,391,62,75,,,,,,,,,,,,,,
485,392,63,63,,,,,,,,,,,,,,
486,393,56,68,,,,,,,,,,,,,,
487,394,36,78,,,,,,,,,,,,,,
488,395,43,69,,,,,,,,,,,,,,
489,396,63,62,,,,,,,,,,,,,,
490,397,41,64,,,,,,,,,,,,,,
491,398,47,60,,,,,,,,,,,,,,
492,399,50,67,,,,,,,,,,,,,,
493,400,64,63,,,,,,,,,,,,,,
494,401,38,67,,,,,,,,,,,,,,
495,402,54,81,,,,,,,,,,,,,,
496,403,31,74,,,,,,,,,,,,,,
497,404,60,78,,,,,,,,,,,,,,
498,405,38,81,,,,,,,,,,,,,,
499,406,54,71,,,,,,,,,,,,,,
500,407,66,75,,,,,,,,,,,,,,
501,408,61,61,,,,,,,,,,,,,,
502,409,45,77,,,,,,,,,,,,,,
503,410,50,60,,,,,,,,,,,,,,
504,411,55,60,,,,,,,,,,,,,,
505,412,49,77,,,,,,,,,,,,,,
506,413,32,82,,,,,,,,,,,,,,
507,414,32,79,,,,,,,,,,,,,,
508,415,40,79,,,,,,,,,,,,,,
509,416,35,85,,,,,,,,,,,,,,
510,417,61,81,,,,,,,,,,,,,,
511,418,50,79,,,,,,,,,,,,,,
512,419,62,66,,,,,,,,,,,,,,
513,420,34,67,,,,,,,,,,,,,,
514,421,47,78,,,,,,,,,,,,,,
515,422,45,81,,,,,,,,,,,,,,
516,423,55,76,,,,,,,,,,,,,,
517,424,34,85,,,,,,,,,,,,,,
518,425,42,72,,,,,,,,,,,,,,
519,426,54,91,,,,,,,,,,,,,,
520,427,57,87,,,,,,,,,,,,,,
521,428,47,66,,,,,,,,,,,,,,
522,429,58,62,,,,,,,,,,,,,,
523,430,53,70,,,,,,,,,,,,,,
524,431,45,66,,,,,,,,,,,,,,
525,432,42,78,,,,,,,,,,,,,,
526,433,51,87,,,,,,,,,,,,,,
527,434,50,69,,,,,,,,,,,,,,
528,435,67,66,,,,,,,,,,,,,,
529,436,38,65,,,,,,,,,,,,,,
530,437,47,69,,,,,,,,,,,,,,
531,438,51,62,,,,,,,,,,,,,,
532,439,54,86,,,,,,,,,,,,,,
533,440,63,77,,,,,,,,,,,,,,
534,441,52,68,,,,,,,,,,,,,,
535,442,42,88,,,,,,,,,,,,,,
536,443,66,64,,,,,,,,,,,,,,
537,444,33,90,,,,,,,,,,,,,,
538,445,39,70,,,,,,,,,,,,,,
539,446,63,84,,,,,,,,,,,,,,
540,447,53,84,,,,,,,,,,,,,,
541,448,61,68,,,,,,,,,,,,,,
542,449,41,85,,,,,,,,,,,,,,
543,450,35,85,,,,,,,,,,,,,,
544,451,67,86,,,,,,,,,,,,,,
545,452,61,63,,,,,,,,,,,,,,
546,453,37,74,,,,,,,,,,,,,,
547,454,51,73,,,,,,,,,,,,,,
548,455,42,72,,,,,,,,,,,,,,
549,456,51,89,,,,,,,,,,,,,,
550,457,38,62,,,,,,,,,,,,,,
551,458,57,64,,,,,,,,,,,,,,
552,459,63,73,,,,,,,,,,,,,,
553,460,54,72,,,,,,,,,,,,,,
554,461,60,78,,,,,,,,,,,,,,
555,462,33,80,,,,,,,,,,,,,,
556,463,43,74,,,,,,,,,,,,,,
557,464,52,81,,,,,,,,,,,,,,
558,465,47,69,,,,,,,,,,,,,,
559,466,60,87,,,,,,,,,,,,,,
560,467,57,63,,,,,,,,,,,,,,
561,468,51,84,,,,,,,,,,,,,,
562,469,47,66,,,,,,,,,,,,,,
563,470,57,76,,,,,,,,,,,,,,
564,471,52,80,,,,,,,,,,,,,,
565,472,55,87,,,,,,,,,,,,,,
566,473,59,90,,,,,,,,,,,,,,
567,474,51,76,,,,,,,,,,,,,,
568,475,32,82,,,,,,,,,,,,,,
569,476,44,87,,,,,,,,,,,,,,
570,477,37,82,,,,,,,,,,,,,,
571,478,67,72,,,,,,,,,,,,,,
572,479,58,65,,,,,,,,,,,,,,
573,480,59,82,,,,,,,,,,,,,,
574,481,63,87,,,,,,,,,,,,,,
575,482,67,60,,,,,,,,,,,,,,
576,483,52,82,,,,,,,,,,,,,,
577,484,38,63,,,,,,,,,,,,,,
578,485,50,90,,,,,,,,,,,,,,
579,486,57,81,,,,,,,,,,,,,,
580,487,56,63,,,,,,,,,,,,,,
581,488,61,65,,,,,,,,,,,,,,
582,489,64,66,,,,,,,,,,,,,,
583,490,64,72,,,,,,,,,,,,,,
584,491,64,61,,,,,,,,,,,,,,
585,492,54,84,,,,,,,,,,,,,,
586,493,65,89,,,,,,,,,,,,,,
587,494,56,60,,,,,,,,,,,,,,
588,495,34,64,,,,,,,,,,,,,,
589,496,31,68,,,,,,,,,,,,,,
590,497,46,60,,,,,,,,,,,,,,
591,498,54,82,,,,,,,,,,,,,,
592,499,55,80,,,,,,,,,,,,,,
593,500,40,61,,,,,,,,,,,,,,
594,501,58,74,,,,,,,,,,,,,,
595,502,31,62,,,,,,,,,,,,,,
596,503,67,82,,,,,,,,,,,,,,
597,504,36,61,,,,,,,,,,,,,,
598,505,64,86,,,,,,,,,,,,,,
599,506,49,77,,,,,,,,,,,,,,
600,507,41,72,,,,,,,,,,,,,,
601,508,60,86,,,,,,,,,,,,,,
602,509,39,67,,,,,,,,,,,,,,
603,510,33,80,,,,,,,,,,,,,,
604,511,32,66,,,,,,,,,,,,,,
605,512,31,71,,,,,,,,,,,,,,
606,513,65,73,,,,,,,,,,,,,,
607,514,40,81,,,,,,,,,,,,,,
608,515,48,63,,,,,,,,,,,,,,
609,516,50,68,,,,,,,,,,,,,,
610,517,66,87,,,,,,,,,,,,,,
611,518,53,74,,,,,,,,,,,,,,
612,519,32,77,,,,,,,,,,,,,,
613,520,59,67,,,,,,,,,,,,,,
614,521,59,79,,,,,,,,,,,,,,
615,522,35,68,,,,,,,,,,,,,,
616,523,55,75,,,,,,,,,,,,,,
617,524,31,61,,,,,,,,,,,,,,
618,525,38,85,,,,,,,,,,,,,,
619,526,48,73,,,,,,,,,,,,,,
620,527,52,79,,,,,,,,,,,,,,
621,528,31,77,,,,,,,,,,,,,,
622,529,47,80,,,,,,,,,,,,,,
623,530,36,77,,,,,,,,,,,,,,
624,531,47,75,,,,,,,,,,,,,,
625,532,52,85,,,,,,,,,,,,,,
626,533,42,67,,,,,,,,,,,,,,
627,534,52,73,,,,,,,,,,,,,,
628,535,59,71,,,,,,,,,,,,,,
629,536,60,82,,,,,,,,,,,,,,
630,537,47,87,,,,,,,,,,,,,,
631,538,63,73,,,,,,,,,,,,,,
632,539,34,83,,,,,,,,,,,,,,
633,540,57,74,,,,,,,,,,,,,,
634,541,46,66,,,,,,,,,,,,,,
635,542,48,81,,,,,,,,,,,,,,
636,543,54,62,,,,,,,,,,,,,,
637,544,56,71,,,,,,,,,,,,,,
638,545,62,61,,,,,,,,,,,,,,
639,546,67,73,,,,,,,,,,,,,,
640,547,45,66,,,,,,,,,,,,,,
641,548,60,69,,,,,,,,,,,,,,
642,549,32,70,,,,,,,,,,,,,,
643,550,65,73,,,,,,,,,,,,,,
644,551,64,78,,,,,,,,,,,,,,
645,552,40,87,,,,,,,,,,,,,,
646,553,31,85,,,,,,,,,,,,,,
647,554,67,83,,,,,,,,,,,,,,
648,555,57,79,,,,,,,,,,,,,,
649,556,48,82,,,,,,,,,,,,,,
650,557,64,82,,,,,,,,,,,,,,
651,558,36,67,,,,,,,,,,,,,,
652,559,31,89,,,,,,,,,,,,,,
653,560,37,67,,,,,,,,,,,,,,
654,561,51,66,,,,,,,,,,,,,,
655,562,52,82,,,,,,,,,,,,,,
656,563,44,71,,,,,,,,,,,,,,
657,564,42,67,,,,,,,,,,,,,,
658,565,33,78,,,,,,,,,,,,,,
659,566,45,84,,,,,,,,,,,,,,
660,567,60,69,,,,,,,,,,,,,,
661,568,51,86,,,,,,,,,,,,,,
662,569,66,79,,,,,,,,,,,,,,
663,570,54,86,,,,,,,,,,,,,,
664,571,35,90,,,,,,,,,,,,,,
665,572,54,68,,,,,,,,,,,,,,
666,573,52,69,,,,,,,,,,,,,,
667,574,49,81,,,,,,,,,,,,,,
668,575,33,78,,,,,,,,,,,,,,
669,576,42,63,,,,,,,,,,,,,,
670,577,36,82,,,,,,,,,,,,,,
671,578,63,82,,,,,,,,,,,,,,
672,579,31,77,,,,,,,,,,,,,,
673,580,49,80,,,,,,,,,,,,,,
674,581,48,83,,,,,,,,,,,,,,
675,582,56,64,,,,,,,,,,,,,,
676,583,38,82,,,,,,,,,,,,,,
677,584,64,79,,,,,,,,,,,,,,
678,585,37,69,,,,,,,,,,,,,,
679,586,40,72,,,,,,,,,,,,,,
680,587,42,70,,,,,,,,,,,,,,
681,588,35,79,,,,,,,,,,,,,,
682,589,51,70,,,,,,,,,,,,,,
683,590,35,62,,,,,,,,,,,,,,
684,591,62,80,,,,,,,,,,,,,,
685,592,36,75,,,,,,,,,,,,,,
686,593,41,69,,,,,,,,,,,,,,
687,594,53,63,,,,,,,,,,,,,,
688,595,46,87,,,,,,,,,,,,,,
689,596,61,73,,,,,,,,,,,,,,
690,597,35,91,,,,,,,,,,,,,,
691,598,44,71,,,,,,,,,,,,,,
692,599,40,76,,,,,,,,,,,,,,
693,600,32,88,,,,,,,,,,,,,,
694,601,45,88,,,,,,,,,,,,,,
695,602,49,84,,,,,,,,,,,,,,
696,603,41,89,,,,,,,,,,,,,,
697,604,60,86,,,,,,,,,,,,,,
698,605,52,68,,,,,,,,,,,,,,
699,606,35,82,,,,,,,,,,,,,,
700,607,46,73,,,,,,,,,,,,,,
701,608,60,86,,,,,,,,,,,,,,
702,609,53,65,,,,,,,,,,,,,,
703,610,63,89,,,,,,,,,,,,,,
704,611,34,85,,,,,,,,,,,,,,
705,612,38,70,,,,,,,,,,,,,,
706,613,49,87,,,,,,,,,,,,,,
707,614,40,70,,,,,,,,,,,,,,
708,615,66,84,,,,,,,,,,,,,,
709,616,43,62,,,,,,,,,,,,,,
710,617,41,67,,,,,,,,,,,,,,
711,618,56,91,,,,,,,,,,,,,,
712,619,35,72,,,,,,,,,,,,,,
713,620,38,71,,,,,,,,,,,,,,
714,621,49,85,,,,,,,,,,,,,,
715,622,50,64,,,,,,,,,,,,,,
716,623,57,63,,,,,,,,,,,,,,
717,624,67,82,,,,,,,,,,,,,,
718,625,38,77,,,,,,,,,,,,,,
719,626,59,62,,,,,,,,,,,,,,
720,627,54,63,,,,,,,,,,,,,,
721,628,60,79,,,,,,,,,,,,,,
722,629,55,66,,,,,,,,,,,,,,
723,630,41,74,,,,,,,,,,,,,,
724,631,55,75,,,,,,,,,,,,,,
725,632,62,86,,,,,,,,,,,,,,
726,633,64,62,,,,,,,,,,,,,,
727,634,46,65,,,,,,,,,,,,,,
728,635,57,85,,,,,,,,,,,,,,
729,636,56,67,,,,,,,,,,,,,,
730,637,67,76,,,,,,,,,,,,,,
731,638,47,69,,,,,,,,,,,,,,
732,639,40,61,,,,,,,,,,,,,,
733,640,52,71,,,,,,,,,,,,,,
734,641,63,77,,,,,,,,,,,,,,
735,642,35,73,,,,,,,,,,,,,,
736,643,67,68,,,,,,,,,,,,,,
737,644,47,65,,,,,,,,,,,,,,
738,645,47,62,,,,,,,,,,,,,,
739,646,42,90,,,,,,,,,,,,,,
740,647,34,84,,,,,,,,,,,,,,
741,648,56,60,,,,,,,,,,,,,,
742,649,65,82,,,,,,,,,,,,,,
743,650,39,80,,,,,,,,,,,,,,
744,651,57,85,,,,,,,,,,,,,,
745,652,67,72,,,,,,,,,,,,,,
746,653,61,77,,,,,,,,,,,,,,
747,654,34,63,,,,,,,,,,,,,,
748,655,55,76,,,,,,,,,,,,,,
749,656,43,79,,,,,,,,,,,,,,
750,657,53,89,,,,,,,,,,,,,,
751,658,52,62,,,,,,,,,,,,,,
752,659,44,73,,,,,,,,,,,,,,
753,660,61,80,,,,,,,,,,,,,,
754,661,54,67,,,,,,,,,,,,,,
755,662,58,80,,,,,,,,,,,,,,
756,663,49,84,,,,,,,,,,,,,,
757,664,35,67,,,,,,,,,,,,,,
758,665,61,73,,,,,,,,,,,,,,
759,666,43,77,,,,,,,,,,,,,,
760,667,61,90,,,,,,,,,,,,,,
761,668,55,61,,,,,,,,,,,,,,
762,669,52,83,,,,,,,,,,,,,,
763,670,52,74,,,,,,,,,,,,,,
764,671,37,70,,,,,,,,,,,,,,
765,672,50,89,,,,,,,,,,,,,,
766,673,58,82,,,,,,,,,,,,,,
767,674,43,65,,,,,,,,,,,,,,
768,675,37,79,,,,,,,,,,,,,,
769,676,54,76,,,,,,,,,,,,,,
770,677,63,79,,,,,,,,,,,,,,
771,678,31,74,,,,,,,,,,,,,,
772,679,33,70,,,,,,,,,,,,,,
773,680,63,62,,,,,,,,,,,,,,
774,681,46,87,,,,,,,,,,,,,,
775,682,41,67,,,,,,,,,,,,,,
776,683,37,85,,,,,,,,,,,,,,
777,684,60,81,,,,,,,,,,,,,,
778,685,40,76,,,,,,,,,,,,,,
779,686,49,79,,,,,,,,,,,,,,
780,687,62,72,,,,,,,,,,,,,,
781,688,47,69,,,,,,,,,,,,,,
782,689,57,85,,,,,,,,,,,,,,
783,690,64,85,,,,,,,,,,,,,,
784,691,46,90,,,,,,,,,,,,,,
785,692,32,66,,,,,,,,,,,,,,
786,693,60,86,,,,,,,,,,,,,,
787,694,54,67,,,,,,,,,,,,,,
788,695,65,66,,,,,,,,,,,,,,
789,696,67,67,,,,,,,,,,,,,,
790,697,62,76,,,,,,,,,,,,,,
791,698,31,70,,,,,,,,,,,,,,
792,699,32,69,,,,,,,,,,,,,,
793,700,59,89,,,,,,,,,,,,,,
794,701,64,81,,,,,,,,,,,,,,
795,702,65,81,,,,,,,,,,,,,,
796,703,34,60,,,,,,,,,,,,,,
797,704,55,76,,,,,,,,,,,,,,
798,705,36,83,,,,,,,,,,,,,,
799,706,58,68,,,,,,,,,,,,,,
800,707,47,62,,,,,,,,,,,,,,
801,708,55,74,,,,,,,,,,,,,,
802,709,60,62,,,,,,,,,,,,,,
803,710,47,70,,,,,,,,,,,,,,
804,711,37,77,,,,,,,,,,,,,,
805,712,58,61,,,,,,,,,,,,,,
806,713,50,68,,,,,,,,,,,,,,
807,714,59,70,,,,,,,,,,,,,,
808,715,44,63,,,,,,,,,,,,,,
809,716,40,73,,,,,,,,,,,,,,
810,717,32,90,,,,,,,,,,,,,,
811,718,64,83,,,,,,,,,,,,,,
812,719,32,71,,,,,,,,,,,,,,
813,720,34,84,,,,,,,,,,,,,,
814,721,37,64,,,,,,,,,,,,,,
815,722,34,66,,,,,,,,,,,,,,
816,723,47,83,,,,,,,,,,,,,,
817,724,60,84,,,,,,,,,,,,,,
818,725,62,78,,,,,,,,,,,,,,
819,726,50,90,,,,,,,,,,,,,,
820,727,62,73,,,,,,,,,,,,,,
821,728,59,71,,,,,,,,,,,,,,
822,729,65,88,,,,,,,,,,,,,,
823,730,36,86,,,,,,,,,,,,,,
824,731,40,70,,,,,,,,,,,,,,
825,732,36,60,,,,,,,,,,,,,,
826,733,47,70,,,,,,,,,,,,,,
827,734,38,75,,,,,,,,,,,,,,
828,735,37,89,,,,,,,,,,,,,,
829,736,47,73,,,,,,,,,,,,,,
830,737,67,81,,,,,,,,,,,,,,
831,738,37,60,,,,,,,,,,,,,,
832,739,48,77,,,,,,,,,,,,,,
833,740,52,85,,,,,,,,,,,,,,
834,741,48,91,,,,,,,,,,,,,,
835,742,48,85,,,,,,,,,,,,,,
836,743,53,70,,,,,,,,,,,,,,
837,744,51,79,,,,,,,,,,,,,,
838,745,38,77,,,,,,,,,,,,,,
839,746,60,64,,,,,,,,,,,,,,
840,747,39,69,,,,,,,,,,,,,,
841,748,49,86,,,,,,,,,,,,,,
842,749,67,62,,,,,,,,,,,,,,
843,750,58,64,,,,,,,,,,,,,,
844,751,49,69,,,,,,,,,,,,,,
845,752,53,89,,,,,,,,,,,,,,
846,753,35,62,,,,,,,,,,,,,,
847,754,66,66,,,,,,,,,,,,,,
848,755,40,83,,,,,,,,,,,,,,
849,756,63,72,,,,,,,,,,,,,,
850,757,41,70,,,,,,,,,,,,,,
851,758,43,68,,,,,,,,,,,,,,
852,759,62,71,,,,,,,,,,,,,,
853,760,46,64,,,,,,,,,,,,,,
854,761,59,78,,,,,,,,,,,,,,
855,762,41,80,,,,,,,,,,,,,,
856,763,36,69,,,,,,,,,,,,,,
857,764,38,82,,,,,,,,,,,,,,
858,765,36,71,,,,,,,,,,,,,,
859,766,32,72,,,,,,,,,,,,,,
860,767,60,74,,,,,,,,,,,,,,
861,768,41,65,,,,,,,,,,,,,,
862,769,45,78,,,,,,,,,,,,,,
863,770,55,76,,,,,,,,,,,,,,
864,771,43,71,,,,,,,,,,,,,,
865,772,44,74,,,,,,,,,,,,,,
866,773,55,72,,,,,,,,,,,,,,
867,774,62,88,,,,,,,,,,,,,,
868,775,65,67,,,,,,,,,,,,,,
869,776,66,79,,,,,,,,,,,,,,
870,777,55,79,,,,,,,,,,,,,,
871,778,44,89,,,,,,,,,,,,,,
872,779,32,90,,,,,,,,,,,,,,
873,780,59,86,,,,,,,,,,,,,,
874,781,63,68,,,,,,,,,,,,,,
875,782,32,88,,,,,,,,,,,,,,
876,783,56,75,,,,,,,,,,,,,,
877,784,53,86,,,,,,,,,,,,,,
878,785,32,65,,,,,,,,,,,,,,
879,786,63,69,,,,,,,,,,,,,,
880,787,57,89,,,,,,,,,,,,,,
881,788,60,72,,,,,,,,,,,,,,
882,789,39,86,,,,,,,,,,,,,,
883,790,67,84,,,,,,,,,,,,,,
884,791,47,70,,,,,,,,,,,,,,
885,792,59,89,,,,,,,,,,,,,,
886,793,45,74,,,,,,,,,,,,,,
887,794,58,66,,,,,,,,,,,,,,
888,795,34,72,,,,,,,,,,,,,,
889,796,36,73,,,,,,,,,,,,,,
890,797,60,86,,,,,,,,,,,,,,
891,798,53,62,,,,,,,,,,,,,,
892,799,43,74,,,,,,,,,,,,,,
893,800,59,64,,,,,,,,,,,,,,
894,801,59,60,,,,,,,,,,,,,,
895,802,62,84,,,,,,,,,,,,,,
896,803,44,81,,,,,,,,,,,,,,
897,804,64,83,,,,,,,,,,,,,,
898,805,60,90,,,,,,,,,,,,,,
899,806,56,66,,,,,,,,,,,,,,
900,807,67,60,,,,,,,,,,,,,,
901,808,45,78,,,,,,,,,,,,,,
902,809,50,63,,,,,,,,,,,,,,
903,810,50,67,,,,,,,,,,,,,,
904,811,59,73,,,,,,,,,,,,,,
905,812,57,81,,,,,,,,,,,,,,
906,813,32,74,,,,,,,,,,,,,,
907,814,48,88,,,,,,,,,,,,,,
908,815,41,83,,,,,,,,,,,,,,
909,816,33,84,,,,,,,,,,,,,,
910,817,33,86,,,,,,,,,,,,,,
911,818,67,73,,,,,,,,,,,,,,
912,819,48,91,,,,,,,,,,,,,,
913,820,51,82,,,,,,,,,,,,,,
914,821,51,91,,,,,,,,,,,,,,
915,822,45,64,,,,,,,,,,,,,,
916,823,56,90,,,,,,,,,,,,,,
917,824,47,85,,,,,,,,,,,,,,
918,825,46,61,,,,,,,,,,,,,,
919,826,51,67,,,,,,,,,,,,,,
920,827,66,76,,,,,,,,,,,,,,
921,828,45,71,,,,,,,,,,,,,,
922,829,42,65,,,,,,,,,,,,,,
923,830,58,89,,,,,,,,,,,,,,
924,831,38,60,,,,,,,,,,,,,,
925,832,47,62,,,,,,,,,,,,,,
926,833,64,90,,,,,,,,,,,,,,
927,834,36,64,,,,,,,,,,,,,,
928,835,32,91,,,,,,,,,,,,,,
929,836,34,76,,,,,,,,,,,,,,
930,837,51,85,,,,,,,,,,,,,,
931,838,56,84,,,,,,,,,,,,,,
932,839,31,78,,,,,,,,,,,,,,
933,840,67,62,,,,,,,,,,,,,,
934,841,67,81,,,,,,,,,,,,,,
935,842,48,67,,,,,,,,,,,,,,
936,843,37,87,,,,,,,,,,,,,,
937,844,60,76,,,,,,,,,,,,,,
938,845,47,79,,,,,,,,,,,,,,
939,846,34,69,,,,,,,,,,,,,,
940,847,40,80,,,,,,,,,,,,,,
941,848,49,77,,,,,,,,,,,,,,
942,849,51,70,,,,,,,,,,,,,,
943,850,39,83,,,,,,,,,,,,,,
944,851,60,69,,,,,,,,,,,,,,
945,852,59,73,,,,,,,,,,,,,,
946,853,66,60,,,,,,,,,,,,,,
947,854,55,64,,,,,,,,,,,,,,
948,855,61,79,,,,,,,,,,,,,,
949,856,43,82,,,,,,,,,,,,,,
950,857,38,80,,,,,,,,,,,,,,
951,858,65,76,,,,,,,,,,,,,,
952,859,51,66,,,,,,,,,,,,,,
953,860,63,61,,,,,,,,,,,,,,
954,861,35,79,,,,,,,,,,,,,,
955,862,57,73,,,,,,,,,,,,,,
956,863,63,85,,,,,,,,,,,,,,
957,864,40,89,,,,,,,,,,,,,,
958,865,41,65,,,,,,,,,,,,,,
959,866,38,82,,,,,,,,,,,,,,
960,867,44,67,,,,,,,,,,,,,,
961,868,41,81,,,,,,,,,,,,,,
962,869,65,61,,,,,,,,,,,,,,
963,870,42,65,,,,,,,,,,,,,,
964,871,37,81,,,,,,,,,,,,,,
965,872,56,86,,,,,,,,,,,,,,
966,873,41,72,,,,,,,,,,,,,,
967,874,34,79,,,,,,,,,,,,,,
968,875,57,91,,,,,,,,,,,,,,
969,876,67,71,,,,,,,,,,,,,,
970,877,47,65,,,,,,,,,,,,,,
971,878,53,65,,,,,,,,,,,,,,
972,879,53,70,,,,,,,,,,,,,,
973,880,50,64,,,,,,,,,,,,,,
974,881,58,83,,,,,,,,,,,,,,
975,882,62,81,,,,,,,,,,,,,,
976,883,46,80,,,,,,,,,,,,,,
977,884,44,90,,,,,,,,,,,,,,
978,885,44,68,,,,,,,,,,,,,,
979,886,52,76,,,,,,,,,,,,,,
980,887,64,83,,,,,,,,,,,,,,
981,888,63,75,,,,,,,,,,,,,,
982,889,64,88,,,,,,,,,,,,,,
983,890,36,76,,,,,,,,,,,,,,
984,891,56,81,,,,,,,,,,,,,,
985,892,38,69,,,,,,,,,,,,,,
986,893,37,87,,,,,,,,,,,,,,
987,894,40,65,,,,,,,,,,,,,,
988,895,54,63,,,,,,,,,,,,,,
989,896,33,78,,,,,,,,,,,,,,
990,897,49,64,,,,,,,,,,,,,,
991,898,45,73,,,,,,,,,,,,,,
992,899,60,60,,,,,,,,,,,,,,
993,900,46,80,,,,,,,,,,,,,,
994,901,32,64,,,,,,,,,,,,,,
995,902,40,74,,,,,,,,,,,,,,
996,903,45,75,,,,,,,,,,,,,,
997,904,48,82,,,,,,,,,,,,,,
998,905,42,64,,,,,,,,,,,,,,
999,906,40,83,,,,,,,,,,,,,,
1000,907,38,61,,,,,,,,,,,,,,
1001,908,47,62,,,,,,,,,,,,,,
1002,909,50,77,,,,,,,,,,,,,,
1003,910,49,77,,,,,,,,,,,,,,
1004,911,44,65,,,,,,,,,,,,,,
1005,912,42,67,,,,,,,,,,,,,,
1006,913,37,60,,,,,,,,,,,,,,
1007,914,31,83,,,,,,,,,,,,,,
1008,915,43,74,,,,,,,,,,,,,,
1009,916,55,88,,,,,,,,,,,,,,
1010,917,48,75,,,,,,,,,,,,,,
1011,918,48,77,,,,,,,,,,,,,,
1012,919,46,84,,,,,,,,,,,,,,
1013,920,64,82,,,,,,,,,,,,,,
1014,921,45,77,,,,,,,,,,,,,,
1015,922,63,75,,,,,,,,,,,,,,
1016,923,62,71,,,,,,,,,,,,,,
1017,924,45,74,,,,,,,,,,,,,,
1018,925,56,69,,,,,,,,,,,,,,
1019,926,64,68,,,,,,,,,,,,,,
1020,927,50,87,,,,,,,,,,,,,,
1021,928,41,87,,,,,,,,,,,,,,
1022,929,61,60,,,,,,,,,,,,,,
1023,930,40,72,,,,,,,,,,,,,,
1024,931,47,83,,,,,,,,,,,,,,
1025,932,45,87,,,,,,,,,,,,,,
1026,933,48,72,,,,,,,,,,,,,,
1027,934,40,82,,,,,,,,,,,,,,
1028,935,52,89,,,,,,,,,,,,,,
1029,936,56,84,,,,,,,,,,,,,,
1030,937,54,85,,,,,,,,,,,,,,
1031,938,37,86,,,,,,,,,,,,,,
1032,939,41,86,,,,,,,,,,,,,,
1033,940,45,86,,,,,,,,,,,,,,
1034,941,53,77,,,,,,,,,,,,,,
1035,942,32,60,,,,,,,,,,,,,,
1036,943,50,73,,,,,,,,,,,,,,
1037,944,43,79,,,,,,,,,,,,,,
1038,945,39,79,,,,,,,,,,,,,,
1039,946,57,73,,,,,,,,,,,,,,
1040,947,49,76,,,,,,,,,,,,,,
1041,948,40,81,,,,,,,,,,,,,,
1042,949,37,60,,,,,,,,,,,,,,
1043,950,31,74,,,,,,,,,,,,,,
1044,951,34,82,,,,,,,,,,,,,,
1045,952,63,85,,,,,,,,,,,,,,
1046,953,54,64,,,,,,,,,,,,,,
1047,954,53,83,,,,,,,,,,,,,,
1048,955,56,74,,,,,,,,,,,,,,
1049,956,51,60,,,,,,,,,,,,,,
1050,957,53,73,,,,,,,,,,,,,,
1051,958,59,88,,,,,,,,,,,,,,
1052,959,56,71,,,,,,,,,,,,,,
1053,960,43,61,,,,,,,,,,,,,,
1054,961,32,80,,,,,,,,,,,,,,
1055,962,48,90,,,,,,,,,,,,,,
1056,963,38,68,,,,,,,,,,,,,,
1057,964,41,64,,,,,,,,,,,,,,
1058,965,50,76,,,,,,,,,,,,,,
1059,966,54,68,,,,,,,,,,,,,,
1060,967,60,90,,,,,,,,,,,,,,
1061,968,57,89,,,,,,,,,,,,,,
1062,969,55,68,,,,,,,,,,,,,,
1063,970,45,72,,,,,,,,,,,,,,
1064,971,60,79,,,,,,,,,,,,,,
1065,972,64,84,,,,,,,,,,,,,,
1066,973,32,82,,,,,,,,,,,,,,
1067,974,60,61,,,,,,,,,,,,,,
1068,975,58,71,,,,,,,,,,,,,,
1069,976,67,85,,,,,,,,,,,,,,
1070,977,56,91,,,,,,,,,,,,,,
1071,978,46,75,,,,,,,,,,,,,,
1072,979,39,89,,,,,,,,,,,,,,
1073,980,52,71,,,,,,,,,,,,,,
1074,981,62,75,,,,,,,,,,,,,,
1075,982,38,66,,,,,,,,,,,,,,
1076,983,61,69,,,,,,,,,,,,,,
1077,984,38,81,,,,,,,,,,,,,,
1078,985,57,87,,,,,,,,,,,,,,
1079,986,39,73,,,,,,,,,,,,,,
1080,987,67,89,,,,,,,,,,,,,,
1081,988,40,73,,,,,,,,,,,,,,
1082,989,57,82,,,,,,,,,,,,,,
1083,990,65,76,,,,,,,,,,,,,,
1084,991,47,67,,,,,,,,,,,,,,
1085,992,45,65,,,,,,,,,,,,,,
1086,993,50,86,,,,,,,,,,,,,,
1087,994,52,86,,,,,,,,,,,,,,
1088,995,49,68,,,,,,,,,,,,,,
1089,996,57,83,,,,,,,,,,,,,,
1090,997,56,60,,,,,,,,,,,,,,
1091,998,50,69,,,,,,,,,,,,,,
1092,999,45,83,,,,,,,,,,,,,,
1093,1000,66,84,,,,,,,,,,,,,,
