,n,10,Unnamed: 2,Unnamed: 3,Unnamed: 4,Unnamed: 5,Unnamed: 6,Unnamed: 7,Unnamed: 8,Unnamed: 9,Unnamed: 10,Unnamed: 11,Unnamed: 12,Unnamed: 13,Unnamed: 14
0,L,4,,,,,,,,,,,,,
1,C,4,,,,,,,,,,,,,
2,m,11,,,,,,,,,,,,,
3,op13,33,,,,,,,,,,,,,
4,N_Cmax,103,,,,,,,,,,,,,
5,N_TT,258,,,,,,,,,,,,,
6,I_Cmax,34,,,,,,,,,,,,,
7,I_TT,0,,,,,,,,,,,,,
8,MaxFES,8000,,,,,,,,,,,,,
9,,,,,,,,,,,,,,,
10,,,,1.0,1.0,1.0,2.0,2.0,2.0,3.0,3.0,3.0,4.0,4.0,Cell
11,,,,1.0,2.0,2.0,3.0,4.0,4.0,7.0,7.0,8.0,9.0,10.0,Machine
12,Part Family,Job,Operation no,1.0,1.0,2.0,1.0,1.0,2.0,1.0,2.0,1.0,1.0,1.0,Alternative(for machine)
13,1,1,1,4.0,,,,,,,,,,,
14,1,1,2,,5.0,5.0,,,,,,,,,
15,1,1,3,,,,6.0,,,,,,,,
16,1,1,4,,5.0,5.0,,,,,,,,,
17,1,2,1,,4.0,4.0,,,,,,,,,
18,1,2,2,3.0,,,,,,,,,,,
19,1,2,3,,4.0,4.0,,,,,,,,,
20,1,5,1,,,,,3.0,3.0,,,,,,
21,1,5,2,,2.0,2.0,,,,,,,,,
22,1,5,3,6.0,,,,,,,,,,,
23,1,5,4,,,,,3.0,3.0,,,,,,
24,2,6,1,1.0,,,,,,,,,,,
25,2,6,2,,,,,7.0,7.0,,,,,,
26,2,6,3,,,,5.0,,,,,,,,
27,2,6,4,1.0,,,,,,,,,,,
28,2,3,1,,,,,4.0,4.0,,,,,,
29,2,3,2,,7.0,7.0,,,,,,,,,
30,2,3,3,,,,2.0,,,,,,,,
31,2,4,1,,,,6.0,,,,,,,,
32,2,4,2,,,,,2.0,2.0,,,,,,
33,2,4,3,,,,6.0,,,,,,,,
34,3,15,1,,,,,,,,,2.0,,,
35,3,15,2,,,,,,,4.0,4.0,,,,
36,3,15,3,,,,,1.0,1.0,,,,,,
37,3,16,1,,,,,,,5.0,5.0,,,,
38,3,16,2,,2.0,2.0,,,,,,,,,
39,3,16,3,,,,,,,,,3.0,,,
40,3,16,4,,2.0,2.0,,,,,,,,,
41,4,18,1,,,,,,,,,,,6.0,
42,4,18,2,,,,,,,,,,4.0,,
43,4,19,1,,,,,,,,,,3.0,,
44,4,19,2,,,,,,,6.0,6.0,,,,
45,4,19,3,,,,,,,,,,,2.0,
46,,,,,,,,,,,,,,,
47,Part Family,Part Family,Setup Time,,,,,,,,,,,,
48,1,1,0,,,,,,,,,,,,
49,1,2,3,,,,,,,,,,,,
50,1,3,7,,,,,,,,,,,,
51,1,4,4,,,,,,,,,,,,
52,2,1,4,,,,,,,,,,,,
53,2,2,0,,,,,,,,,,,,
54,2,3,4,,,,,,,,,,,,
55,2,4,2,,,,,,,,,,,,
56,3,1,6,,,,,,,,,,,,
57,3,2,5,,,,,,,,,,,,
58,3,3,0,,,,,,,,,,,,
59,3,4,5,,,,,,,,,,,,
60,4,1,7,,,,,,,,,,,,
61,4,2,5,,,,,,,,,,,,
62,4,3,2,,,,,,,,,,,,
63,4,4,0,,,,,,,,,,,,
64,,,,,,,,,,,,,,,
65,Cell,Cell,Transportation Time,,,,,,,,,,,,
66,1,1,0,,,,,,,,,,,,
67,1,2,3,,,,,,,,,,,,
68,1,3,5,,,,,,,,,,,,
69,1,4,4,,,,,,,,,,,,
70,2,1,4,,,,,,,,,,,,
71,2,2,0,,,,,,,,,,,,
72,2,3,8,,,,,,,,,,,,
73,2,4,5,,,,,,,,,,,,
74,3,1,6,,,,,,,,,,,,
75,3,2,5,,,,,,,,,,,,
76,3,3,0,,,,,,,,,,,,
77,3,4,3,,,,,,,,,,,,
78,4,1,5,,,,,,,,,,,,
79,4,2,4,,,,,,,,,,,,
80,4,3,3,,,,,,,,,,,,
81,4,4,0,,,,,,,,,,,,
82,,,,,,,,,,,,,,,
83,Job,Due Date,,,,,,,,,,,,,
84,1,98,,,,,,,,,,,,,
85,2,77,,,,,,,,,,,,,
86,5,48,,,,,,,,,,,,,
87,6,2,,,,,,,,,,,,,
88,3,75,,,,,,,,,,,,,
89,4,3,,,,,,,,,,,,,
90,15,103,,,,,,,,,,,,,
91,16,4,,,,,,,,,,,,,
92,18,67,,,,,,,,,,,,,
93,19,15,,,,,,,,,,,,,
94,,,,,,,,,,,,,,,
95,No,Reference_point1,Reference_point2,,,,,,,,,,,,
96,1,43,65,,,,,,,,,,,,
97,2,52,97,,,,,,,,,,,,
98,3,60,81,,,,,,,,,,,,
99,4,48,106,,,,,,,,,,,,
100,5,38,91,,,,,,,,,,,,
101,6,35,72,,,,,,,,,,,,
102,7,46,108,,,,,,,,,,,,
103,8,61,92,,,,,,,,,,,,
104,9,45,90,,,,,,,,,,,,
105,10,62,94,,,,,,,,,,,,
106,11,71,64,,,,,,,,,,,,
107,12,40,78,,,,,,,,,,,,
108,13,65,68,,,,,,,,,,,,
109,14,65,75,,,,,,,,,,,,
110,15,66,103,,,,,,,,,,,,
111,16,56,95,,,,,,,,,,,,
112,17,61,60,,,,,,,,,,,,
113,18,73,99,,,,,,,,,,,,
114,19,68,63,,,,,,,,,,,,
115,20,54,85,,,,,,,,,,,,
116,21,44,108,,,,,,,,,,,,
117,22,61,78,,,,,,,,,,,,
118,23,51,93,,,,,,,,,,,,
119,24,61,83,,,,,,,,,,,,
120,25,43,77,,,,,,,,,,,,
121,26,55,68,,,,,,,,,,,,
122,27,47,93,,,,,,,,,,,,
123,28,49,67,,,,,,,,,,,,
124,29,71,64,,,,,,,,,,,,
125,30,72,83,,,,,,,,,,,,
126,31,59,62,,,,,,,,,,,,
127,32,38,70,,,,,,,,,,,,
128,33,37,75,,,,,,,,,,,,
129,34,55,75,,,,,,,,,,,,
130,35,73,102,,,,,,,,,,,,
131,36,65,70,,,,,,,,,,,,
132,37,38,68,,,,,,,,,,,,
133,38,51,106,,,,,,,,,,,,
134,39,50,97,,,,,,,,,,,,
135,40,71,66,,,,,,,,,,,,
136,41,53,75,,,,,,,,,,,,
137,42,36,83,,,,,,,,,,,,
138,43,48,78,,,,,,,,,,,,
139,44,48,60,,,,,,,,,,,,
140,45,58,100,,,,,,,,,,,,
141,46,68,97,,,,,,,,,,,,
142,47,37,61,,,,,,,,,,,,
143,48,69,71,,,,,,,,,,,,
144,49,68,83,,,,,,,,,,,,
145,50,46,65,,,,,,,,,,,,
146,51,39,78,,,,,,,,,,,,
147,52,52,78,,,,,,,,,,,,
148,53,56,74,,,,,,,,,,,,
149,54,36,68,,,,,,,,,,,,
150,55,44,81,,,,,,,,,,,,
151,56,64,68,,,,,,,,,,,,
152,57,39,101,,,,,,,,,,,,
153,58,73,75,,,,,,,,,,,,
154,59,73,91,,,,,,,,,,,,
155,60,68,94,,,,,,,,,,,,
156,61,71,86,,,,,,,,,,,,
157,62,61,67,,,,,,,,,,,,
158,63,34,61,,,,,,,,,,,,
159,64,39,63,,,,,,,,,,,,
160,65,45,69,,,,,,,,,,,,
161,66,37,105,,,,,,,,,,,,
162,67,52,100,,,,,,,,,,,,
163,68,73,65,,,,,,,,,,,,
164,69,67,94,,,,,,,,,,,,
165,70,70,62,,,,,,,,,,,,
166,71,46,69,,,,,,,,,,,,
167,72,63,68,,,,,,,,,,,,
168,73,37,93,,,,,,,,,,,,
169,74,59,71,,,,,,,,,,,,
170,75,35,87,,,,,,,,,,,,
171,76,43,70,,,,,,,,,,,,
172,77,58,89,,,,,,,,,,,,
173,78,41,88,,,,,,,,,,,,
174,79,61,75,,,,,,,,,,,,
175,80,47,86,,,,,,,,,,,,
176,81,40,108,,,,,,,,,,,,
177,82,68,62,,,,,,,,,,,,
178,83,48,100,,,,,,,,,,,,
179,84,62,75,,,,,,,,,,,,
180,85,68,102,,,,,,,,,,,,
181,86,52,74,,,,,,,,,,,,
182,87,63,99,,,,,,,,,,,,
183,88,49,96,,,,,,,,,,,,
184,89,65,84,,,,,,,,,,,,
185,90,37,76,,,,,,,,,,,,
186,91,49,103,,,,,,,,,,,,
187,92,35,95,,,,,,,,,,,,
188,93,72,102,,,,,,,,,,,,
189,94,46,102,,,,,,,,,,,,
190,95,59,80,,,,,,,,,,,,
191,96,51,86,,,,,,,,,,,,
192,97,47,78,,,,,,,,,,,,
193,98,69,75,,,,,,,,,,,,
194,99,47,93,,,,,,,,,,,,
195,100,66,72,,,,,,,,,,,,
196,101,73,75,,,,,,,,,,,,
197,102,49,67,,,,,,,,,,,,
198,103,37,106,,,,,,,,,,,,
199,104,53,100,,,,,,,,,,,,
200,105,42,81,,,,,,,,,,,,
201,106,65,68,,,,,,,,,,,,
202,107,43,60,,,,,,,,,,,,
203,108,39,73,,,,,,,,,,,,
204,109,71,67,,,,,,,,,,,,
205,110,37,84,,,,,,,,,,,,
206,111,54,100,,,,,,,,,,,,
207,112,60,81,,,,,,,,,,,,
208,113,51,106,,,,,,,,,,,,
209,114,71,77,,,,,,,,,,,,
210,115,70,62,,,,,,,,,,,,
211,116,50,65,,,,,,,,,,,,
212,117,61,100,,,,,,,,,,,,
213,118,48,63,,,,,,,,,,,,
214,119,54,103,,,,,,,,,,,,
215,120,59,60,,,,,,,,,,,,
216,121,49,83,,,,,,,,,,,,
217,122,60,69,,,,,,,,,,,,
218,123,58,72,,,,,,,,,,,,
219,124,45,76,,,,,,,,,,,,
220,125,43,89,,,,,,,,,,,,
221,126,48,68,,,,,,,,,,,,
222,127,57,76,,,,,,,,,,,,
223,128,63,67,,,,,,,,,,,,
224,129,60,105,,,,,,,,,,,,
225,130,62,67,,,,,,,,,,,,
226,131,34,65,,,,,,,,,,,,
227,132,70,68,,,,,,,,,,,,
228,133,35,93,,,,,,,,,,,,
229,134,53,80,,,,,,,,,,,,
230,135,60,64,,,,,,,,,,,,
231,136,64,62,,,,,,,,,,,,
232,137,54,64,,,,,,,,,,,,
233,138,38,61,,,,,,,,,,,,
234,139,41,82,,,,,,,,,,,,
235,140,66,68,,,,,,,,,,,,
236,141,59,89,,,,,,,,,,,,
237,142,39,75,,,,,,,,,,,,
238,143,61,71,,,,,,,,,,,,
239,144,54,77,,,,,,,,,,,,
240,145,37,70,,,,,,,,,,,,
241,146,50,88,,,,,,,,,,,,
242,147,40,83,,,,,,,,,,,,
243,148,34,72,,,,,,,,,,,,
244,149,57,83,,,,,,,,,,,,
245,150,40,106,,,,,,,,,,,,
246,151,65,103,,,,,,,,,,,,
247,152,61,66,,,,,,,,,,,,
248,153,67,75,,,,,,,,,,,,
249,154,60,84,,,,,,,,,,,,
250,155,42,94,,,,,,,,,,,,
251,156,72,69,,,,,,,,,,,,
252,157,38,86,,,,,,,,,,,,
253,158,54,79,,,,,,,,,,,,
254,159,73,88,,,,,,,,,,,,
255,160,53,98,,,,,,,,,,,,
256,161,40,66,,,,,,,,,,,,
257,162,47,81,,,,,,,,,,,,
258,163,61,69,,,,,,,,,,,,
259,164,69,62,,,,,,,,,,,,
260,165,37,102,,,,,,,,,,,,
261,166,52,93,,,,,,,,,,,,
262,167,45,103,,,,,,,,,,,,
263,168,49,97,,,,,,,,,,,,
264,169,71,108,,,,,,,,,,,,
265,170,53,78,,,,,,,,,,,,
266,171,57,61,,,,,,,,,,,,
267,172,39,79,,,,,,,,,,,,
268,173,43,70,,,,,,,,,,,,
269,174,52,90,,,,,,,,,,,,
270,175,72,89,,,,,,,,,,,,
271,176,44,60,,,,,,,,,,,,
272,177,34,78,,,,,,,,,,,,
273,178,65,91,,,,,,,,,,,,
274,179,56,71,,,,,,,,,,,,
275,180,52,90,,,,,,,,,,,,
276,181,50,89,,,,,,,,,,,,
277,182,50,77,,,,,,,,,,,,
278,183,43,73,,,,,,,,,,,,
279,184,70,71,,,,,,,,,,,,
280,185,40,96,,,,,,,,,,,,
281,186,52,108,,,,,,,,,,,,
282,187,37,65,,,,,,,,,,,,
283,188,42,66,,,,,,,,,,,,
284,189,73,105,,,,,,,,,,,,
285,190,42,82,,,,,,,,,,,,
286,191,63,73,,,,,,,,,,,,
287,192,37,83,,,,,,,,,,,,
288,193,57,82,,,,,,,,,,,,
289,194,61,104,,,,,,,,,,,,
290,195,37,96,,,,,,,,,,,,
291,196,42,93,,,,,,,,,,,,
292,197,55,102,,,,,,,,,,,,
293,198,71,107,,,,,,,,,,,,
294,199,58,98,,,,,,,,,,,,
295,200,40,106,,,,,,,,,,,,
296,201,46,71,,,,,,,,,,,,
297,202,52,70,,,,,,,,,,,,
298,203,39,73,,,,,,,,,,,,
299,204,70,103,,,,,,,,,,,,
300,205,40,92,,,,,,,,,,,,
301,206,60,90,,,,,,,,,,,,
302,207,35,108,,,,,,,,,,,,
303,208,69,67,,,,,,,,,,,,
304,209,54,105,,,,,,,,,,,,
305,210,64,98,,,,,,,,,,,,
306,211,58,108,,,,,,,,,,,,
307,212,39,79,,,,,,,,,,,,
308,213,55,97,,,,,,,,,,,,
309,214,52,70,,,,,,,,,,,,
310,215,40,72,,,,,,,,,,,,
311,216,54,69,,,,,,,,,,,,
312,217,65,72,,,,,,,,,,,,
313,218,40,84,,,,,,,,,,,,
314,219,65,103,,,,,,,,,,,,
315,220,47,75,,,,,,,,,,,,
316,221,55,98,,,,,,,,,,,,
317,222,64,81,,,,,,,,,,,,
318,223,37,88,,,,,,,,,,,,
319,224,60,86,,,,,,,,,,,,
320,225,72,98,,,,,,,,,,,,
321,226,52,93,,,,,,,,,,,,
322,227,34,78,,,,,,,,,,,,
323,228,47,76,,,,,,,,,,,,
324,229,37,63,,,,,,,,,,,,
325,230,60,78,,,,,,,,,,,,
326,231,66,94,,,,,,,,,,,,
327,232,62,104,,,,,,,,,,,,
328,233,40,82,,,,,,,,,,,,
329,234,67,98,,,,,,,,,,,,
330,235,67,78,,,,,,,,,,,,
331,236,48,91,,,,,,,,,,,,
332,237,58,82,,,,,,,,,,,,
333,238,43,99,,,,,,,,,,,,
334,239,43,94,,,,,,,,,,,,
335,240,46,106,,,,,,,,,,,,
336,241,38,105,,,,,,,,,,,,
337,242,44,78,,,,,,,,,,,,
338,243,65,100,,,,,,,,,,,,
339,244,40,79,,,,,,,,,,,,
340,245,70,100,,,,,,,,,,,,
341,246,50,95,,,,,,,,,,,,
342,247,42,107,,,,,,,,,,,,
343,248,54,101,,,,,,,,,,,,
344,249,36,101,,,,,,,,,,,,
345,250,45,91,,,,,,,,,,,,
346,251,63,103,,,,,,,,,,,,
347,252,61,88,,,,,,,,,,,,
348,253,51,100,,,,,,,,,,,,
349,254,37,87,,,,,,,,,,,,
350,255,38,86,,,,,,,,,,,,
351,256,37,78,,,,,,,,,,,,
352,257,64,95,,,,,,,,,,,,
353,258,44,103,,,,,,,,,,,,
354,259,51,76,,,,,,,,,,,,
355,260,38,75,,,,,,,,,,,,
356,261,45,81,,,,,,,,,,,,
357,262,68,60,,,,,,,,,,,,
358,263,72,91,,,,,,,,,,,,
359,264,51,91,,,,,,,,,,,,
360,265,71,80,,,,,,,,,,,,
361,266,63,79,,,,,,,,,,,,
362,267,51,92,,,,,,,,,,,,
363,268,42,71,,,,,,,,,,,,
364,269,43,93,,,,,,,,,,,,
365,270,71,107,,,,,,,,,,,,
366,271,64,89,,,,,,,,,,,,
367,272,45,78,,,,,,,,,,,,
368,273,63,62,,,,,,,,,,,,
369,274,72,84,,,,,,,,,,,,
370,275,62,90,,,,,,,,,,,,
371,276,49,95,,,,,,,,,,,,
372,277,62,106,,,,,,,,,,,,
373,278,47,75,,,,,,,,,,,,
374,279,34,93,,,,,,,,,,,,
375,280,58,99,,,,,,,,,,,,
376,281,49,81,,,,,,,,,,,,
377,282,58,94,,,,,,,,,,,,
378,283,65,94,,,,,,,,,,,,
379,284,71,65,,,,,,,,,,,,
380,285,54,60,,,,,,,,,,,,
381,286,60,97,,,,,,,,,,,,
382,287,50,67,,,,,,,,,,,,
383,288,56,93,,,,,,,,,,,,
384,289,40,84,,,,,,,,,,,,
385,290,45,104,,,,,,,,,,,,
386,291,61,105,,,,,,,,,,,,
387,292,70,75,,,,,,,,,,,,
388,293,34,60,,,,,,,,,,,,
389,294,61,83,,,,,,,,,,,,
390,295,47,103,,,,,,,,,,,,
391,296,42,86,,,,,,,,,,,,
392,297,36,66,,,,,,,,,,,,
393,298,57,75,,,,,,,,,,,,
394,299,73,87,,,,,,,,,,,,
395,300,56,61,,,,,,,,,,,,
396,301,38,101,,,,,,,,,,,,
397,302,73,94,,,,,,,,,,,,
398,303,72,91,,,,,,,,,,,,
399,304,47,87,,,,,,,,,,,,
400,305,49,92,,,,,,,,,,,,
401,306,40,85,,,,,,,,,,,,
402,307,50,94,,,,,,,,,,,,
403,308,38,82,,,,,,,,,,,,
404,309,54,74,,,,,,,,,,,,
405,310,61,98,,,,,,,,,,,,
406,311,35,82,,,,,,,,,,,,
407,312,65,90,,,,,,,,,,,,
408,313,65,65,,,,,,,,,,,,
409,314,61,72,,,,,,,,,,,,
410,315,56,72,,,,,,,,,,,,
411,316,62,88,,,,,,,,,,,,
412,317,70,72,,,,,,,,,,,,
413,318,66,100,,,,,,,,,,,,
414,319,71,71,,,,,,,,,,,,
415,320,48,78,,,,,,,,,,,,
416,321,61,65,,,,,,,,,,,,
417,322,37,92,,,,,,,,,,,,
418,323,63,94,,,,,,,,,,,,
419,324,39,78,,,,,,,,,,,,
420,325,34,66,,,,,,,,,,,,
421,326,65,93,,,,,,,,,,,,
422,327,68,98,,,,,,,,,,,,
423,328,34,91,,,,,,,,,,,,
424,329,36,78,,,,,,,,,,,,
425,330,70,102,,,,,,,,,,,,
426,331,71,63,,,,,,,,,,,,
427,332,73,66,,,,,,,,,,,,
428,333,71,87,,,,,,,,,,,,
429,334,57,67,,,,,,,,,,,,
430,335,69,73,,,,,,,,,,,,
431,336,54,74,,,,,,,,,,,,
432,337,71,75,,,,,,,,,,,,
433,338,37,104,,,,,,,,,,,,
434,339,49,65,,,,,,,,,,,,
435,340,68,64,,,,,,,,,,,,
436,341,72,75,,,,,,,,,,,,
437,342,43,81,,,,,,,,,,,,
438,343,52,61,,,,,,,,,,,,
439,344,62,66,,,,,,,,,,,,
440,345,44,68,,,,,,,,,,,,
441,346,64,88,,,,,,,,,,,,
442,347,46,83,,,,,,,,,,,,
443,348,50,90,,,,,,,,,,,,
444,349,38,106,,,,,,,,,,,,
445,350,63,69,,,,,,,,,,,,
446,351,38,108,,,,,,,,,,,,
447,352,53,96,,,,,,,,,,,,
448,353,58,84,,,,,,,,,,,,
449,354,63,86,,,,,,,,,,,,
450,355,61,64,,,,,,,,,,,,
451,356,44,107,,,,,,,,,,,,
452,357,54,100,,,,,,,,,,,,
453,358,70,90,,,,,,,,,,,,
454,359,67,87,,,,,,,,,,,,
455,360,60,104,,,,,,,,,,,,
456,361,67,82,,,,,,,,,,,,
457,362,69,95,,,,,,,,,,,,
458,363,54,105,,,,,,,,,,,,
459,364,72,82,,,,,,,,,,,,
460,365,70,83,,,,,,,,,,,,
461,366,66,81,,,,,,,,,,,,
462,367,49,93,,,,,,,,,,,,
463,368,72,107,,,,,,,,,,,,
464,369,67,84,,,,,,,,,,,,
465,370,66,107,,,,,,,,,,,,
466,371,45,68,,,,,,,,,,,,
467,372,51,68,,,,,,,,,,,,
468,373,70,98,,,,,,,,,,,,
469,374,36,84,,,,,,,,,,,,
470,375,57,99,,,,,,,,,,,,
471,376,65,86,,,,,,,,,,,,
472,377,45,99,,,,,,,,,,,,
473,378,47,92,,,,,,,,,,,,
474,379,37,97,,,,,,,,,,,,
475,380,42,93,,,,,,,,,,,,
476,381,55,73,,,,,,,,,,,,
477,382,59,70,,,,,,,,,,,,
478,383,45,99,,,,,,,,,,,,
479,384,57,100,,,,,,,,,,,,
480,385,68,105,,,,,,,,,,,,
481,386,65,76,,,,,,,,,,,,
482,387,63,94,,,,,,,,,,,,
483,388,58,92,,,,,,,,,,,,
484,389,34,95,,,,,,,,,,,,
485,390,65,95,,,,,,,,,,,,
486,391,68,83,,,,,,,,,,,,
487,392,69,65,,,,,,,,,,,,
488,393,61,72,,,,,,,,,,,,
489,394,40,87,,,,,,,,,,,,
490,395,47,75,,,,,,,,,,,,
491,396,69,63,,,,,,,,,,,,
492,397,45,66,,,,,,,,,,,,
493,398,51,61,,,,,,,,,,,,
494,399,55,71,,,,,,,,,,,,
495,400,69,65,,,,,,,,,,,,
496,401,42,71,,,,,,,,,,,,
497,402,59,92,,,,,,,,,,,,
498,403,34,82,,,,,,,,,,,,
499,404,66,88,,,,,,,,,,,,
500,405,41,93,,,,,,,,,,,,
501,406,59,78,,,,,,,,,,,,
502,407,72,84,,,,,,,,,,,,
503,408,66,62,,,,,,,,,,,,
504,409,49,86,,,,,,,,,,,,
505,410,54,60,,,,,,,,,,,,
506,411,60,60,,,,,,,,,,,,
507,412,53,87,,,,,,,,,,,,
508,413,35,94,,,,,,,,,,,,
509,414,36,90,,,,,,,,,,,,
510,415,44,89,,,,,,,,,,,,
511,416,39,98,,,,,,,,,,,,
512,417,67,93,,,,,,,,,,,,
513,418,54,90,,,,,,,,,,,,
514,419,67,70,,,,,,,,,,,,
515,420,37,71,,,,,,,,,,,,
516,421,52,88,,,,,,,,,,,,
517,422,49,92,,,,,,,,,,,,
518,423,60,85,,,,,,,,,,,,
519,424,38,98,,,,,,,,,,,,
520,425,46,78,,,,,,,,,,,,
521,426,59,108,,,,,,,,,,,,
522,427,62,102,,,,,,,,,,,,
523,428,52,69,,,,,,,,,,,,
524,429,63,64,,,,,,,,,,,,
525,430,58,75,,,,,,,,,,,,
526,431,50,69,,,,,,,,,,,,
527,432,46,89,,,,,,,,,,,,
528,433,55,102,,,,,,,,,,,,
529,434,55,74,,,,,,,,,,,,
530,435,72,69,,,,,,,,,,,,
531,436,42,68,,,,,,,,,,,,
532,437,51,73,,,,,,,,,,,,
533,438,56,63,,,,,,,,,,,,
534,439,59,100,,,,,,,,,,,,
535,440,69,86,,,,,,,,,,,,
536,441,57,72,,,,,,,,,,,,
537,442,46,103,,,,,,,,,,,,
538,443,72,66,,,,,,,,,,,,
539,444,36,107,,,,,,,,,,,,
540,445,43,75,,,,,,,,,,,,
541,446,68,96,,,,,,,,,,,,
542,447,58,97,,,,,,,,,,,,
543,448,67,72,,,,,,,,,,,,
544,449,45,98,,,,,,,,,,,,
545,450,38,99,,,,,,,,,,,,
546,451,73,100,,,,,,,,,,,,
547,452,66,65,,,,,,,,,,,,
548,453,40,82,,,,,,,,,,,,
549,454,56,81,,,,,,,,,,,,
550,455,46,78,,,,,,,,,,,,
551,456,56,104,,,,,,,,,,,,
552,457,41,63,,,,,,,,,,,,
553,458,63,67,,,,,,,,,,,,
554,459,69,80,,,,,,,,,,,,
555,460,58,79,,,,,,,,,,,,
556,461,65,88,,,,,,,,,,,,
557,462,36,91,,,,,,,,,,,,
558,463,47,82,,,,,,,,,,,,
559,464,56,93,,,,,,,,,,,,
560,465,51,74,,,,,,,,,,,,
561,466,65,101,,,,,,,,,,,,
562,467,62,64,,,,,,,,,,,,
563,468,56,97,,,,,,,,,,,,
564,469,51,69,,,,,,,,,,,,
565,470,62,85,,,,,,,,,,,,
566,471,57,91,,,,,,,,,,,,
567,472,60,101,,,,,,,,,,,,
568,473,64,106,,,,,,,,,,,,
569,474,56,85,,,,,,,,,,,,
570,475,35,93,,,,,,,,,,,,
571,476,49,102,,,,,,,,,,,,
572,477,40,94,,,,,,,,,,,,
573,478,73,79,,,,,,,,,,,,
574,479,64,68,,,,,,,,,,,,
575,480,64,94,,,,,,,,,,,,
576,481,69,102,,,,,,,,,,,,
577,482,73,60,,,,,,,,,,,,
578,483,57,95,,,,,,,,,,,,
579,484,41,64,,,,,,,,,,,,
580,485,54,106,,,,,,,,,,,,
581,486,62,93,,,,,,,,,,,,
582,487,61,65,,,,,,,,,,,,
583,488,66,67,,,,,,,,,,,,
584,489,70,70,,,,,,,,,,,,
585,490,69,78,,,,,,,,,,,,
586,491,70,62,,,,,,,,,,,,
587,492,59,97,,,,,,,,,,,,
588,493,71,105,,,,,,,,,,,,
589,494,61,60,,,,,,,,,,,,
590,495,37,67,,,,,,,,,,,,
591,496,34,73,,,,,,,,,,,,
592,497,51,60,,,,,,,,,,,,
593,498,59,95,,,,,,,,,,,,
594,499,59,92,,,,,,,,,,,,
595,500,44,62,,,,,,,,,,,,
596,501,64,82,,,,,,,,,,,,
597,502,34,64,,,,,,,,,,,,
598,503,73,94,,,,,,,,,,,,
599,504,40,62,,,,,,,,,,,,
600,505,69,100,,,,,,,,,,,,
601,506,53,86,,,,,,,,,,,,
602,507,44,79,,,,,,,,,,,,
603,508,66,100,,,,,,,,,,,,
604,509,43,70,,,,,,,,,,,,
605,510,37,92,,,,,,,,,,,,
606,511,35,69,,,,,,,,,,,,
607,512,34,78,,,,,,,,,,,,
608,513,71,80,,,,,,,,,,,,
609,514,44,93,,,,,,,,,,,,
610,515,52,65,,,,,,,,,,,,
611,516,54,72,,,,,,,,,,,,
612,517,72,101,,,,,,,,,,,,
613,518,58,81,,,,,,,,,,,,
614,519,35,86,,,,,,,,,,,,
615,520,65,71,,,,,,,,,,,,
616,521,65,90,,,,,,,,,,,,
617,522,38,72,,,,,,,,,,,,
618,523,60,83,,,,,,,,,,,,
619,524,34,61,,,,,,,,,,,,
620,525,42,99,,,,,,,,,,,,
621,526,53,80,,,,,,,,,,,,
622,527,57,89,,,,,,,,,,,,
623,528,34,87,,,,,,,,,,,,
624,529,52,90,,,,,,,,,,,,
625,530,40,87,,,,,,,,,,,,
626,531,51,83,,,,,,,,,,,,
627,532,57,98,,,,,,,,,,,,
628,533,46,71,,,,,,,,,,,,
629,534,57,80,,,,,,,,,,,,
630,535,64,77,,,,,,,,,,,,
631,536,65,93,,,,,,,,,,,,
632,537,51,101,,,,,,,,,,,,
633,538,69,80,,,,,,,,,,,,
634,539,37,96,,,,,,,,,,,,
635,540,62,82,,,,,,,,,,,,
636,541,50,70,,,,,,,,,,,,
637,542,52,92,,,,,,,,,,,,
638,543,58,64,,,,,,,,,,,,
639,544,61,77,,,,,,,,,,,,
640,545,67,62,,,,,,,,,,,,
641,546,73,80,,,,,,,,,,,,
642,547,49,70,,,,,,,,,,,,
643,548,65,74,,,,,,,,,,,,
644,549,35,75,,,,,,,,,,,,
645,550,71,80,,,,,,,,,,,,
646,551,70,88,,,,,,,,,,,,
647,552,44,102,,,,,,,,,,,,
648,553,34,98,,,,,,,,,,,,
649,554,73,96,,,,,,,,,,,,
650,555,62,89,,,,,,,,,,,,
651,556,52,94,,,,,,,,,,,,
652,557,70,94,,,,,,,,,,,,
653,558,39,71,,,,,,,,,,,,
654,559,34,105,,,,,,,,,,,,
655,560,40,71,,,,,,,,,,,,
656,561,56,70,,,,,,,,,,,,
657,562,56,94,,,,,,,,,,,,
658,563,48,78,,,,,,,,,,,,
659,564,46,71,,,,,,,,,,,,
660,565,36,88,,,,,,,,,,,,
661,566,49,97,,,,,,,,,,,,
662,567,66,74,,,,,,,,,,,,
663,568,55,100,,,,,,,,,,,,
664,569,72,90,,,,,,,,,,,,
665,570,59,101,,,,,,,,,,,,
666,571,38,106,,,,,,,,,,,,
667,572,59,72,,,,,,,,,,,,
668,573,57,73,,,,,,,,,,,,
669,574,54,92,,,,,,,,,,,,
670,575,37,87,,,,,,,,,,,,
671,576,46,64,,,,,,,,,,,,
672,577,39,94,,,,,,,,,,,,
673,578,68,94,,,,,,,,,,,,
674,579,34,86,,,,,,,,,,,,
675,580,53,91,,,,,,,,,,,,
676,581,52,96,,,,,,,,,,,,
677,582,61,67,,,,,,,,,,,,
678,583,42,94,,,,,,,,,,,,
679,584,69,90,,,,,,,,,,,,
680,585,40,74,,,,,,,,,,,,
681,586,44,78,,,,,,,,,,,,
682,587,45,76,,,,,,,,,,,,
683,588,38,89,,,,,,,,,,,,
684,589,56,75,,,,,,,,,,,,
685,590,39,63,,,,,,,,,,,,
686,591,68,91,,,,,,,,,,,,
687,592,40,84,,,,,,,,,,,,
688,593,44,73,,,,,,,,,,,,
689,594,58,65,,,,,,,,,,,,
690,595,50,101,,,,,,,,,,,,
691,596,66,80,,,,,,,,,,,,
692,597,38,108,,,,,,,,,,,,
693,598,48,77,,,,,,,,,,,,
694,599,44,84,,,,,,,,,,,,
695,600,35,103,,,,,,,,,,,,
696,601,49,103,,,,,,,,,,,,
697,602,54,97,,,,,,,,,,,,
698,603,45,104,,,,,,,,,,,,
699,604,65,100,,,,,,,,,,,,
700,605,57,72,,,,,,,,,,,,
701,606,39,94,,,,,,,,,,,,
702,607,50,80,,,,,,,,,,,,
703,608,65,100,,,,,,,,,,,,
704,609,57,69,,,,,,,,,,,,
705,610,68,105,,,,,,,,,,,,
706,611,37,98,,,,,,,,,,,,
707,612,42,75,,,,,,,,,,,,
708,613,53,101,,,,,,,,,,,,
709,614,44,75,,,,,,,,,,,,
710,615,72,97,,,,,,,,,,,,
711,616,47,63,,,,,,,,,,,,
712,617,45,71,,,,,,,,,,,,
713,618,61,108,,,,,,,,,,,,
714,619,39,78,,,,,,,,,,,,
715,620,41,77,,,,,,,,,,,,
716,621,53,99,,,,,,,,,,,,
717,622,55,67,,,,,,,,,,,,
718,623,62,65,,,,,,,,,,,,
719,624,73,94,,,,,,,,,,,,
720,625,41,86,,,,,,,,,,,,
721,626,64,63,,,,,,,,,,,,
722,627,59,65,,,,,,,,,,,,
723,628,65,89,,,,,,,,,,,,
724,629,60,69,,,,,,,,,,,,
725,630,45,81,,,,,,,,,,,,
726,631,60,83,,,,,,,,,,,,
727,632,68,100,,,,,,,,,,,,
728,633,70,63,,,,,,,,,,,,
729,634,50,68,,,,,,,,,,,,
730,635,63,99,,,,,,,,,,,,
731,636,61,70,,,,,,,,,,,,
732,637,73,85,,,,,,,,,,,,
733,638,51,74,,,,,,,,,,,,
734,639,44,62,,,,,,,,,,,,
735,640,57,78,,,,,,,,,,,,
736,641,68,87,,,,,,,,,,,,
737,642,38,80,,,,,,,,,,,,
738,643,73,73,,,,,,,,,,,,
739,644,51,68,,,,,,,,,,,,
740,645,51,64,,,,,,,,,,,,
741,646,46,106,,,,,,,,,,,,
742,647,37,97,,,,,,,,,,,,
743,648,62,60,,,,,,,,,,,,
744,649,71,95,,,,,,,,,,,,
745,650,43,91,,,,,,,,,,,,
746,651,62,99,,,,,,,,,,,,
747,652,73,78,,,,,,,,,,,,
748,653,67,86,,,,,,,,,,,,
749,654,37,65,,,,,,,,,,,,
750,655,60,85,,,,,,,,,,,,
751,656,47,89,,,,,,,,,,,,
752,657,58,104,,,,,,,,,,,,
753,658,56,64,,,,,,,,,,,,
754,659,48,81,,,,,,,,,,,,
755,660,66,91,,,,,,,,,,,,
756,661,59,71,,,,,,,,,,,,
757,662,63,91,,,,,,,,,,,,
758,663,54,97,,,,,,,,,,,,
759,664,39,71,,,,,,,,,,,,
760,665,66,81,,,,,,,,,,,,
761,666,47,86,,,,,,,,,,,,
762,667,66,106,,,,,,,,,,,,
763,668,60,62,,,,,,,,,,,,
764,669,57,96,,,,,,,,,,,,
765,670,57,81,,,,,,,,,,,,
766,671,41,76,,,,,,,,,,,,
767,672,54,105,,,,,,,,,,,,
768,673,63,94,,,,,,,,,,,,
769,674,47,68,,,,,,,,,,,,
770,675,41,89,,,,,,,,,,,,
771,676,59,85,,,,,,,,,,,,
772,677,69,89,,,,,,,,,,,,
773,678,34,82,,,,,,,,,,,,
774,679,36,76,,,,,,,,,,,,
775,680,69,63,,,,,,,,,,,,
776,681,50,101,,,,,,,,,,,,
777,682,45,70,,,,,,,,,,,,
778,683,40,99,,,,,,,,,,,,
779,684,65,92,,,,,,,,,,,,
780,685,43,85,,,,,,,,,,,,
781,686,54,90,,,,,,,,,,,,
782,687,67,78,,,,,,,,,,,,
783,688,52,74,,,,,,,,,,,,
784,689,62,99,,,,,,,,,,,,
785,690,69,99,,,,,,,,,,,,
786,691,50,106,,,,,,,,,,,,
787,692,35,70,,,,,,,,,,,,
788,693,65,100,,,,,,,,,,,,
789,694,59,71,,,,,,,,,,,,
790,695,70,69,,,,,,,,,,,,
791,696,73,71,,,,,,,,,,,,
792,697,68,84,,,,,,,,,,,,
793,698,35,76,,,,,,,,,,,,
794,699,35,74,,,,,,,,,,,,
795,700,64,105,,,,,,,,,,,,
796,701,70,93,,,,,,,,,,,,
797,702,71,92,,,,,,,,,,,,
798,703,37,61,,,,,,,,,,,,
799,704,60,85,,,,,,,,,,,,
800,705,39,95,,,,,,,,,,,,
801,706,63,72,,,,,,,,,,,,
802,707,51,63,,,,,,,,,,,,
803,708,60,82,,,,,,,,,,,,
804,709,66,64,,,,,,,,,,,,
805,710,51,76,,,,,,,,,,,,
806,711,40,87,,,,,,,,,,,,
807,712,63,62,,,,,,,,,,,,
808,713,55,73,,,,,,,,,,,,
809,714,64,76,,,,,,,,,,,,
810,715,48,65,,,,,,,,,,,,
811,716,44,80,,,,,,,,,,,,
812,717,35,107,,,,,,,,,,,,
813,718,69,95,,,,,,,,,,,,
814,719,35,78,,,,,,,,,,,,
815,720,38,97,,,,,,,,,,,,
816,721,40,66,,,,,,,,,,,,
817,722,37,69,,,,,,,,,,,,
818,723,52,95,,,,,,,,,,,,
819,724,65,98,,,,,,,,,,,,
820,725,67,87,,,,,,,,,,,,
821,726,55,106,,,,,,,,,,,,
822,727,68,80,,,,,,,,,,,,
823,728,64,77,,,,,,,,,,,,
824,729,71,103,,,,,,,,,,,,
825,730,39,100,,,,,,,,,,,,
826,731,44,76,,,,,,,,,,,,
827,732,40,60,,,,,,,,,,,,
828,733,52,75,,,,,,,,,,,,
829,734,42,83,,,,,,,,,,,,
830,735,41,105,,,,,,,,,,,,
831,736,51,81,,,,,,,,,,,,
832,737,73,92,,,,,,,,,,,,
833,738,40,61,,,,,,,,,,,,
834,739,52,86,,,,,,,,,,,,
835,740,57,99,,,,,,,,,,,,
836,741,53,108,,,,,,,,,,,,
837,742,53,98,,,,,,,,,,,,
838,743,57,75,,,,,,,,,,,,
839,744,56,90,,,,,,,,,,,,
840,745,41,86,,,,,,,,,,,,
841,746,65,67,,,,,,,,,,,,
842,747,43,73,,,,,,,,,,,,
843,748,54,100,,,,,,,,,,,,
844,749,73,63,,,,,,,,,,,,
845,750,63,66,,,,,,,,,,,,
846,751,54,75,,,,,,,,,,,,
847,752,57,104,,,,,,,,,,,,
848,753,39,64,,,,,,,,,,,,
849,754,72,69,,,,,,,,,,,,
850,755,44,96,,,,,,,,,,,,
851,756,69,79,,,,,,,,,,,,
852,757,45,76,,,,,,,,,,,,
853,758,47,73,,,,,,,,,,,,
854,759,68,78,,,,,,,,,,,,
855,760,50,66,,,,,,,,,,,,
856,761,64,88,,,,,,,,,,,,
857,762,45,91,,,,,,,,,,,,
858,763,39,74,,,,,,,,,,,,
859,764,42,94,,,,,,,,,,,,
860,765,40,77,,,,,,,,,,,,
861,766,36,79,,,,,,,,,,,,
862,767,65,82,,,,,,,,,,,,
863,768,45,68,,,,,,,,,,,,
864,769,49,88,,,,,,,,,,,,
865,770,60,84,,,,,,,,,,,,
866,771,47,77,,,,,,,,,,,,
867,772,48,82,,,,,,,,,,,,
868,773,60,78,,,,,,,,,,,,
869,774,68,103,,,,,,,,,,,,
870,775,71,71,,,,,,,,,,,,
871,776,72,89,,,,,,,,,,,,
872,777,60,89,,,,,,,,,,,,
873,778,48,104,,,,,,,,,,,,
874,779,35,107,,,,,,,,,,,,
875,780,64,101,,,,,,,,,,,,
876,781,69,73,,,,,,,,,,,,
877,782,35,104,,,,,,,,,,,,
878,783,61,84,,,,,,,,,,,,
879,784,58,100,,,,,,,,,,,,
880,785,35,68,,,,,,,,,,,,
881,786,69,73,,,,,,,,,,,,
882,787,62,104,,,,,,,,,,,,
883,788,66,79,,,,,,,,,,,,
884,789,42,100,,,,,,,,,,,,
885,790,73,97,,,,,,,,,,,,
886,791,51,75,,,,,,,,,,,,
887,792,64,105,,,,,,,,,,,,
888,793,49,81,,,,,,,,,,,,
889,794,63,69,,,,,,,,,,,,
890,795,38,78,,,,,,,,,,,,
891,796,39,81,,,,,,,,,,,,
892,797,66,100,,,,,,,,,,,,
893,798,58,63,,,,,,,,,,,,
894,799,47,82,,,,,,,,,,,,
895,800,64,67,,,,,,,,,,,,
896,801,65,61,,,,,,,,,,,,
897,802,67,97,,,,,,,,,,,,
898,803,48,93,,,,,,,,,,,,
899,804,69,96,,,,,,,,,,,,
900,805,66,107,,,,,,,,,,,,
901,806,61,69,,,,,,,,,,,,
902,807,73,60,,,,,,,,,,,,
903,808,50,87,,,,,,,,,,,,
904,809,54,65,,,,,,,,,,,,
905,810,54,71,,,,,,,,,,,,
906,811,64,80,,,,,,,,,,,,
907,812,63,92,,,,,,,,,,,,
908,813,35,81,,,,,,,,,,,,
909,814,53,103,,,,,,,,,,,,
910,815,45,95,,,,,,,,,,,,
911,816,36,97,,,,,,,,,,,,
912,817,36,100,,,,,,,,,,,,
913,818,73,79,,,,,,,,,,,,
914,819,52,108,,,,,,,,,,,,
915,820,56,94,,,,,,,,,,,,
916,821,55,108,,,,,,,,,,,,
917,822,49,66,,,,,,,,,,,,
918,823,61,106,,,,,,,,,,,,
919,824,52,98,,,,,,,,,,,,
920,825,50,62,,,,,,,,,,,,
921,826,56,70,,,,,,,,,,,,
922,827,72,85,,,,,,,,,,,,
923,828,49,77,,,,,,,,,,,,
924,829,46,68,,,,,,,,,,,,
925,830,63,105,,,,,,,,,,,,
926,831,42,60,,,,,,,,,,,,
927,832,51,63,,,,,,,,,,,,
928,833,70,105,,,,,,,,,,,,
929,834,39,67,,,,,,,,,,,,
930,835,35,108,,,,,,,,,,,,
931,836,37,85,,,,,,,,,,,,
932,837,56,99,,,,,,,,,,,,
933,838,61,97,,,,,,,,,,,,
934,839,34,88,,,,,,,,,,,,
935,840,73,64,,,,,,,,,,,,
936,841,73,93,,,,,,,,,,,,
937,842,52,72,,,,,,,,,,,,
938,843,41,101,,,,,,,,,,,,
939,844,66,85,,,,,,,,,,,,
940,845,51,90,,,,,,,,,,,,
941,846,38,74,,,,,,,,,,,,
942,847,44,91,,,,,,,,,,,,
943,848,54,86,,,,,,,,,,,,
944,849,56,75,,,,,,,,,,,,
945,850,43,96,,,,,,,,,,,,
946,851,65,75,,,,,,,,,,,,
947,852,64,80,,,,,,,,,,,,
948,853,71,61,,,,,,,,,,,,
949,854,60,67,,,,,,,,,,,,
950,855,67,90,,,,,,,,,,,,
951,856,47,94,,,,,,,,,,,,
952,857,41,91,,,,,,,,,,,,
953,858,71,85,,,,,,,,,,,,
954,859,55,69,,,,,,,,,,,,
955,860,69,62,,,,,,,,,,,,
956,861,39,90,,,,,,,,,,,,
957,862,62,80,,,,,,,,,,,,
958,863,69,99,,,,,,,,,,,,
959,864,44,105,,,,,,,,,,,,
960,865,45,67,,,,,,,,,,,,
961,866,42,94,,,,,,,,,,,,
962,867,48,71,,,,,,,,,,,,
963,868,45,93,,,,,,,,,,,,
964,869,71,61,,,,,,,,,,,,
965,870,46,67,,,,,,,,,,,,
966,871,41,92,,,,,,,,,,,,
967,872,61,100,,,,,,,,,,,,
968,873,45,79,,,,,,,,,,,,
969,874,38,89,,,,,,,,,,,,
970,875,62,108,,,,,,,,,,,,
971,876,73,77,,,,,,,,,,,,
972,877,51,68,,,,,,,,,,,,
973,878,58,68,,,,,,,,,,,,
974,879,58,76,,,,,,,,,,,,
975,880,55,67,,,,,,,,,,,,
976,881,64,96,,,,,,,,,,,,
977,882,68,92,,,,,,,,,,,,
978,883,50,91,,,,,,,,,,,,
979,884,48,106,,,,,,,,,,,,
980,885,48,72,,,,,,,,,,,,
981,886,57,85,,,,,,,,,,,,
982,887,69,95,,,,,,,,,,,,
983,888,69,83,,,,,,,,,,,,
984,889,70,103,,,,,,,,,,,,
985,890,39,84,,,,,,,,,,,,
986,891,61,92,,,,,,,,,,,,
987,892,42,75,,,,,,,,,,,,
988,893,41,101,,,,,,,,,,,,
989,894,44,68,,,,,,,,,,,,
990,895,59,65,,,,,,,,,,,,
991,896,36,88,,,,,,,,,,,,
992,897,53,67,,,,,,,,,,,,
993,898,50,81,,,,,,,,,,,,
994,899,66,61,,,,,,,,,,,,
995,900,50,91,,,,,,,,,,,,
996,901,35,67,,,,,,,,,,,,
997,902,43,82,,,,,,,,,,,,
998,903,49,83,,,,,,,,,,,,
999,904,52,94,,,,,,,,,,,,
1000,905,46,66,,,,,,,,,,,,
1001,906,44,95,,,,,,,,,,,,
1002,907,41,61,,,,,,,,,,,,
1003,908,52,64,,,,,,,,,,,,
1004,909,55,86,,,,,,,,,,,,
1005,910,53,87,,,,,,,,,,,,
1006,911,48,68,,,,,,,,,,,,
1007,912,46,72,,,,,,,,,,,,
1008,913,41,60,,,,,,,,,,,,
1009,914,34,96,,,,,,,,,,,,
1010,915,47,81,,,,,,,,,,,,
1011,916,60,103,,,,,,,,,,,,
1012,917,52,84,,,,,,,,,,,,
1013,918,52,86,,,,,,,,,,,,
1014,919,50,97,,,,,,,,,,,,
1015,920,70,94,,,,,,,,,,,,
1016,921,49,87,,,,,,,,,,,,
1017,922,69,84,,,,,,,,,,,,
1018,923,67,77,,,,,,,,,,,,
1019,924,49,82,,,,,,,,,,,,
1020,925,61,75,,,,,,,,,,,,
1021,926,70,72,,,,,,,,,,,,
1022,927,55,102,,,,,,,,,,,,
1023,928,44,102,,,,,,,,,,,,
1024,929,67,60,,,,,,,,,,,,
1025,930,44,79,,,,,,,,,,,,
1026,931,52,95,,,,,,,,,,,,
1027,932,49,102,,,,,,,,,,,,
1028,933,52,78,,,,,,,,,,,,
1029,934,43,94,,,,,,,,,,,,
1030,935,56,104,,,,,,,,,,,,
1031,936,61,97,,,,,,,,,,,,
1032,937,59,98,,,,,,,,,,,,
1033,938,40,99,,,,,,,,,,,,
1034,939,45,100,,,,,,,,,,,,
1035,940,50,100,,,,,,,,,,,,
1036,941,58,87,,,,,,,,,,,,
1037,942,35,60,,,,,,,,,,,,
1038,943,55,80,,,,,,,,,,,,
1039,944,47,89,,,,,,,,,,,,
1040,945,43,89,,,,,,,,,,,,
1041,946,62,80,,,,,,,,,,,,
1042,947,53,85,,,,,,,,,,,,
1043,948,44,92,,,,,,,,,,,,
1044,949,40,60,,,,,,,,,,,,
1045,950,35,82,,,,,,,,,,,,
1046,951,38,93,,,,,,,,,,,,
1047,952,69,98,,,,,,,,,,,,
1048,953,59,66,,,,,,,,,,,,
1049,954,58,96,,,,,,,,,,,,
1050,955,61,82,,,,,,,,,,,,
1051,956,56,60,,,,,,,,,,,,
1052,957,58,81,,,,,,,,,,,,
1053,958,65,103,,,,,,,,,,,,
1054,959,61,78,,,,,,,,,,,,
1055,960,47,62,,,,,,,,,,,,
1056,961,35,91,,,,,,,,,,,,
1057,962,52,107,,,,,,,,,,,,
1058,963,42,72,,,,,,,,,,,,
1059,964,45,66,,,,,,,,,,,,
1060,965,55,84,,,,,,,,,,,,
1061,966,59,73,,,,,,,,,,,,
1062,967,66,106,,,,,,,,,,,,
1063,968,63,105,,,,,,,,,,,,
1064,969,60,72,,,,,,,,,,,,
1065,970,49,79,,,,,,,,,,,,
1066,971,65,89,,,,,,,,,,,,
1067,972,70,97,,,,,,,,,,,,
1068,973,35,94,,,,,,,,,,,,
1069,974,66,62,,,,,,,,,,,,
1070,975,63,77,,,,,,,,,,,,
1071,976,73,99,,,,,,,,,,,,
1072,977,61,107,,,,,,,,,,,,
1073,978,51,83,,,,,,,,,,,,
1074,979,42,105,,,,,,,,,,,,
1075,980,56,78,,,,,,,,,,,,
1076,981,68,84,,,,,,,,,,,,
1077,982,42,69,,,,,,,,,,,,
1078,983,66,74,,,,,,,,,,,,
1079,984,42,92,,,,,,,,,,,,
1080,985,62,101,,,,,,,,,,,,
1081,986,43,80,,,,,,,,,,,,
1082,987,73,105,,,,,,,,,,,,
1083,988,44,81,,,,,,,,,,,,
1084,989,62,94,,,,,,,,,,,,
1085,990,70,84,,,,,,,,,,,,
1086,991,52,70,,,,,,,,,,,,
1087,992,49,68,,,,,,,,,,,,
1088,993,55,101,,,,,,,,,,,,
1089,994,57,100,,,,,,,,,,,,
1090,995,54,72,,,,,,,,,,,,
1091,996,62,96,,,,,,,,,,,,
1092,997,61,60,,,,,,,,,,,,
1093,998,55,74,,,,,,,,,,,,
1094,999,49,95,,,,,,,,,,,,
1095,1000,72,96,,,,,,,,,,,,
