n;30;;;;;;;;;;;;;;;;;;;;;;;;;;;;;;;;
L;5;;;;;;;;;;;;;;;;;;;;;;;;;;;;;;;;
C;5;;;;;;;;;;;;;;;;;;;;;;;;;;;;;;;;
m;30;;;;;;;;;;;;;;;;;;;;;;;;;;;;;;;;
op36;105;;;;;;;;;;;;;;;;;;;;;;;;;;;;;;;;
N_Cmax;113;;;;;;;;;;;;;;;;;;;;;;;;;;;;;;;;
N_TT;831;;;;;;;;;;;;;;;;;;;;;;;;;;;;;;;;
I_Cmax;47;;;;;;;;;;;;;;;;;;;;;;;;;;;;;;;;
I_TT;0;;;;;;;;;;;;;;;;;;;;;;;;;;;;;;;;
MaxFES;26000;;;;;;;;;;;;;;;;;;;;;;;;;;;;;;;;
;;;;;;;;;;;;;;;;;;;;;;;;;;;;;;;;;
;;;1;1;1;1;1;2;2;2;3;3;3;3;3;3;3;4;4;4;4;4;4;4;4;4;4;5;5;5;5;5;Cell
;;;1;1;2;2;2;3;4;4;7;8;13;14;14;14;14;9;9;10;10;10;10;11;11;11;12;15;16;16;17;18;Machine
Part Family;Job;Operation no;1;2;1;2;2;1;1;2;1;1;1;1;2;3;4;1;2;1;2;3;4;1;2;3;1;1;1;2;1;1;Alternative(for machine)
1;1;1;4;4;;;;;;;;;;;;;;;;;;;;;;;;;;;;;
1;1;2;;;5;5;5;;;;;;;;;;;;;;;;;;;;;;;;;;
1;1;3;;;;;;6;;;;;;;;;;;;;;;;;;;;;;;;;
1;1;4;;;5;5;5;;;;;;;;;;;;;;;;;;;;;;;;;;
1;2;1;;;4;4;4;;;;;;;;;;;;;;;;;;;;;;;;;;
1;2;2;3;3;;;;;;;;;;;;;;;;;;;;;;;;;;;;;
1;2;3;;;4;4;4;;;;;;;;;;;;;;;;;;;;;;;;;;
1;9;1;;;5;5;5;;;;;;;;;;;;;;;;;;;;;;;;;;
1;9;2;4;4;;;;;;;;;;;;;;;;;;;;;;;;;;;;;
1;9;3;;;5;5;5;;;;;;;;;;;;;;;;;;;;;;;;;;
1;69;1;3;3;;;;;;;;;;;;;;;;;;;;;;;;;;;;;
1;69;2;;;5;5;5;;;;;;;;;;;;;;;;;;;;;;;;;;
1;69;3;3;3;;;;;;;;;;;;;;;;;;;;;;;;;;;;;
1;69;4;;;5;5;5;;;;;;;;;;;;;;;;;;;;;;;;;;
1;70;1;4;4;;;;;;;;;;;;;;;;;;;;;;;;;;;;;
1;70;2;;;7;7;7;;;;;;;;;;;;;;;;;;;;;;;;;;
1;70;3;4;4;;;;;;;;;;;;;;;;;;;;;;;;;;;;;
1;71;1;;;;;;;;;;3;;;;;;;;;;;;;;;;;;;;;
1;71;2;;;1;1;1;;;;;;;;;;;;;;;;;;;;;;;;;;
1;71;3;8;8;;;;;;;;;;;;;;;;;;;;;;;;;;;;;
1;71;4;;;1;1;1;;;;;;;;;;;;;;;;;;;;;;;;;;
2;3;1;;;;;;;4;4;;;;;;;;;;;;;;;;;;;;;;;
2;3;2;;;7;7;7;;;;;;;;;;;;;;;;;;;;;;;;;;
2;3;3;;;;;;2;;;;;;;;;;;;;;;;;;;;;;;;;
2;4;1;;;;;;6;;;;;;;;;;;;;;;;;;;;;;;;;
2;4;2;;;;;;;2;2;;;;;;;;;;;;;;;;;;;;;;;
2;4;3;;;;;;6;;;;;;;;;;;;;;;;;;;;;;;;;
2;6;1;1;1;;;;;;;;;;;;;;;;;;;;;;;;;;;;;
2;6;2;;;;;;;7;7;;;;;;;;;;;;;;;;;;;;;;;
2;6;3;;;;;;5;;;;;;;;;;;;;;;;;;;;;;;;;
2;6;4;1;1;;;;;;;;;;;;;;;;;;;;;;;;;;;;;
2;10;1;;;;;;9;;;;;;;;;;;;;;;;;;;;;;;;;
2;10;2;;;7;7;7;;;;;;;;;;;;;;;;;;;;;;;;;;
2;10;3;;;;;;;3;3;;;;;;;;;;;;;;;;;;;;;;;
2;23;1;;;;;;;7;7;;;;;;;;;;;;;;;;;;;;;;;
3;25;1;;;;;;;;;;;6;;;;;;;;;;;;;;;;;;;;
3;25;2;;;;;;;;;;4;;;;;;;;;;;;;;;;;;;;;
3;25;3;;;;;;;;;;;;9;9;9;9;;;;;;;;;;;;;;;;
3;25;4;;;;;;;;;;4;;;;;;;;;;;;;;;;;;;;;
3;26;1;;;;;;;;;;;;4;4;4;4;;;;;;;;;;;;;;;;
3;26;2;;;;;;;;;;5;;;;;;;;;;;;;;;;;;;;;
3;26;3;;;;;;;;;;;7;;;;;;;;;;;;;;;;;;;;
3;26;4;;;;;;;;;2;;;;;;;;;;;;;;;;;;;;;;
3;28;1;;;;;;;;;;2;;;;;;;;;;;;;;;;;;;;;
3;28;2;;;;;;;;;;;;3;3;3;3;;;;;;;;;;;;;;;;
3;28;3;;;;;;;;;;;9;;;;;;;;;;;;;;;;;;;;
3;28;4;;;;;;;;;;;;3;3;3;3;;;;;;;;;;;;;;;;
3;29;1;;;;;;;;;;6;;;;;;;;;;;;;;;;;;;;;
3;29;2;;;;;;;;;;;7;;;;;;;;;;;;;;;;;;;;
3;29;3;;;;;;;;;;;;4;4;4;4;;;;;;;;;;;;;;;;
3;29;4;;;;;;;;;5;;;;;;;;;;;;;;;;;;;;;;
3;30;1;;;;;;;;;;;;6;6;6;6;;;;;;;;;;;;;;;;
3;30;2;;;;;;;;;;3;;;;;;;;;;;;;;;;;;;;;
3;30;3;;;;;;;;;5;;;;;;;;;;;;;;;;;;;;;;
3;30;4;;;;;;;;;;3;;;;;;;;;;;;;;;;;;;;;
3;47;1;;;;;;;;;;;;;;;;;;3;3;3;3;;;;;;;;;;
3;47;2;;;;;;;;;;8;;;;;;;;;;;;;;;;;;;;;
3;47;3;;;;;;;;;;;;7;7;7;7;;;;;;;;;;;;;;;;
3;47;4;;;;;;;;;;;;;;;;;;3;3;3;3;;;;;;;;;;
3;48;1;;;;;;;;;;1;;;;;;;;;;;;;;;;;;;;;
3;48;2;;;;;;;;;4;;;;;;;;;;;;;;;;;;;;;;
3;48;3;;;;;;;;;;;;3;3;3;3;;;;;;;;;;;;;;;;
4;32;1;;;;;;;;;;;;;;;;;;7;7;7;7;;;;;;;;;;
4;32;2;;;;;;;;;;;;;;;;;;;;;;;;;6;;;;;;
4;32;3;;;;;;;;;;;;;;;;5;5;;;;;;;;;;;;;;
4;32;4;;;;;;;;;;;;;;;;;;;;;;2;2;2;;;;;;;
4;33;1;;;;;;;;;;;;;;;;;;;;;;3;3;3;;;;;;;
4;33;2;;;;;;;;;;;;;;;;6;6;;;;;;;;;;;;;;
4;33;3;;;;;;;;;;;;;;;;;;5;5;5;5;;;;;;;;;;
4;33;4;;;;;;;;;;;;;;;;6;6;;;;;;;;;;;;;;
4;46;1;;;;;;;;;;;;;;;;;;;;;;;;;;;3;3;;;
4;46;2;;;;;;;;;;;;;;;;;;7;7;7;7;;;;;;;;;;
4;46;3;;;;;;;;;;;;;;;;;;;;;;2;2;2;;;;;;;
4;19;1;;;;;;;;;;;;;;;;3;3;;;;;;;;;;;;;;
4;19;2;;;;;;;;;6;;;;;;;;;;;;;;;;;;;;;;
4;19;3;;;;;;;;;;;;;;;;;;2;2;2;2;;;;;;;;;;
4;20;1;;;;;;;;;;;;;;;;;;;;;;7;7;7;;;;;;;
4;20;2;;;;;;;;;;;;;;;;;;8;8;8;8;;;;;;;;;;
4;20;3;;;;;;;;;;;;;;;;;;;;;;;;;5;;;;;;
4;21;1;;;;;;;;;;;;;;;;;;;;;;;;;3;;;;;;
4;21;2;;;;;;;;;;;;;;;;4;4;;;;;;;;;;;;;;
4;21;3;;;;;;;;;;;;;;;;;;;;;;5;5;5;;;;;;;
4;49;1;;;;;;;;;;;;;;;;;;1;1;1;1;;;;;;;;;;
4;49;2;;;;;;;;;;;;;;;;8;8;;;;;;;;;;;;;;
4;49;3;;;;;;;;;;;;;;;;;;;;;;;;;2;;;;;;
4;49;4;;;;;;;;;;;;;;;;;;;;;;3;3;3;;;;;;;
5;45;1;;;;;;;;;;;;;;;;;;;;;;;;;;2;;;;;
5;45;2;;;;;;;;;;;;;;;;;;;;;;4;4;4;;;;;;;
5;45;3;;;;;;;;;;;;;;;;;;;;;;;;;;;;;;8;
5;45;4;;;;;;;;;;;;;;;;;;;;;;;;;;;;;6;;
5;34;1;;;;;;;;;;;;;;;;;;;;;;;;;;;2;2;;;
5;34;2;;;;;;;;;;;;;;;;;;;;;;;;;;6;;;;;
5;34;3;;;;;;;;;;;;;;;;;;;;;;;;;;;;;;3;
5;34;4;;;;;;;;;;;;;;;;;;;;;;;;;;;;;1;;
5;35;1;;;;;;;;;;;;;;;;;;;;;;;;;;;;;3;;
5;35;2;;;;;;;;;;;;;;;;;;;;;;;;;;;5;5;;;
5;35;3;;;;;;;;;;;;;;;;;;;;;;;;;;;;;;7;
5;36;1;;;;;;;;;;;;;;;;;;;;;;;;;;;6;6;;;
5;36;2;;;;;;;;;;;;;;;;;;;;;;;;;;;;;2;;
5;36;3;;;;;;;;;;;;;;;;;;;;;;;;;;;6;6;;;
5;36;4;;;;;;;;;;;;;;;;;;;;;;;;;;4;;;;;
5;37;1;;;;;;;;;;;;;;;;;;;;;;;;;;5;;;;;
5;37;2;;;;;;;;;;;;;;;;;;;;;;;;;;;;;3;;
5;37;3;;;;;;;;;;;;;;;;;;;;;;;;;;;1;1;;;
5;37;4;;;;;;;;;;;;;;;;;;;;;;;;;;;;;;6;
;;;;;;;;;;;;;;;;;;;;;;;;;;;;;;;;;
Part Family;Part Family;Setup Time;;;;;;;;;;;;;;;;;;;;;;;;;;;;;;;
1;1;0;;;;;;;;;;;;;;;;;;;;;;;;;;;;;;;
1;2;3;;;;;;;;;;;;;;;;;;;;;;;;;;;;;;;
1;3;7;;;;;;;;;;;;;;;;;;;;;;;;;;;;;;;
1;4;4;;;;;;;;;;;;;;;;;;;;;;;;;;;;;;;
1;5;5;;;;;;;;;;;;;;;;;;;;;;;;;;;;;;;
2;1;4;;;;;;;;;;;;;;;;;;;;;;;;;;;;;;;
2;2;0;;;;;;;;;;;;;;;;;;;;;;;;;;;;;;;
2;3;4;;;;;;;;;;;;;;;;;;;;;;;;;;;;;;;
2;4;2;;;;;;;;;;;;;;;;;;;;;;;;;;;;;;;
2;5;8;;;;;;;;;;;;;;;;;;;;;;;;;;;;;;;
3;1;6;;;;;;;;;;;;;;;;;;;;;;;;;;;;;;;
3;2;5;;;;;;;;;;;;;;;;;;;;;;;;;;;;;;;
3;3;0;;;;;;;;;;;;;;;;;;;;;;;;;;;;;;;
3;4;5;;;;;;;;;;;;;;;;;;;;;;;;;;;;;;;
3;5;4;;;;;;;;;;;;;;;;;;;;;;;;;;;;;;;
4;1;7;;;;;;;;;;;;;;;;;;;;;;;;;;;;;;;
4;2;5;;;;;;;;;;;;;;;;;;;;;;;;;;;;;;;
4;3;2;;;;;;;;;;;;;;;;;;;;;;;;;;;;;;;
4;4;0;;;;;;;;;;;;;;;;;;;;;;;;;;;;;;;
4;5;3;;;;;;;;;;;;;;;;;;;;;;;;;;;;;;;
5;1;5;;;;;;;;;;;;;;;;;;;;;;;;;;;;;;;
5;2;3;;;;;;;;;;;;;;;;;;;;;;;;;;;;;;;
5;3;5;;;;;;;;;;;;;;;;;;;;;;;;;;;;;;;
5;4;3;;;;;;;;;;;;;;;;;;;;;;;;;;;;;;;
5;5;0;;;;;;;;;;;;;;;;;;;;;;;;;;;;;;;
;;;;;;;;;;;;;;;;;;;;;;;;;;;;;;;;;
Cell;Cell;Transportation Time;;;;;;;;;;;;;;;;;;;;;;;;;;;;;;;
1;1;0;;;;;;;;;;;;;;;;;;;;;;;;;;;;;;;
1;2;3;;;;;;;;;;;;;;;;;;;;;;;;;;;;;;;
1;3;5;;;;;;;;;;;;;;;;;;;;;;;;;;;;;;;
1;4;4;;;;;;;;;;;;;;;;;;;;;;;;;;;;;;;
1;5;8;;;;;;;;;;;;;;;;;;;;;;;;;;;;;;;
2;1;4;;;;;;;;;;;;;;;;;;;;;;;;;;;;;;;
2;2;0;;;;;;;;;;;;;;;;;;;;;;;;;;;;;;;
2;3;8;;;;;;;;;;;;;;;;;;;;;;;;;;;;;;;
2;4;5;;;;;;;;;;;;;;;;;;;;;;;;;;;;;;;
2;5;4;;;;;;;;;;;;;;;;;;;;;;;;;;;;;;;
3;1;6;;;;;;;;;;;;;;;;;;;;;;;;;;;;;;;
3;2;5;;;;;;;;;;;;;;;;;;;;;;;;;;;;;;;
3;3;0;;;;;;;;;;;;;;;;;;;;;;;;;;;;;;;
3;4;3;;;;;;;;;;;;;;;;;;;;;;;;;;;;;;;
3;5;3;;;;;;;;;;;;;;;;;;;;;;;;;;;;;;;
4;1;5;;;;;;;;;;;;;;;;;;;;;;;;;;;;;;;
4;2;4;;;;;;;;;;;;;;;;;;;;;;;;;;;;;;;
4;3;3;;;;;;;;;;;;;;;;;;;;;;;;;;;;;;;
4;4;0;;;;;;;;;;;;;;;;;;;;;;;;;;;;;;;
4;5;2;;;;;;;;;;;;;;;;;;;;;;;;;;;;;;;
5;1;7;;;;;;;;;;;;;;;;;;;;;;;;;;;;;;;
5;2;5;;;;;;;;;;;;;;;;;;;;;;;;;;;;;;;
5;3;7;;;;;;;;;;;;;;;;;;;;;;;;;;;;;;;
5;4;2;;;;;;;;;;;;;;;;;;;;;;;;;;;;;;;
5;5;0;;;;;;;;;;;;;;;;;;;;;;;;;;;;;;;
;;;;;;;;;;;;;;;;;;;;;;;;;;;;;;;;;
Job;Due Date;;;;;;;;;;;;;;;;;;;;;;;;;;;;;;;;
1;98;;;;;;;;;;;;;;;;;;;;;;;;;;;;;;;;
2;77;;;;;;;;;;;;;;;;;;;;;;;;;;;;;;;;
9;50;;;;;;;;;;;;;;;;;;;;;;;;;;;;;;;;
69;104;;;;;;;;;;;;;;;;;;;;;;;;;;;;;;;;
70;63;;;;;;;;;;;;;;;;;;;;;;;;;;;;;;;;
71;108;;;;;;;;;;;;;;;;;;;;;;;;;;;;;;;;
3;75;;;;;;;;;;;;;;;;;;;;;;;;;;;;;;;;
4;3;;;;;;;;;;;;;;;;;;;;;;;;;;;;;;;;
6;2;;;;;;;;;;;;;;;;;;;;;;;;;;;;;;;;
10;8;;;;;;;;;;;;;;;;;;;;;;;;;;;;;;;;
23;5;;;;;;;;;;;;;;;;;;;;;;;;;;;;;;;;
25;29;;;;;;;;;;;;;;;;;;;;;;;;;;;;;;;;
26;22;;;;;;;;;;;;;;;;;;;;;;;;;;;;;;;;
28;3;;;;;;;;;;;;;;;;;;;;;;;;;;;;;;;;
29;8;;;;;;;;;;;;;;;;;;;;;;;;;;;;;;;;
30;18;;;;;;;;;;;;;;;;;;;;;;;;;;;;;;;;
47;30;;;;;;;;;;;;;;;;;;;;;;;;;;;;;;;;
48;21;;;;;;;;;;;;;;;;;;;;;;;;;;;;;;;;
32;62;;;;;;;;;;;;;;;;;;;;;;;;;;;;;;;;
33;15;;;;;;;;;;;;;;;;;;;;;;;;;;;;;;;;
46;46;;;;;;;;;;;;;;;;;;;;;;;;;;;;;;;;
19;15;;;;;;;;;;;;;;;;;;;;;;;;;;;;;;;;
20;28;;;;;;;;;;;;;;;;;;;;;;;;;;;;;;;;
21;43;;;;;;;;;;;;;;;;;;;;;;;;;;;;;;;;
49;9;;;;;;;;;;;;;;;;;;;;;;;;;;;;;;;;
45;29;;;;;;;;;;;;;;;;;;;;;;;;;;;;;;;;
34;52;;;;;;;;;;;;;;;;;;;;;;;;;;;;;;;;
35;17;;;;;;;;;;;;;;;;;;;;;;;;;;;;;;;;
36;42;;;;;;;;;;;;;;;;;;;;;;;;;;;;;;;;
37;61;;;;;;;;;;;;;;;;;;;;;;;;;;;;;;;;
;;;;;;;;;;;;;;;;;;;;;;;;;;;;;;;;;
No;Reference_point1;Reference_point2;;;;;;;;;;;;;;;;;;;;;;;;;;;;;;;
1;54;177;;;;;;;;;;;;;;;;;;;;;;;;;;;;;;;
2;60;331;;;;;;;;;;;;;;;;;;;;;;;;;;;;;;;
3;66;252;;;;;;;;;;;;;;;;;;;;;;;;;;;;;;;
4;57;371;;;;;;;;;;;;;;;;;;;;;;;;;;;;;;;
5;49;301;;;;;;;;;;;;;;;;;;;;;;;;;;;;;;;
6;47;209;;;;;;;;;;;;;;;;;;;;;;;;;;;;;;;
7;56;382;;;;;;;;;;;;;;;;;;;;;;;;;;;;;;;
8;66;304;;;;;;;;;;;;;;;;;;;;;;;;;;;;;;;
9;55;295;;;;;;;;;;;;;;;;;;;;;;;;;;;;;;;
10;67;315;;;;;;;;;;;;;;;;;;;;;;;;;;;;;;;
11;74;173;;;;;;;;;;;;;;;;;;;;;;;;;;;;;;;
12;51;240;;;;;;;;;;;;;;;;;;;;;;;;;;;;;;;
13;70;191;;;;;;;;;;;;;;;;;;;;;;;;;;;;;;;
14;70;223;;;;;;;;;;;;;;;;;;;;;;;;;;;;;;;
15;70;358;;;;;;;;;;;;;;;;;;;;;;;;;;;;;;;
16;63;318;;;;;;;;;;;;;;;;;;;;;;;;;;;;;;;
17;67;155;;;;;;;;;;;;;;;;;;;;;;;;;;;;;;;
18;75;339;;;;;;;;;;;;;;;;;;;;;;;;;;;;;;;
19;71;166;;;;;;;;;;;;;;;;;;;;;;;;;;;;;;;
20;61;274;;;;;;;;;;;;;;;;;;;;;;;;;;;;;;;
21;54;383;;;;;;;;;;;;;;;;;;;;;;;;;;;;;;;
22;67;242;;;;;;;;;;;;;;;;;;;;;;;;;;;;;;;
23;59;309;;;;;;;;;;;;;;;;;;;;;;;;;;;;;;;
24;66;262;;;;;;;;;;;;;;;;;;;;;;;;;;;;;;;
25;54;234;;;;;;;;;;;;;;;;;;;;;;;;;;;;;;;
26;62;191;;;;;;;;;;;;;;;;;;;;;;;;;;;;;;;
27;57;313;;;;;;;;;;;;;;;;;;;;;;;;;;;;;;;
28;58;188;;;;;;;;;;;;;;;;;;;;;;;;;;;;;;;
29;74;171;;;;;;;;;;;;;;;;;;;;;;;;;;;;;;;
30;75;265;;;;;;;;;;;;;;;;;;;;;;;;;;;;;;;
31;65;162;;;;;;;;;;;;;;;;;;;;;;;;;;;;;;;
32;50;202;;;;;;;;;;;;;;;;;;;;;;;;;;;;;;;
33;49;224;;;;;;;;;;;;;;;;;;;;;;;;;;;;;;;
34;62;223;;;;;;;;;;;;;;;;;;;;;;;;;;;;;;;
35;75;356;;;;;;;;;;;;;;;;;;;;;;;;;;;;;;;
36;70;203;;;;;;;;;;;;;;;;;;;;;;;;;;;;;;;
37;49;193;;;;;;;;;;;;;;;;;;;;;;;;;;;;;;;
38;59;374;;;;;;;;;;;;;;;;;;;;;;;;;;;;;;;
39;58;332;;;;;;;;;;;;;;;;;;;;;;;;;;;;;;;
40;74;180;;;;;;;;;;;;;;;;;;;;;;;;;;;;;;;
41;61;226;;;;;;;;;;;;;;;;;;;;;;;;;;;;;;;
42;48;261;;;;;;;;;;;;;;;;;;;;;;;;;;;;;;;
43;57;242;;;;;;;;;;;;;;;;;;;;;;;;;;;;;;;
44;57;153;;;;;;;;;;;;;;;;;;;;;;;;;;;;;;;
45;64;346;;;;;;;;;;;;;;;;;;;;;;;;;;;;;;;
46;71;332;;;;;;;;;;;;;;;;;;;;;;;;;;;;;;;
47;49;158;;;;;;;;;;;;;;;;;;;;;;;;;;;;;;;
48;72;204;;;;;;;;;;;;;;;;;;;;;;;;;;;;;;;
49;72;262;;;;;;;;;;;;;;;;;;;;;;;;;;;;;;;
50;55;180;;;;;;;;;;;;;;;;;;;;;;;;;;;;;;;
51;50;238;;;;;;;;;;;;;;;;;;;;;;;;;;;;;;;
52;60;237;;;;;;;;;;;;;;;;;;;;;;;;;;;;;;;
53;63;223;;;;;;;;;;;;;;;;;;;;;;;;;;;;;;;
54;48;191;;;;;;;;;;;;;;;;;;;;;;;;;;;;;;;
55;54;254;;;;;;;;;;;;;;;;;;;;;;;;;;;;;;;
56;68;192;;;;;;;;;;;;;;;;;;;;;;;;;;;;;;;
57;50;350;;;;;;;;;;;;;;;;;;;;;;;;;;;;;;;
58;75;226;;;;;;;;;;;;;;;;;;;;;;;;;;;;;;;
59;75;303;;;;;;;;;;;;;;;;;;;;;;;;;;;;;;;
60;71;314;;;;;;;;;;;;;;;;;;;;;;;;;;;;;;;
61;74;278;;;;;;;;;;;;;;;;;;;;;;;;;;;;;;;
62;66;189;;;;;;;;;;;;;;;;;;;;;;;;;;;;;;;
63;47;157;;;;;;;;;;;;;;;;;;;;;;;;;;;;;;;
64;50;169;;;;;;;;;;;;;;;;;;;;;;;;;;;;;;;
65;55;199;;;;;;;;;;;;;;;;;;;;;;;;;;;;;;;
66;49;367;;;;;;;;;;;;;;;;;;;;;;;;;;;;;;;
67;60;344;;;;;;;;;;;;;;;;;;;;;;;;;;;;;;;
68;75;180;;;;;;;;;;;;;;;;;;;;;;;;;;;;;;;
69;71;313;;;;;;;;;;;;;;;;;;;;;;;;;;;;;;;
70;73;164;;;;;;;;;;;;;;;;;;;;;;;;;;;;;;;
71;56;199;;;;;;;;;;;;;;;;;;;;;;;;;;;;;;;
72;68;193;;;;;;;;;;;;;;;;;;;;;;;;;;;;;;;
73;49;310;;;;;;;;;;;;;;;;;;;;;;;;;;;;;;;
74;65;207;;;;;;;;;;;;;;;;;;;;;;;;;;;;;;;
75;47;284;;;;;;;;;;;;;;;;;;;;;;;;;;;;;;;
76;54;203;;;;;;;;;;;;;;;;;;;;;;;;;;;;;;;
77;65;292;;;;;;;;;;;;;;;;;;;;;;;;;;;;;;;
78;52;288;;;;;;;;;;;;;;;;;;;;;;;;;;;;;;;
79;66;225;;;;;;;;;;;;;;;;;;;;;;;;;;;;;;;
80;57;276;;;;;;;;;;;;;;;;;;;;;;;;;;;;;;;
81;52;383;;;;;;;;;;;;;;;;;;;;;;;;;;;;;;;
82;72;165;;;;;;;;;;;;;;;;;;;;;;;;;;;;;;;
83;57;344;;;;;;;;;;;;;;;;;;;;;;;;;;;;;;;
84;67;224;;;;;;;;;;;;;;;;;;;;;;;;;;;;;;;
85;71;355;;;;;;;;;;;;;;;;;;;;;;;;;;;;;;;
86;60;219;;;;;;;;;;;;;;;;;;;;;;;;;;;;;;;
87;68;338;;;;;;;;;;;;;;;;;;;;;;;;;;;;;;;
88;58;324;;;;;;;;;;;;;;;;;;;;;;;;;;;;;;;
89;70;270;;;;;;;;;;;;;;;;;;;;;;;;;;;;;;;
90;49;230;;;;;;;;;;;;;;;;;;;;;;;;;;;;;;;
91;58;360;;;;;;;;;;;;;;;;;;;;;;;;;;;;;;;
92;48;320;;;;;;;;;;;;;;;;;;;;;;;;;;;;;;;
93;74;352;;;;;;;;;;;;;;;;;;;;;;;;;;;;;;;
94;55;355;;;;;;;;;;;;;;;;;;;;;;;;;;;;;;;
95;65;247;;;;;;;;;;;;;;;;;;;;;;;;;;;;;;;
96;59;276;;;;;;;;;;;;;;;;;;;;;;;;;;;;;;;
97;56;239;;;;;;;;;;;;;;;;;;;;;;;;;;;;;;;
98;72;227;;;;;;;;;;;;;;;;;;;;;;;;;;;;;;;
99;56;311;;;;;;;;;;;;;;;;;;;;;;;;;;;;;;;
100;70;211;;;;;;;;;;;;;;;;;;;;;;;;;;;;;;;
101;75;227;;;;;;;;;;;;;;;;;;;;;;;;;;;;;;;
102;58;188;;;;;;;;;;;;;;;;;;;;;;;;;;;;;;;
103;49;373;;;;;;;;;;;;;;;;;;;;;;;;;;;;;;;
104;60;343;;;;;;;;;;;;;;;;;;;;;;;;;;;;;;;
105;53;254;;;;;;;;;;;;;;;;;;;;;;;;;;;;;;;
106;69;192;;;;;;;;;;;;;;;;;;;;;;;;;;;;;;;
107;53;154;;;;;;;;;;;;;;;;;;;;;;;;;;;;;;;
108;51;217;;;;;;;;;;;;;;;;;;;;;;;;;;;;;;;
109;74;187;;;;;;;;;;;;;;;;;;;;;;;;;;;;;;;
110;49;267;;;;;;;;;;;;;;;;;;;;;;;;;;;;;;;
111;62;345;;;;;;;;;;;;;;;;;;;;;;;;;;;;;;;
112;66;255;;;;;;;;;;;;;;;;;;;;;;;;;;;;;;;
113;59;371;;;;;;;;;;;;;;;;;;;;;;;;;;;;;;;
114;74;236;;;;;;;;;;;;;;;;;;;;;;;;;;;;;;;
115;73;165;;;;;;;;;;;;;;;;;;;;;;;;;;;;;;;
116;58;177;;;;;;;;;;;;;;;;;;;;;;;;;;;;;;;
117;66;343;;;;;;;;;;;;;;;;;;;;;;;;;;;;;;;
118;57;166;;;;;;;;;;;;;;;;;;;;;;;;;;;;;;;
119;61;359;;;;;;;;;;;;;;;;;;;;;;;;;;;;;;;
120;65;154;;;;;;;;;;;;;;;;;;;;;;;;;;;;;;;
121;57;264;;;;;;;;;;;;;;;;;;;;;;;;;;;;;;;
122;65;199;;;;;;;;;;;;;;;;;;;;;;;;;;;;;;;
123;65;213;;;;;;;;;;;;;;;;;;;;;;;;;;;;;;;
124;55;229;;;;;;;;;;;;;;;;;;;;;;;;;;;;;;;
125;53;291;;;;;;;;;;;;;;;;;;;;;;;;;;;;;;;
126;57;193;;;;;;;;;;;;;;;;;;;;;;;;;;;;;;;
127;64;228;;;;;;;;;;;;;;;;;;;;;;;;;;;;;;;
128;68;186;;;;;;;;;;;;;;;;;;;;;;;;;;;;;;;
129;66;370;;;;;;;;;;;;;;;;;;;;;;;;;;;;;;;
130;67;188;;;;;;;;;;;;;;;;;;;;;;;;;;;;;;;
131;47;180;;;;;;;;;;;;;;;;;;;;;;;;;;;;;;;
132;73;190;;;;;;;;;;;;;;;;;;;;;;;;;;;;;;;
133;47;310;;;;;;;;;;;;;;;;;;;;;;;;;;;;;;;
134;61;248;;;;;;;;;;;;;;;;;;;;;;;;;;;;;;;
135;65;172;;;;;;;;;;;;;;;;;;;;;;;;;;;;;;;
136;69;166;;;;;;;;;;;;;;;;;;;;;;;;;;;;;;;
137;62;172;;;;;;;;;;;;;;;;;;;;;;;;;;;;;;;
138;50;161;;;;;;;;;;;;;;;;;;;;;;;;;;;;;;;
139;52;260;;;;;;;;;;;;;;;;;;;;;;;;;;;;;;;
140;70;192;;;;;;;;;;;;;;;;;;;;;;;;;;;;;;;
141;65;294;;;;;;;;;;;;;;;;;;;;;;;;;;;;;;;
142;50;227;;;;;;;;;;;;;;;;;;;;;;;;;;;;;;;
143;66;206;;;;;;;;;;;;;;;;;;;;;;;;;;;;;;;
144;62;235;;;;;;;;;;;;;;;;;;;;;;;;;;;;;;;
145;49;200;;;;;;;;;;;;;;;;;;;;;;;;;;;;;;;
146;58;285;;;;;;;;;;;;;;;;;;;;;;;;;;;;;;;
147;51;262;;;;;;;;;;;;;;;;;;;;;;;;;;;;;;;
148;47;212;;;;;;;;;;;;;;;;;;;;;;;;;;;;;;;
149;63;265;;;;;;;;;;;;;;;;;;;;;;;;;;;;;;;
150;52;371;;;;;;;;;;;;;;;;;;;;;;;;;;;;;;;
151;69;357;;;;;;;;;;;;;;;;;;;;;;;;;;;;;;;
152;66;185;;;;;;;;;;;;;;;;;;;;;;;;;;;;;;;
153;71;225;;;;;;;;;;;;;;;;;;;;;;;;;;;;;;;
154;66;267;;;;;;;;;;;;;;;;;;;;;;;;;;;;;;;
155;53;313;;;;;;;;;;;;;;;;;;;;;;;;;;;;;;;
156;75;196;;;;;;;;;;;;;;;;;;;;;;;;;;;;;;;
157;50;279;;;;;;;;;;;;;;;;;;;;;;;;;;;;;;;
158;61;243;;;;;;;;;;;;;;;;;;;;;;;;;;;;;;;
159;75;286;;;;;;;;;;;;;;;;;;;;;;;;;;;;;;;
160;60;337;;;;;;;;;;;;;;;;;;;;;;;;;;;;;;;
161;51;182;;;;;;;;;;;;;;;;;;;;;;;;;;;;;;;
162;56;255;;;;;;;;;;;;;;;;;;;;;;;;;;;;;;;
163;66;197;;;;;;;;;;;;;;;;;;;;;;;;;;;;;;;
164;72;163;;;;;;;;;;;;;;;;;;;;;;;;;;;;;;;
165;49;351;;;;;;;;;;;;;;;;;;;;;;;;;;;;;;;
166;60;312;;;;;;;;;;;;;;;;;;;;;;;;;;;;;;;
167;55;357;;;;;;;;;;;;;;;;;;;;;;;;;;;;;;;
168;58;329;;;;;;;;;;;;;;;;;;;;;;;;;;;;;;;
169;73;383;;;;;;;;;;;;;;;;;;;;;;;;;;;;;;;
170;61;237;;;;;;;;;;;;;;;;;;;;;;;;;;;;;;;
171;63;158;;;;;;;;;;;;;;;;;;;;;;;;;;;;;;;
172;51;243;;;;;;;;;;;;;;;;;;;;;;;;;;;;;;;
173;53;201;;;;;;;;;;;;;;;;;;;;;;;;;;;;;;;
174;60;297;;;;;;;;;;;;;;;;;;;;;;;;;;;;;;;
175;74;293;;;;;;;;;;;;;;;;;;;;;;;;;;;;;;;
176;54;152;;;;;;;;;;;;;;;;;;;;;;;;;;;;;;;
177;47;239;;;;;;;;;;;;;;;;;;;;;;;;;;;;;;;
178;69;302;;;;;;;;;;;;;;;;;;;;;;;;;;;;;;;
179;63;207;;;;;;;;;;;;;;;;;;;;;;;;;;;;;;;
180;60;299;;;;;;;;;;;;;;;;;;;;;;;;;;;;;;;
181;59;293;;;;;;;;;;;;;;;;;;;;;;;;;;;;;;;
182;58;234;;;;;;;;;;;;;;;;;;;;;;;;;;;;;;;
183;53;218;;;;;;;;;;;;;;;;;;;;;;;;;;;;;;;
184;73;206;;;;;;;;;;;;;;;;;;;;;;;;;;;;;;;
185;51;326;;;;;;;;;;;;;;;;;;;;;;;;;;;;;;;
186;60;384;;;;;;;;;;;;;;;;;;;;;;;;;;;;;;;
187;49;178;;;;;;;;;;;;;;;;;;;;;;;;;;;;;;;
188;53;181;;;;;;;;;;;;;;;;;;;;;;;;;;;;;;;
189;75;369;;;;;;;;;;;;;;;;;;;;;;;;;;;;;;;
190;52;260;;;;;;;;;;;;;;;;;;;;;;;;;;;;;;;
191;68;214;;;;;;;;;;;;;;;;;;;;;;;;;;;;;;;
192;49;263;;;;;;;;;;;;;;;;;;;;;;;;;;;;;;;
193;64;257;;;;;;;;;;;;;;;;;;;;;;;;;;;;;;;
194;66;365;;;;;;;;;;;;;;;;;;;;;;;;;;;;;;;
195;49;327;;;;;;;;;;;;;;;;;;;;;;;;;;;;;;;
196;53;312;;;;;;;;;;;;;;;;;;;;;;;;;;;;;;;
197;62;352;;;;;;;;;;;;;;;;;;;;;;;;;;;;;;;
198;74;378;;;;;;;;;;;;;;;;;;;;;;;;;;;;;;;
199;64;336;;;;;;;;;;;;;;;;;;;;;;;;;;;;;;;
200;51;373;;;;;;;;;;;;;;;;;;;;;;;;;;;;;;;
201;56;204;;;;;;;;;;;;;;;;;;;;;;;;;;;;;;;
202;60;200;;;;;;;;;;;;;;;;;;;;;;;;;;;;;;;
203;51;215;;;;;;;;;;;;;;;;;;;;;;;;;;;;;;;
204;73;359;;;;;;;;;;;;;;;;;;;;;;;;;;;;;;;
205;51;306;;;;;;;;;;;;;;;;;;;;;;;;;;;;;;;
206;66;296;;;;;;;;;;;;;;;;;;;;;;;;;;;;;;;
207;47;383;;;;;;;;;;;;;;;;;;;;;;;;;;;;;;;
208;72;187;;;;;;;;;;;;;;;;;;;;;;;;;;;;;;;
209;62;369;;;;;;;;;;;;;;;;;;;;;;;;;;;;;;;
210;69;334;;;;;;;;;;;;;;;;;;;;;;;;;;;;;;;
211;64;381;;;;;;;;;;;;;;;;;;;;;;;;;;;;;;;
212;51;244;;;;;;;;;;;;;;;;;;;;;;;;;;;;;;;
213;62;332;;;;;;;;;;;;;;;;;;;;;;;;;;;;;;;
214;60;204;;;;;;;;;;;;;;;;;;;;;;;;;;;;;;;
215;51;209;;;;;;;;;;;;;;;;;;;;;;;;;;;;;;;
216;61;197;;;;;;;;;;;;;;;;;;;;;;;;;;;;;;;
217;69;211;;;;;;;;;;;;;;;;;;;;;;;;;;;;;;;
218;51;270;;;;;;;;;;;;;;;;;;;;;;;;;;;;;;;
219;70;356;;;;;;;;;;;;;;;;;;;;;;;;;;;;;;;
220;56;225;;;;;;;;;;;;;;;;;;;;;;;;;;;;;;;
221;62;336;;;;;;;;;;;;;;;;;;;;;;;;;;;;;;;
222;68;252;;;;;;;;;;;;;;;;;;;;;;;;;;;;;;;
223;49;289;;;;;;;;;;;;;;;;;;;;;;;;;;;;;;;
224;66;277;;;;;;;;;;;;;;;;;;;;;;;;;;;;;;;
225;74;336;;;;;;;;;;;;;;;;;;;;;;;;;;;;;;;
226;60;310;;;;;;;;;;;;;;;;;;;;;;;;;;;;;;;
227;47;239;;;;;;;;;;;;;;;;;;;;;;;;;;;;;;;
228;57;228;;;;;;;;;;;;;;;;;;;;;;;;;;;;;;;
229;49;169;;;;;;;;;;;;;;;;;;;;;;;;;;;;;;;
230;66;237;;;;;;;;;;;;;;;;;;;;;;;;;;;;;;;
231;70;314;;;;;;;;;;;;;;;;;;;;;;;;;;;;;;;
232;67;365;;;;;;;;;;;;;;;;;;;;;;;;;;;;;;;
233;51;259;;;;;;;;;;;;;;;;;;;;;;;;;;;;;;;
234;71;332;;;;;;;;;;;;;;;;;;;;;;;;;;;;;;;
235;71;242;;;;;;;;;;;;;;;;;;;;;;;;;;;;;;;
236;57;300;;;;;;;;;;;;;;;;;;;;;;;;;;;;;;;
237;64;257;;;;;;;;;;;;;;;;;;;;;;;;;;;;;;;
238;54;340;;;;;;;;;;;;;;;;;;;;;;;;;;;;;;;
239;53;317;;;;;;;;;;;;;;;;;;;;;;;;;;;;;;;
240;55;373;;;;;;;;;;;;;;;;;;;;;;;;;;;;;;;
241;50;368;;;;;;;;;;;;;;;;;;;;;;;;;;;;;;;
242;54;240;;;;;;;;;;;;;;;;;;;;;;;;;;;;;;;
243;69;345;;;;;;;;;;;;;;;;;;;;;;;;;;;;;;;
244;51;246;;;;;;;;;;;;;;;;;;;;;;;;;;;;;;;
245;73;344;;;;;;;;;;;;;;;;;;;;;;;;;;;;;;;
246;59;320;;;;;;;;;;;;;;;;;;;;;;;;;;;;;;;
247;53;376;;;;;;;;;;;;;;;;;;;;;;;;;;;;;;;
248;61;347;;;;;;;;;;;;;;;;;;;;;;;;;;;;;;;
249;49;347;;;;;;;;;;;;;;;;;;;;;;;;;;;;;;;
250;55;299;;;;;;;;;;;;;;;;;;;;;;;;;;;;;;;
251;68;357;;;;;;;;;;;;;;;;;;;;;;;;;;;;;;;
252;67;286;;;;;;;;;;;;;;;;;;;;;;;;;;;;;;;
253;59;342;;;;;;;;;;;;;;;;;;;;;;;;;;;;;;;
254;49;285;;;;;;;;;;;;;;;;;;;;;;;;;;;;;;;
255;50;277;;;;;;;;;;;;;;;;;;;;;;;;;;;;;;;
256;49;239;;;;;;;;;;;;;;;;;;;;;;;;;;;;;;;
257;69;318;;;;;;;;;;;;;;;;;;;;;;;;;;;;;;;
258;54;357;;;;;;;;;;;;;;;;;;;;;;;;;;;;;;;
259;59;231;;;;;;;;;;;;;;;;;;;;;;;;;;;;;;;
260;50;226;;;;;;;;;;;;;;;;;;;;;;;;;;;;;;;
261;55;254;;;;;;;;;;;;;;;;;;;;;;;;;;;;;;;
262;72;154;;;;;;;;;;;;;;;;;;;;;;;;;;;;;;;
263;74;299;;;;;;;;;;;;;;;;;;;;;;;;;;;;;;;
264;59;300;;;;;;;;;;;;;;;;;;;;;;;;;;;;;;;
265;74;248;;;;;;;;;;;;;;;;;;;;;;;;;;;;;;;
266;68;243;;;;;;;;;;;;;;;;;;;;;;;;;;;;;;;
267;59;307;;;;;;;;;;;;;;;;;;;;;;;;;;;;;;;
268;52;207;;;;;;;;;;;;;;;;;;;;;;;;;;;;;;;
269;53;310;;;;;;;;;;;;;;;;;;;;;;;;;;;;;;;
270;74;378;;;;;;;;;;;;;;;;;;;;;;;;;;;;;;;
271;68;292;;;;;;;;;;;;;;;;;;;;;;;;;;;;;;;
272;55;238;;;;;;;;;;;;;;;;;;;;;;;;;;;;;;;
273;68;163;;;;;;;;;;;;;;;;;;;;;;;;;;;;;;;
274;74;267;;;;;;;;;;;;;;;;;;;;;;;;;;;;;;;
275;67;297;;;;;;;;;;;;;;;;;;;;;;;;;;;;;;;
276;58;321;;;;;;;;;;;;;;;;;;;;;;;;;;;;;;;
277;67;375;;;;;;;;;;;;;;;;;;;;;;;;;;;;;;;
278;56;223;;;;;;;;;;;;;;;;;;;;;;;;;;;;;;;
279;47;311;;;;;;;;;;;;;;;;;;;;;;;;;;;;;;;
280;64;338;;;;;;;;;;;;;;;;;;;;;;;;;;;;;;;
281;58;254;;;;;;;;;;;;;;;;;;;;;;;;;;;;;;;
282;65;317;;;;;;;;;;;;;;;;;;;;;;;;;;;;;;;
283;70;315;;;;;;;;;;;;;;;;;;;;;;;;;;;;;;;
284;74;175;;;;;;;;;;;;;;;;;;;;;;;;;;;;;;;
285;61;155;;;;;;;;;;;;;;;;;;;;;;;;;;;;;;;
286;65;328;;;;;;;;;;;;;;;;;;;;;;;;;;;;;;;
287;58;186;;;;;;;;;;;;;;;;;;;;;;;;;;;;;;;
288;63;312;;;;;;;;;;;;;;;;;;;;;;;;;;;;;;;
289;51;267;;;;;;;;;;;;;;;;;;;;;;;;;;;;;;;
290;55;365;;;;;;;;;;;;;;;;;;;;;;;;;;;;;;;
291;66;369;;;;;;;;;;;;;;;;;;;;;;;;;;;;;;;
292;73;227;;;;;;;;;;;;;;;;;;;;;;;;;;;;;;;
293;47;154;;;;;;;;;;;;;;;;;;;;;;;;;;;;;;;
294;66;262;;;;;;;;;;;;;;;;;;;;;;;;;;;;;;;
295;56;361;;;;;;;;;;;;;;;;;;;;;;;;;;;;;;;
296;53;278;;;;;;;;;;;;;;;;;;;;;;;;;;;;;;;
297;48;184;;;;;;;;;;;;;;;;;;;;;;;;;;;;;;;
298;63;224;;;;;;;;;;;;;;;;;;;;;;;;;;;;;;;
299;75;284;;;;;;;;;;;;;;;;;;;;;;;;;;;;;;;
300;63;158;;;;;;;;;;;;;;;;;;;;;;;;;;;;;;;
301;50;349;;;;;;;;;;;;;;;;;;;;;;;;;;;;;;;
302;75;314;;;;;;;;;;;;;;;;;;;;;;;;;;;;;;;
303;75;301;;;;;;;;;;;;;;;;;;;;;;;;;;;;;;;
304;56;283;;;;;;;;;;;;;;;;;;;;;;;;;;;;;;;
305;58;304;;;;;;;;;;;;;;;;;;;;;;;;;;;;;;;
306;51;272;;;;;;;;;;;;;;;;;;;;;;;;;;;;;;;
307;58;314;;;;;;;;;;;;;;;;;;;;;;;;;;;;;;;
308;50;258;;;;;;;;;;;;;;;;;;;;;;;;;;;;;;;
309;62;221;;;;;;;;;;;;;;;;;;;;;;;;;;;;;;;
310;67;334;;;;;;;;;;;;;;;;;;;;;;;;;;;;;;;
311;47;261;;;;;;;;;;;;;;;;;;;;;;;;;;;;;;;
312;69;294;;;;;;;;;;;;;;;;;;;;;;;;;;;;;;;
313;69;176;;;;;;;;;;;;;;;;;;;;;;;;;;;;;;;
314;67;212;;;;;;;;;;;;;;;;;;;;;;;;;;;;;;;
315;63;211;;;;;;;;;;;;;;;;;;;;;;;;;;;;;;;
316;67;289;;;;;;;;;;;;;;;;;;;;;;;;;;;;;;;
317;73;211;;;;;;;;;;;;;;;;;;;;;;;;;;;;;;;
318;70;346;;;;;;;;;;;;;;;;;;;;;;;;;;;;;;;
319;74;204;;;;;;;;;;;;;;;;;;;;;;;;;;;;;;;
320;57;238;;;;;;;;;;;;;;;;;;;;;;;;;;;;;;;
321;66;177;;;;;;;;;;;;;;;;;;;;;;;;;;;;;;;
322;49;308;;;;;;;;;;;;;;;;;;;;;;;;;;;;;;;
323;68;317;;;;;;;;;;;;;;;;;;;;;;;;;;;;;;;
324;51;237;;;;;;;;;;;;;;;;;;;;;;;;;;;;;;;
325;47;181;;;;;;;;;;;;;;;;;;;;;;;;;;;;;;;
326;69;310;;;;;;;;;;;;;;;;;;;;;;;;;;;;;;;
327;72;335;;;;;;;;;;;;;;;;;;;;;;;;;;;;;;;
328;47;300;;;;;;;;;;;;;;;;;;;;;;;;;;;;;;;
329;49;238;;;;;;;;;;;;;;;;;;;;;;;;;;;;;;;
330;73;353;;;;;;;;;;;;;;;;;;;;;;;;;;;;;;;
331;74;167;;;;;;;;;;;;;;;;;;;;;;;;;;;;;;;
332;75;183;;;;;;;;;;;;;;;;;;;;;;;;;;;;;;;
333;74;282;;;;;;;;;;;;;;;;;;;;;;;;;;;;;;;
334;64;186;;;;;;;;;;;;;;;;;;;;;;;;;;;;;;;
335;72;218;;;;;;;;;;;;;;;;;;;;;;;;;;;;;;;
336;61;219;;;;;;;;;;;;;;;;;;;;;;;;;;;;;;;
337;74;228;;;;;;;;;;;;;;;;;;;;;;;;;;;;;;;
338;49;365;;;;;;;;;;;;;;;;;;;;;;;;;;;;;;;
339;58;176;;;;;;;;;;;;;;;;;;;;;;;;;;;;;;;
340;72;171;;;;;;;;;;;;;;;;;;;;;;;;;;;;;;;
341;75;227;;;;;;;;;;;;;;;;;;;;;;;;;;;;;;;
342;53;253;;;;;;;;;;;;;;;;;;;;;;;;;;;;;;;
343;60;158;;;;;;;;;;;;;;;;;;;;;;;;;;;;;;;
344;67;183;;;;;;;;;;;;;;;;;;;;;;;;;;;;;;;
345;54;192;;;;;;;;;;;;;;;;;;;;;;;;;;;;;;;
346;69;286;;;;;;;;;;;;;;;;;;;;;;;;;;;;;;;
347;56;265;;;;;;;;;;;;;;;;;;;;;;;;;;;;;;;
348;59;296;;;;;;;;;;;;;;;;;;;;;;;;;;;;;;;
349;50;372;;;;;;;;;;;;;;;;;;;;;;;;;;;;;;;
350;68;195;;;;;;;;;;;;;;;;;;;;;;;;;;;;;;;
351;50;382;;;;;;;;;;;;;;;;;;;;;;;;;;;;;;;
352;60;324;;;;;;;;;;;;;;;;;;;;;;;;;;;;;;;
353;64;268;;;;;;;;;;;;;;;;;;;;;;;;;;;;;;;
354;68;278;;;;;;;;;;;;;;;;;;;;;;;;;;;;;;;
355;67;171;;;;;;;;;;;;;;;;;;;;;;;;;;;;;;;
356;54;377;;;;;;;;;;;;;;;;;;;;;;;;;;;;;;;
357;61;343;;;;;;;;;;;;;;;;;;;;;;;;;;;;;;;
358;73;297;;;;;;;;;;;;;;;;;;;;;;;;;;;;;;;
359;71;283;;;;;;;;;;;;;;;;;;;;;;;;;;;;;;;
360;66;365;;;;;;;;;;;;;;;;;;;;;;;;;;;;;;;
361;71;258;;;;;;;;;;;;;;;;;;;;;;;;;;;;;;;
362;72;318;;;;;;;;;;;;;;;;;;;;;;;;;;;;;;;
363;62;369;;;;;;;;;;;;;;;;;;;;;;;;;;;;;;;
364;75;259;;;;;;;;;;;;;;;;;;;;;;;;;;;;;;;
365;73;263;;;;;;;;;;;;;;;;;;;;;;;;;;;;;;;
366;70;254;;;;;;;;;;;;;;;;;;;;;;;;;;;;;;;
367;58;310;;;;;;;;;;;;;;;;;;;;;;;;;;;;;;;
368;75;379;;;;;;;;;;;;;;;;;;;;;;;;;;;;;;;
369;71;268;;;;;;;;;;;;;;;;;;;;;;;;;;;;;;;
370;70;376;;;;;;;;;;;;;;;;;;;;;;;;;;;;;;;
371;55;192;;;;;;;;;;;;;;;;;;;;;;;;;;;;;;;
372;59;191;;;;;;;;;;;;;;;;;;;;;;;;;;;;;;;
373;73;337;;;;;;;;;;;;;;;;;;;;;;;;;;;;;;;
374;49;267;;;;;;;;;;;;;;;;;;;;;;;;;;;;;;;
375;63;337;;;;;;;;;;;;;;;;;;;;;;;;;;;;;;;
376;69;279;;;;;;;;;;;;;;;;;;;;;;;;;;;;;;;
377;55;340;;;;;;;;;;;;;;;;;;;;;;;;;;;;;;;
378;56;305;;;;;;;;;;;;;;;;;;;;;;;;;;;;;;;
379;49;330;;;;;;;;;;;;;;;;;;;;;;;;;;;;;;;
380;53;312;;;;;;;;;;;;;;;;;;;;;;;;;;;;;;;
381;62;215;;;;;;;;;;;;;;;;;;;;;;;;;;;;;;;
382;65;201;;;;;;;;;;;;;;;;;;;;;;;;;;;;;;;
383;55;341;;;;;;;;;;;;;;;;;;;;;;;;;;;;;;;
384;63;344;;;;;;;;;;;;;;;;;;;;;;;;;;;;;;;
385;71;367;;;;;;;;;;;;;;;;;;;;;;;;;;;;;;;
386;69;229;;;;;;;;;;;;;;;;;;;;;;;;;;;;;;;
387;68;316;;;;;;;;;;;;;;;;;;;;;;;;;;;;;;;
388;64;307;;;;;;;;;;;;;;;;;;;;;;;;;;;;;;;
389;47;321;;;;;;;;;;;;;;;;;;;;;;;;;;;;;;;
390;69;321;;;;;;;;;;;;;;;;;;;;;;;;;;;;;;;
391;72;262;;;;;;;;;;;;;;;;;;;;;;;;;;;;;;;
392;72;176;;;;;;;;;;;;;;;;;;;;;;;;;;;;;;;
393;67;212;;;;;;;;;;;;;;;;;;;;;;;;;;;;;;;
394;51;285;;;;;;;;;;;;;;;;;;;;;;;;;;;;;;;
395;56;223;;;;;;;;;;;;;;;;;;;;;;;;;;;;;;;
396;72;170;;;;;;;;;;;;;;;;;;;;;;;;;;;;;;;
397;55;182;;;;;;;;;;;;;;;;;;;;;;;;;;;;;;;
398;59;157;;;;;;;;;;;;;;;;;;;;;;;;;;;;;;;
399;62;206;;;;;;;;;;;;;;;;;;;;;;;;;;;;;;;
400;72;177;;;;;;;;;;;;;;;;;;;;;;;;;;;;;;;
401;53;208;;;;;;;;;;;;;;;;;;;;;;;;;;;;;;;
402;65;305;;;;;;;;;;;;;;;;;;;;;;;;;;;;;;;
403;47;258;;;;;;;;;;;;;;;;;;;;;;;;;;;;;;;
404;70;285;;;;;;;;;;;;;;;;;;;;;;;;;;;;;;;
405;52;309;;;;;;;;;;;;;;;;;;;;;;;;;;;;;;;
406;65;237;;;;;;;;;;;;;;;;;;;;;;;;;;;;;;;
407;75;266;;;;;;;;;;;;;;;;;;;;;;;;;;;;;;;
408;70;164;;;;;;;;;;;;;;;;;;;;;;;;;;;;;;;
409;58;276;;;;;;;;;;;;;;;;;;;;;;;;;;;;;;;
410;62;156;;;;;;;;;;;;;;;;;;;;;;;;;;;;;;;
411;65;155;;;;;;;;;;;;;;;;;;;;;;;;;;;;;;;
412;61;280;;;;;;;;;;;;;;;;;;;;;;;;;;;;;;;
413;48;315;;;;;;;;;;;;;;;;;;;;;;;;;;;;;;;
414;48;294;;;;;;;;;;;;;;;;;;;;;;;;;;;;;;;
415;54;291;;;;;;;;;;;;;;;;;;;;;;;;;;;;;;;
416;50;334;;;;;;;;;;;;;;;;;;;;;;;;;;;;;;;
417;71;311;;;;;;;;;;;;;;;;;;;;;;;;;;;;;;;
418;61;296;;;;;;;;;;;;;;;;;;;;;;;;;;;;;;;
419;71;202;;;;;;;;;;;;;;;;;;;;;;;;;;;;;;;
420;49;207;;;;;;;;;;;;;;;;;;;;;;;;;;;;;;;
421;60;287;;;;;;;;;;;;;;;;;;;;;;;;;;;;;;;
422;58;305;;;;;;;;;;;;;;;;;;;;;;;;;;;;;;;
423;66;271;;;;;;;;;;;;;;;;;;;;;;;;;;;;;;;
424;50;336;;;;;;;;;;;;;;;;;;;;;;;;;;;;;;;
425;55;241;;;;;;;;;;;;;;;;;;;;;;;;;;;;;;;
426;65;384;;;;;;;;;;;;;;;;;;;;;;;;;;;;;;;
427;67;355;;;;;;;;;;;;;;;;;;;;;;;;;;;;;;;
428;60;197;;;;;;;;;;;;;;;;;;;;;;;;;;;;;;;
429;68;171;;;;;;;;;;;;;;;;;;;;;;;;;;;;;;;
430;64;226;;;;;;;;;;;;;;;;;;;;;;;;;;;;;;;
431;58;196;;;;;;;;;;;;;;;;;;;;;;;;;;;;;;;
432;55;290;;;;;;;;;;;;;;;;;;;;;;;;;;;;;;;
433;62;353;;;;;;;;;;;;;;;;;;;;;;;;;;;;;;;
434;62;219;;;;;;;;;;;;;;;;;;;;;;;;;;;;;;;
435;75;199;;;;;;;;;;;;;;;;;;;;;;;;;;;;;;;
436;53;193;;;;;;;;;;;;;;;;;;;;;;;;;;;;;;;
437;59;217;;;;;;;;;;;;;;;;;;;;;;;;;;;;;;;
438;63;168;;;;;;;;;;;;;;;;;;;;;;;;;;;;;;;
439;65;346;;;;;;;;;;;;;;;;;;;;;;;;;;;;;;;
440;72;276;;;;;;;;;;;;;;;;;;;;;;;;;;;;;;;
441;64;212;;;;;;;;;;;;;;;;;;;;;;;;;;;;;;;
442;55;358;;;;;;;;;;;;;;;;;;;;;;;;;;;;;;;
443;75;183;;;;;;;;;;;;;;;;;;;;;;;;;;;;;;;
444;48;376;;;;;;;;;;;;;;;;;;;;;;;;;;;;;;;
445;53;226;;;;;;;;;;;;;;;;;;;;;;;;;;;;;;;
446;72;327;;;;;;;;;;;;;;;;;;;;;;;;;;;;;;;
447;64;331;;;;;;;;;;;;;;;;;;;;;;;;;;;;;;;
448;71;213;;;;;;;;;;;;;;;;;;;;;;;;;;;;;;;
449;55;335;;;;;;;;;;;;;;;;;;;;;;;;;;;;;;;
450;50;337;;;;;;;;;;;;;;;;;;;;;;;;;;;;;;;
451;75;342;;;;;;;;;;;;;;;;;;;;;;;;;;;;;;;
452;70;176;;;;;;;;;;;;;;;;;;;;;;;;;;;;;;;
453;51;256;;;;;;;;;;;;;;;;;;;;;;;;;;;;;;;
454;62;252;;;;;;;;;;;;;;;;;;;;;;;;;;;;;;;
455;55;241;;;;;;;;;;;;;;;;;;;;;;;;;;;;;;;
456;63;365;;;;;;;;;;;;;;;;;;;;;;;;;;;;;;;
457;52;170;;;;;;;;;;;;;;;;;;;;;;;;;;;;;;;
458;68;185;;;;;;;;;;;;;;;;;;;;;;;;;;;;;;;
459;72;249;;;;;;;;;;;;;;;;;;;;;;;;;;;;;;;
460;65;246;;;;;;;;;;;;;;;;;;;;;;;;;;;;;;;
461;70;285;;;;;;;;;;;;;;;;;;;;;;;;;;;;;;;
462;48;304;;;;;;;;;;;;;;;;;;;;;;;;;;;;;;;
463;56;259;;;;;;;;;;;;;;;;;;;;;;;;;;;;;;;
464;63;310;;;;;;;;;;;;;;;;;;;;;;;;;;;;;;;
465;60;222;;;;;;;;;;;;;;;;;;;;;;;;;;;;;;;
466;70;348;;;;;;;;;;;;;;;;;;;;;;;;;;;;;;;
467;67;174;;;;;;;;;;;;;;;;;;;;;;;;;;;;;;;
468;63;332;;;;;;;;;;;;;;;;;;;;;;;;;;;;;;;
469;59;199;;;;;;;;;;;;;;;;;;;;;;;;;;;;;;;
470;67;272;;;;;;;;;;;;;;;;;;;;;;;;;;;;;;;
471;64;299;;;;;;;;;;;;;;;;;;;;;;;;;;;;;;;
472;66;348;;;;;;;;;;;;;;;;;;;;;;;;;;;;;;;
473;68;374;;;;;;;;;;;;;;;;;;;;;;;;;;;;;;;
474;63;274;;;;;;;;;;;;;;;;;;;;;;;;;;;;;;;
475;48;312;;;;;;;;;;;;;;;;;;;;;;;;;;;;;;;
476;57;351;;;;;;;;;;;;;;;;;;;;;;;;;;;;;;;
477;51;318;;;;;;;;;;;;;;;;;;;;;;;;;;;;;;;
478;75;246;;;;;;;;;;;;;;;;;;;;;;;;;;;;;;;
479;68;190;;;;;;;;;;;;;;;;;;;;;;;;;;;;;;;
480;69;316;;;;;;;;;;;;;;;;;;;;;;;;;;;;;;;
481;72;355;;;;;;;;;;;;;;;;;;;;;;;;;;;;;;;
482;75;152;;;;;;;;;;;;;;;;;;;;;;;;;;;;;;;
483;64;319;;;;;;;;;;;;;;;;;;;;;;;;;;;;;;;
484;52;175;;;;;;;;;;;;;;;;;;;;;;;;;;;;;;;
485;62;373;;;;;;;;;;;;;;;;;;;;;;;;;;;;;;;
486;67;311;;;;;;;;;;;;;;;;;;;;;;;;;;;;;;;
487;67;176;;;;;;;;;;;;;;;;;;;;;;;;;;;;;;;
488;70;190;;;;;;;;;;;;;;;;;;;;;;;;;;;;;;;
489;73;202;;;;;;;;;;;;;;;;;;;;;;;;;;;;;;;
490;72;239;;;;;;;;;;;;;;;;;;;;;;;;;;;;;;;
491;73;162;;;;;;;;;;;;;;;;;;;;;;;;;;;;;;;
492;65;329;;;;;;;;;;;;;;;;;;;;;;;;;;;;;;;
493;73;369;;;;;;;;;;;;;;;;;;;;;;;;;;;;;;;
494;66;152;;;;;;;;;;;;;;;;;;;;;;;;;;;;;;;
495;49;186;;;;;;;;;;;;;;;;;;;;;;;;;;;;;;;
496;47;216;;;;;;;;;;;;;;;;;;;;;;;;;;;;;;;
497;59;155;;;;;;;;;;;;;;;;;;;;;;;;;;;;;;;
498;65;318;;;;;;;;;;;;;;;;;;;;;;;;;;;;;;;
499;65;304;;;;;;;;;;;;;;;;;;;;;;;;;;;;;;;
500;54;161;;;;;;;;;;;;;;;;;;;;;;;;;;;;;;;
501;68;258;;;;;;;;;;;;;;;;;;;;;;;;;;;;;;;
502;47;173;;;;;;;;;;;;;;;;;;;;;;;;;;;;;;;
503;75;314;;;;;;;;;;;;;;;;;;;;;;;;;;;;;;;
504;51;165;;;;;;;;;;;;;;;;;;;;;;;;;;;;;;;
505;72;346;;;;;;;;;;;;;;;;;;;;;;;;;;;;;;;
506;61;277;;;;;;;;;;;;;;;;;;;;;;;;;;;;;;;
507;54;244;;;;;;;;;;;;;;;;;;;;;;;;;;;;;;;
508;70;345;;;;;;;;;;;;;;;;;;;;;;;;;;;;;;;
509;53;204;;;;;;;;;;;;;;;;;;;;;;;;;;;;;;;
510;49;304;;;;;;;;;;;;;;;;;;;;;;;;;;;;;;;
511;48;197;;;;;;;;;;;;;;;;;;;;;;;;;;;;;;;
512;47;239;;;;;;;;;;;;;;;;;;;;;;;;;;;;;;;
513;74;251;;;;;;;;;;;;;;;;;;;;;;;;;;;;;;;
514;54;311;;;;;;;;;;;;;;;;;;;;;;;;;;;;;;;
515;60;176;;;;;;;;;;;;;;;;;;;;;;;;;;;;;;;
516;61;212;;;;;;;;;;;;;;;;;;;;;;;;;;;;;;;
517;74;350;;;;;;;;;;;;;;;;;;;;;;;;;;;;;;;
518;65;255;;;;;;;;;;;;;;;;;;;;;;;;;;;;;;;
519;48;278;;;;;;;;;;;;;;;;;;;;;;;;;;;;;;;
520;69;205;;;;;;;;;;;;;;;;;;;;;;;;;;;;;;;
521;69;297;;;;;;;;;;;;;;;;;;;;;;;;;;;;;;;
522;50;212;;;;;;;;;;;;;;;;;;;;;;;;;;;;;;;
523;66;263;;;;;;;;;;;;;;;;;;;;;;;;;;;;;;;
524;47;160;;;;;;;;;;;;;;;;;;;;;;;;;;;;;;;
525;53;340;;;;;;;;;;;;;;;;;;;;;;;;;;;;;;;
526;60;251;;;;;;;;;;;;;;;;;;;;;;;;;;;;;;;
527;63;291;;;;;;;;;;;;;;;;;;;;;;;;;;;;;;;
528;47;282;;;;;;;;;;;;;;;;;;;;;;;;;;;;;;;
529;60;298;;;;;;;;;;;;;;;;;;;;;;;;;;;;;;;
530;51;282;;;;;;;;;;;;;;;;;;;;;;;;;;;;;;;
531;59;262;;;;;;;;;;;;;;;;;;;;;;;;;;;;;;;
532;64;336;;;;;;;;;;;;;;;;;;;;;;;;;;;;;;;
533;56;205;;;;;;;;;;;;;;;;;;;;;;;;;;;;;;;
534;63;249;;;;;;;;;;;;;;;;;;;;;;;;;;;;;;;
535;69;234;;;;;;;;;;;;;;;;;;;;;;;;;;;;;;;
536;69;313;;;;;;;;;;;;;;;;;;;;;;;;;;;;;;;
537;59;348;;;;;;;;;;;;;;;;;;;;;;;;;;;;;;;
538;72;247;;;;;;;;;;;;;;;;;;;;;;;;;;;;;;;
539;49;325;;;;;;;;;;;;;;;;;;;;;;;;;;;;;;;
540;67;257;;;;;;;;;;;;;;;;;;;;;;;;;;;;;;;
541;59;202;;;;;;;;;;;;;;;;;;;;;;;;;;;;;;;
542;60;305;;;;;;;;;;;;;;;;;;;;;;;;;;;;;;;
543;65;172;;;;;;;;;;;;;;;;;;;;;;;;;;;;;;;
544;66;237;;;;;;;;;;;;;;;;;;;;;;;;;;;;;;;
545;71;166;;;;;;;;;;;;;;;;;;;;;;;;;;;;;;;
546;75;249;;;;;;;;;;;;;;;;;;;;;;;;;;;;;;;
547;58;202;;;;;;;;;;;;;;;;;;;;;;;;;;;;;;;
548;69;222;;;;;;;;;;;;;;;;;;;;;;;;;;;;;;;
549;47;225;;;;;;;;;;;;;;;;;;;;;;;;;;;;;;;
550;74;251;;;;;;;;;;;;;;;;;;;;;;;;;;;;;;;
551;73;288;;;;;;;;;;;;;;;;;;;;;;;;;;;;;;;
552;54;351;;;;;;;;;;;;;;;;;;;;;;;;;;;;;;;
553;47;334;;;;;;;;;;;;;;;;;;;;;;;;;;;;;;;
554;75;323;;;;;;;;;;;;;;;;;;;;;;;;;;;;;;;
555;67;290;;;;;;;;;;;;;;;;;;;;;;;;;;;;;;;
556;60;316;;;;;;;;;;;;;;;;;;;;;;;;;;;;;;;
557;73;317;;;;;;;;;;;;;;;;;;;;;;;;;;;;;;;
558;50;204;;;;;;;;;;;;;;;;;;;;;;;;;;;;;;;
559;47;369;;;;;;;;;;;;;;;;;;;;;;;;;;;;;;;
560;51;206;;;;;;;;;;;;;;;;;;;;;;;;;;;;;;;
561;63;200;;;;;;;;;;;;;;;;;;;;;;;;;;;;;;;
562;63;318;;;;;;;;;;;;;;;;;;;;;;;;;;;;;;;
563;57;237;;;;;;;;;;;;;;;;;;;;;;;;;;;;;;;
564;56;205;;;;;;;;;;;;;;;;;;;;;;;;;;;;;;;
565;48;285;;;;;;;;;;;;;;;;;;;;;;;;;;;;;;;
566;58;331;;;;;;;;;;;;;;;;;;;;;;;;;;;;;;;
567;70;219;;;;;;;;;;;;;;;;;;;;;;;;;;;;;;;
568;62;346;;;;;;;;;;;;;;;;;;;;;;;;;;;;;;;
569;74;295;;;;;;;;;;;;;;;;;;;;;;;;;;;;;;;
570;65;347;;;;;;;;;;;;;;;;;;;;;;;;;;;;;;;
571;50;371;;;;;;;;;;;;;;;;;;;;;;;;;;;;;;;
572;65;210;;;;;;;;;;;;;;;;;;;;;;;;;;;;;;;
573;64;218;;;;;;;;;;;;;;;;;;;;;;;;;;;;;;;
574;61;308;;;;;;;;;;;;;;;;;;;;;;;;;;;;;;;
575;49;283;;;;;;;;;;;;;;;;;;;;;;;;;;;;;;;
576;55;174;;;;;;;;;;;;;;;;;;;;;;;;;;;;;;;
577;51;315;;;;;;;;;;;;;;;;;;;;;;;;;;;;;;;
578;72;314;;;;;;;;;;;;;;;;;;;;;;;;;;;;;;;
579;47;279;;;;;;;;;;;;;;;;;;;;;;;;;;;;;;;
580;61;303;;;;;;;;;;;;;;;;;;;;;;;;;;;;;;;
581;60;326;;;;;;;;;;;;;;;;;;;;;;;;;;;;;;;
582;66;185;;;;;;;;;;;;;;;;;;;;;;;;;;;;;;;
583;53;315;;;;;;;;;;;;;;;;;;;;;;;;;;;;;;;
584;72;297;;;;;;;;;;;;;;;;;;;;;;;;;;;;;;;
585;51;223;;;;;;;;;;;;;;;;;;;;;;;;;;;;;;;
586;54;241;;;;;;;;;;;;;;;;;;;;;;;;;;;;;;;
587;55;228;;;;;;;;;;;;;;;;;;;;;;;;;;;;;;;
588;50;294;;;;;;;;;;;;;;;;;;;;;;;;;;;;;;;
589;63;226;;;;;;;;;;;;;;;;;;;;;;;;;;;;;;;
590;50;170;;;;;;;;;;;;;;;;;;;;;;;;;;;;;;;
591;72;301;;;;;;;;;;;;;;;;;;;;;;;;;;;;;;;
592;51;266;;;;;;;;;;;;;;;;;;;;;;;;;;;;;;;
593;54;218;;;;;;;;;;;;;;;;;;;;;;;;;;;;;;;
594;64;177;;;;;;;;;;;;;;;;;;;;;;;;;;;;;;;
595;58;350;;;;;;;;;;;;;;;;;;;;;;;;;;;;;;;
596;70;247;;;;;;;;;;;;;;;;;;;;;;;;;;;;;;;
597;50;381;;;;;;;;;;;;;;;;;;;;;;;;;;;;;;;
598;57;236;;;;;;;;;;;;;;;;;;;;;;;;;;;;;;;
599;54;268;;;;;;;;;;;;;;;;;;;;;;;;;;;;;;;
600;48;357;;;;;;;;;;;;;;;;;;;;;;;;;;;;;;;
601;58;357;;;;;;;;;;;;;;;;;;;;;;;;;;;;;;;
602;61;332;;;;;;;;;;;;;;;;;;;;;;;;;;;;;;;
603;55;365;;;;;;;;;;;;;;;;;;;;;;;;;;;;;;;
604;70;343;;;;;;;;;;;;;;;;;;;;;;;;;;;;;;;
605;63;213;;;;;;;;;;;;;;;;;;;;;;;;;;;;;;;
606;50;314;;;;;;;;;;;;;;;;;;;;;;;;;;;;;;;
607;59;248;;;;;;;;;;;;;;;;;;;;;;;;;;;;;;;
608;69;345;;;;;;;;;;;;;;;;;;;;;;;;;;;;;;;
609;64;195;;;;;;;;;;;;;;;;;;;;;;;;;;;;;;;
610;72;369;;;;;;;;;;;;;;;;;;;;;;;;;;;;;;;
611;49;335;;;;;;;;;;;;;;;;;;;;;;;;;;;;;;;
612;53;224;;;;;;;;;;;;;;;;;;;;;;;;;;;;;;;
613;61;351;;;;;;;;;;;;;;;;;;;;;;;;;;;;;;;
614;54;225;;;;;;;;;;;;;;;;;;;;;;;;;;;;;;;
615;74;329;;;;;;;;;;;;;;;;;;;;;;;;;;;;;;;
616;57;166;;;;;;;;;;;;;;;;;;;;;;;;;;;;;;;
617;55;208;;;;;;;;;;;;;;;;;;;;;;;;;;;;;;;
618;67;380;;;;;;;;;;;;;;;;;;;;;;;;;;;;;;;
619;50;239;;;;;;;;;;;;;;;;;;;;;;;;;;;;;;;
620;52;234;;;;;;;;;;;;;;;;;;;;;;;;;;;;;;;
621;61;338;;;;;;;;;;;;;;;;;;;;;;;;;;;;;;;
622;62;186;;;;;;;;;;;;;;;;;;;;;;;;;;;;;;;
623;67;179;;;;;;;;;;;;;;;;;;;;;;;;;;;;;;;
624;75;316;;;;;;;;;;;;;;;;;;;;;;;;;;;;;;;
625;52;276;;;;;;;;;;;;;;;;;;;;;;;;;;;;;;;
626;69;169;;;;;;;;;;;;;;;;;;;;;;;;;;;;;;;
627;65;176;;;;;;;;;;;;;;;;;;;;;;;;;;;;;;;
628;70;292;;;;;;;;;;;;;;;;;;;;;;;;;;;;;;;
629;66;197;;;;;;;;;;;;;;;;;;;;;;;;;;;;;;;
630;55;254;;;;;;;;;;;;;;;;;;;;;;;;;;;;;;;
631;65;264;;;;;;;;;;;;;;;;;;;;;;;;;;;;;;;
632;71;342;;;;;;;;;;;;;;;;;;;;;;;;;;;;;;;
633;73;167;;;;;;;;;;;;;;;;;;;;;;;;;;;;;;;
634;59;193;;;;;;;;;;;;;;;;;;;;;;;;;;;;;;;
635;68;340;;;;;;;;;;;;;;;;;;;;;;;;;;;;;;;
636;67;203;;;;;;;;;;;;;;;;;;;;;;;;;;;;;;;
637;75;272;;;;;;;;;;;;;;;;;;;;;;;;;;;;;;;
638;59;218;;;;;;;;;;;;;;;;;;;;;;;;;;;;;;;
639;54;166;;;;;;;;;;;;;;;;;;;;;;;;;;;;;;;
640;64;238;;;;;;;;;;;;;;;;;;;;;;;;;;;;;;;
641;72;282;;;;;;;;;;;;;;;;;;;;;;;;;;;;;;;
642;50;251;;;;;;;;;;;;;;;;;;;;;;;;;;;;;;;
643;75;215;;;;;;;;;;;;;;;;;;;;;;;;;;;;;;;
644;59;193;;;;;;;;;;;;;;;;;;;;;;;;;;;;;;;
645;59;172;;;;;;;;;;;;;;;;;;;;;;;;;;;;;;;
646;55;371;;;;;;;;;;;;;;;;;;;;;;;;;;;;;;;
647;49;328;;;;;;;;;;;;;;;;;;;;;;;;;;;;;;;
648;67;153;;;;;;;;;;;;;;;;;;;;;;;;;;;;;;;
649;74;318;;;;;;;;;;;;;;;;;;;;;;;;;;;;;;;
650;53;303;;;;;;;;;;;;;;;;;;;;;;;;;;;;;;;
651;67;340;;;;;;;;;;;;;;;;;;;;;;;;;;;;;;;
652;75;241;;;;;;;;;;;;;;;;;;;;;;;;;;;;;;;
653;71;279;;;;;;;;;;;;;;;;;;;;;;;;;;;;;;;
654;49;177;;;;;;;;;;;;;;;;;;;;;;;;;;;;;;;
655;66;271;;;;;;;;;;;;;;;;;;;;;;;;;;;;;;;
656;57;294;;;;;;;;;;;;;;;;;;;;;;;;;;;;;;;
657;64;365;;;;;;;;;;;;;;;;;;;;;;;;;;;;;;;
658;63;173;;;;;;;;;;;;;;;;;;;;;;;;;;;;;;;
659;57;252;;;;;;;;;;;;;;;;;;;;;;;;;;;;;;;
660;70;301;;;;;;;;;;;;;;;;;;;;;;;;;;;;;;;
661;65;207;;;;;;;;;;;;;;;;;;;;;;;;;;;;;;;
662;68;300;;;;;;;;;;;;;;;;;;;;;;;;;;;;;;;
663;61;328;;;;;;;;;;;;;;;;;;;;;;;;;;;;;;;
664;50;206;;;;;;;;;;;;;;;;;;;;;;;;;;;;;;;
665;70;253;;;;;;;;;;;;;;;;;;;;;;;;;;;;;;;
666;57;277;;;;;;;;;;;;;;;;;;;;;;;;;;;;;;;
667;70;371;;;;;;;;;;;;;;;;;;;;;;;;;;;;;;;
668;66;165;;;;;;;;;;;;;;;;;;;;;;;;;;;;;;;
669;63;323;;;;;;;;;;;;;;;;;;;;;;;;;;;;;;;
670;64;255;;;;;;;;;;;;;;;;;;;;;;;;;;;;;;;
671;52;228;;;;;;;;;;;;;;;;;;;;;;;;;;;;;;;
672;62;368;;;;;;;;;;;;;;;;;;;;;;;;;;;;;;;
673;68;314;;;;;;;;;;;;;;;;;;;;;;;;;;;;;;;
674;56;192;;;;;;;;;;;;;;;;;;;;;;;;;;;;;;;
675;52;294;;;;;;;;;;;;;;;;;;;;;;;;;;;;;;;
676;65;271;;;;;;;;;;;;;;;;;;;;;;;;;;;;;;;
677;72;290;;;;;;;;;;;;;;;;;;;;;;;;;;;;;;;
678;47;260;;;;;;;;;;;;;;;;;;;;;;;;;;;;;;;
679;49;231;;;;;;;;;;;;;;;;;;;;;;;;;;;;;;;
680;72;170;;;;;;;;;;;;;;;;;;;;;;;;;;;;;;;
681;59;350;;;;;;;;;;;;;;;;;;;;;;;;;;;;;;;
682;55;203;;;;;;;;;;;;;;;;;;;;;;;;;;;;;;;
683;51;340;;;;;;;;;;;;;;;;;;;;;;;;;;;;;;;
684;69;305;;;;;;;;;;;;;;;;;;;;;;;;;;;;;;;
685;54;271;;;;;;;;;;;;;;;;;;;;;;;;;;;;;;;
686;61;297;;;;;;;;;;;;;;;;;;;;;;;;;;;;;;;
687;71;240;;;;;;;;;;;;;;;;;;;;;;;;;;;;;;;
688;60;222;;;;;;;;;;;;;;;;;;;;;;;;;;;;;;;
689;67;340;;;;;;;;;;;;;;;;;;;;;;;;;;;;;;;
690;72;339;;;;;;;;;;;;;;;;;;;;;;;;;;;;;;;
691;59;374;;;;;;;;;;;;;;;;;;;;;;;;;;;;;;;
692;48;199;;;;;;;;;;;;;;;;;;;;;;;;;;;;;;;
693;69;346;;;;;;;;;;;;;;;;;;;;;;;;;;;;;;;
694;65;205;;;;;;;;;;;;;;;;;;;;;;;;;;;;;;;
695;73;198;;;;;;;;;;;;;;;;;;;;;;;;;;;;;;;
696;75;207;;;;;;;;;;;;;;;;;;;;;;;;;;;;;;;
697;71;270;;;;;;;;;;;;;;;;;;;;;;;;;;;;;;;
698;47;229;;;;;;;;;;;;;;;;;;;;;;;;;;;;;;;
699;48;220;;;;;;;;;;;;;;;;;;;;;;;;;;;;;;;
700;69;368;;;;;;;;;;;;;;;;;;;;;;;;;;;;;;;
701;73;310;;;;;;;;;;;;;;;;;;;;;;;;;;;;;;;
702;73;308;;;;;;;;;;;;;;;;;;;;;;;;;;;;;;;
703;49;157;;;;;;;;;;;;;;;;;;;;;;;;;;;;;;;
704;66;271;;;;;;;;;;;;;;;;;;;;;;;;;;;;;;;
705;51;319;;;;;;;;;;;;;;;;;;;;;;;;;;;;;;;
706;68;213;;;;;;;;;;;;;;;;;;;;;;;;;;;;;;;
707;59;169;;;;;;;;;;;;;;;;;;;;;;;;;;;;;;;
708;66;259;;;;;;;;;;;;;;;;;;;;;;;;;;;;;;;
709;70;172;;;;;;;;;;;;;;;;;;;;;;;;;;;;;;;
710;59;229;;;;;;;;;;;;;;;;;;;;;;;;;;;;;;;
711;51;281;;;;;;;;;;;;;;;;;;;;;;;;;;;;;;;
712;68;162;;;;;;;;;;;;;;;;;;;;;;;;;;;;;;;
713;62;215;;;;;;;;;;;;;;;;;;;;;;;;;;;;;;;
714;69;228;;;;;;;;;;;;;;;;;;;;;;;;;;;;;;;
715;57;180;;;;;;;;;;;;;;;;;;;;;;;;;;;;;;;
716;54;250;;;;;;;;;;;;;;;;;;;;;;;;;;;;;;;
717;48;376;;;;;;;;;;;;;;;;;;;;;;;;;;;;;;;
718;72;322;;;;;;;;;;;;;;;;;;;;;;;;;;;;;;;
719;47;239;;;;;;;;;;;;;;;;;;;;;;;;;;;;;;;
720;50;330;;;;;;;;;;;;;;;;;;;;;;;;;;;;;;;
721;51;183;;;;;;;;;;;;;;;;;;;;;;;;;;;;;;;
722;49;198;;;;;;;;;;;;;;;;;;;;;;;;;;;;;;;
723;60;320;;;;;;;;;;;;;;;;;;;;;;;;;;;;;;;
724;69;333;;;;;;;;;;;;;;;;;;;;;;;;;;;;;;;
725;71;283;;;;;;;;;;;;;;;;;;;;;;;;;;;;;;;
726;62;373;;;;;;;;;;;;;;;;;;;;;;;;;;;;;;;
727;72;251;;;;;;;;;;;;;;;;;;;;;;;;;;;;;;;
728;69;234;;;;;;;;;;;;;;;;;;;;;;;;;;;;;;;
729;74;357;;;;;;;;;;;;;;;;;;;;;;;;;;;;;;;
730;51;344;;;;;;;;;;;;;;;;;;;;;;;;;;;;;;;
731;54;231;;;;;;;;;;;;;;;;;;;;;;;;;;;;;;;
732;51;155;;;;;;;;;;;;;;;;;;;;;;;;;;;;;;;
733;60;227;;;;;;;;;;;;;;;;;;;;;;;;;;;;;;;
734;53;263;;;;;;;;;;;;;;;;;;;;;;;;;;;;;;;
735;52;369;;;;;;;;;;;;;;;;;;;;;;;;;;;;;;;
736;59;253;;;;;;;;;;;;;;;;;;;;;;;;;;;;;;;
737;75;307;;;;;;;;;;;;;;;;;;;;;;;;;;;;;;;
738;51;158;;;;;;;;;;;;;;;;;;;;;;;;;;;;;;;
739;60;277;;;;;;;;;;;;;;;;;;;;;;;;;;;;;;;
740;64;339;;;;;;;;;;;;;;;;;;;;;;;;;;;;;;;
741;60;382;;;;;;;;;;;;;;;;;;;;;;;;;;;;;;;
742;61;335;;;;;;;;;;;;;;;;;;;;;;;;;;;;;;;
743;64;225;;;;;;;;;;;;;;;;;;;;;;;;;;;;;;;
744;63;297;;;;;;;;;;;;;;;;;;;;;;;;;;;;;;;
745;52;278;;;;;;;;;;;;;;;;;;;;;;;;;;;;;;;
746;69;185;;;;;;;;;;;;;;;;;;;;;;;;;;;;;;;
747;53;217;;;;;;;;;;;;;;;;;;;;;;;;;;;;;;;
748;61;342;;;;;;;;;;;;;;;;;;;;;;;;;;;;;;;
749;75;169;;;;;;;;;;;;;;;;;;;;;;;;;;;;;;;
750;68;181;;;;;;;;;;;;;;;;;;;;;;;;;;;;;;;
751;61;224;;;;;;;;;;;;;;;;;;;;;;;;;;;;;;;
752;64;364;;;;;;;;;;;;;;;;;;;;;;;;;;;;;;;
753;50;173;;;;;;;;;;;;;;;;;;;;;;;;;;;;;;;
754;75;197;;;;;;;;;;;;;;;;;;;;;;;;;;;;;;;
755;54;324;;;;;;;;;;;;;;;;;;;;;;;;;;;;;;;
756;72;246;;;;;;;;;;;;;;;;;;;;;;;;;;;;;;;
757;55;231;;;;;;;;;;;;;;;;;;;;;;;;;;;;;;;
758;56;214;;;;;;;;;;;;;;;;;;;;;;;;;;;;;;;
759;71;238;;;;;;;;;;;;;;;;;;;;;;;;;;;;;;;
760;59;185;;;;;;;;;;;;;;;;;;;;;;;;;;;;;;;
761;69;289;;;;;;;;;;;;;;;;;;;;;;;;;;;;;;;
762;55;300;;;;;;;;;;;;;;;;;;;;;;;;;;;;;;;
763;51;219;;;;;;;;;;;;;;;;;;;;;;;;;;;;;;;
764;52;314;;;;;;;;;;;;;;;;;;;;;;;;;;;;;;;
765;51;233;;;;;;;;;;;;;;;;;;;;;;;;;;;;;;;
766;48;242;;;;;;;;;;;;;;;;;;;;;;;;;;;;;;;
767;70;260;;;;;;;;;;;;;;;;;;;;;;;;;;;;;;;
768;55;191;;;;;;;;;;;;;;;;;;;;;;;;;;;;;;;
769;58;285;;;;;;;;;;;;;;;;;;;;;;;;;;;;;;;
770;66;269;;;;;;;;;;;;;;;;;;;;;;;;;;;;;;;
771;56;237;;;;;;;;;;;;;;;;;;;;;;;;;;;;;;;
772;57;258;;;;;;;;;;;;;;;;;;;;;;;;;;;;;;;
773;65;242;;;;;;;;;;;;;;;;;;;;;;;;;;;;;;;
774;71;359;;;;;;;;;;;;;;;;;;;;;;;;;;;;;;;
775;74;207;;;;;;;;;;;;;;;;;;;;;;;;;;;;;;;
776;74;293;;;;;;;;;;;;;;;;;;;;;;;;;;;;;;;
777;65;292;;;;;;;;;;;;;;;;;;;;;;;;;;;;;;;
778;57;365;;;;;;;;;;;;;;;;;;;;;;;;;;;;;;;
779;47;375;;;;;;;;;;;;;;;;;;;;;;;;;;;;;;;
780;69;347;;;;;;;;;;;;;;;;;;;;;;;;;;;;;;;
781;72;216;;;;;;;;;;;;;;;;;;;;;;;;;;;;;;;
782;47;362;;;;;;;;;;;;;;;;;;;;;;;;;;;;;;;
783;66;268;;;;;;;;;;;;;;;;;;;;;;;;;;;;;;;
784;64;344;;;;;;;;;;;;;;;;;;;;;;;;;;;;;;;
785;48;192;;;;;;;;;;;;;;;;;;;;;;;;;;;;;;;
786;72;217;;;;;;;;;;;;;;;;;;;;;;;;;;;;;;;
787;67;365;;;;;;;;;;;;;;;;;;;;;;;;;;;;;;;
788;70;244;;;;;;;;;;;;;;;;;;;;;;;;;;;;;;;
789;53;344;;;;;;;;;;;;;;;;;;;;;;;;;;;;;;;
790;75;328;;;;;;;;;;;;;;;;;;;;;;;;;;;;;;;
791;59;225;;;;;;;;;;;;;;;;;;;;;;;;;;;;;;;
792;68;366;;;;;;;;;;;;;;;;;;;;;;;;;;;;;;;
793;58;255;;;;;;;;;;;;;;;;;;;;;;;;;;;;;;;
794;68;197;;;;;;;;;;;;;;;;;;;;;;;;;;;;;;;
795;49;239;;;;;;;;;;;;;;;;;;;;;;;;;;;;;;;
796;51;252;;;;;;;;;;;;;;;;;;;;;;;;;;;;;;;
797;70;343;;;;;;;;;;;;;;;;;;;;;;;;;;;;;;;
798;64;167;;;;;;;;;;;;;;;;;;;;;;;;;;;;;;;
799;56;260;;;;;;;;;;;;;;;;;;;;;;;;;;;;;;;
800;69;187;;;;;;;;;;;;;;;;;;;;;;;;;;;;;;;
801;69;158;;;;;;;;;;;;;;;;;;;;;;;;;;;;;;;
802;71;330;;;;;;;;;;;;;;;;;;;;;;;;;;;;;;;
803;57;310;;;;;;;;;;;;;;;;;;;;;;;;;;;;;;;
804;73;324;;;;;;;;;;;;;;;;;;;;;;;;;;;;;;;
805;70;377;;;;;;;;;;;;;;;;;;;;;;;;;;;;;;;
806;67;199;;;;;;;;;;;;;;;;;;;;;;;;;;;;;;;
807;75;155;;;;;;;;;;;;;;;;;;;;;;;;;;;;;;;
808;58;285;;;;;;;;;;;;;;;;;;;;;;;;;;;;;;;
809;61;178;;;;;;;;;;;;;;;;;;;;;;;;;;;;;;;
810;61;208;;;;;;;;;;;;;;;;;;;;;;;;;;;;;;;
811;69;248;;;;;;;;;;;;;;;;;;;;;;;;;;;;;;;
812;68;307;;;;;;;;;;;;;;;;;;;;;;;;;;;;;;;
813;47;255;;;;;;;;;;;;;;;;;;;;;;;;;;;;;;;
814;60;358;;;;;;;;;;;;;;;;;;;;;;;;;;;;;;;
815;55;322;;;;;;;;;;;;;;;;;;;;;;;;;;;;;;;
816;48;328;;;;;;;;;;;;;;;;;;;;;;;;;;;;;;;
817;48;345;;;;;;;;;;;;;;;;;;;;;;;;;;;;;;;
818;75;246;;;;;;;;;;;;;;;;;;;;;;;;;;;;;;;
819;60;383;;;;;;;;;;;;;;;;;;;;;;;;;;;;;;;
820;63;317;;;;;;;;;;;;;;;;;;;;;;;;;;;;;;;
821;62;384;;;;;;;;;;;;;;;;;;;;;;;;;;;;;;;
822;58;183;;;;;;;;;;;;;;;;;;;;;;;;;;;;;;;
823;66;371;;;;;;;;;;;;;;;;;;;;;;;;;;;;;;;
824;60;336;;;;;;;;;;;;;;;;;;;;;;;;;;;;;;;
825;59;163;;;;;;;;;;;;;;;;;;;;;;;;;;;;;;;
826;62;203;;;;;;;;;;;;;;;;;;;;;;;;;;;;;;;
827;74;274;;;;;;;;;;;;;;;;;;;;;;;;;;;;;;;
828;58;236;;;;;;;;;;;;;;;;;;;;;;;;;;;;;;;
829;55;192;;;;;;;;;;;;;;;;;;;;;;;;;;;;;;;
830;68;366;;;;;;;;;;;;;;;;;;;;;;;;;;;;;;;
831;52;154;;;;;;;;;;;;;;;;;;;;;;;;;;;;;;;
832;59;168;;;;;;;;;;;;;;;;;;;;;;;;;;;;;;;
833;73;370;;;;;;;;;;;;;;;;;;;;;;;;;;;;;;;
834;51;185;;;;;;;;;;;;;;;;;;;;;;;;;;;;;;;
835;48;383;;;;;;;;;;;;;;;;;;;;;;;;;;;;;;;
836;49;274;;;;;;;;;;;;;;;;;;;;;;;;;;;;;;;
837;63;339;;;;;;;;;;;;;;;;;;;;;;;;;;;;;;;
838;67;331;;;;;;;;;;;;;;;;;;;;;;;;;;;;;;;
839;47;289;;;;;;;;;;;;;;;;;;;;;;;;;;;;;;;
840;75;172;;;;;;;;;;;;;;;;;;;;;;;;;;;;;;;
841;75;311;;;;;;;;;;;;;;;;;;;;;;;;;;;;;;;
842;60;210;;;;;;;;;;;;;;;;;;;;;;;;;;;;;;;
843;52;348;;;;;;;;;;;;;;;;;;;;;;;;;;;;;;;
844;70;275;;;;;;;;;;;;;;;;;;;;;;;;;;;;;;;
845;59;295;;;;;;;;;;;;;;;;;;;;;;;;;;;;;;;
846;50;221;;;;;;;;;;;;;;;;;;;;;;;;;;;;;;;
847;54;300;;;;;;;;;;;;;;;;;;;;;;;;;;;;;;;
848;61;276;;;;;;;;;;;;;;;;;;;;;;;;;;;;;;;
849;63;227;;;;;;;;;;;;;;;;;;;;;;;;;;;;;;;
850;53;325;;;;;;;;;;;;;;;;;;;;;;;;;;;;;;;
851;70;224;;;;;;;;;;;;;;;;;;;;;;;;;;;;;;;
852;68;251;;;;;;;;;;;;;;;;;;;;;;;;;;;;;;;
853;74;157;;;;;;;;;;;;;;;;;;;;;;;;;;;;;;;
854;66;186;;;;;;;;;;;;;;;;;;;;;;;;;;;;;;;
855;71;296;;;;;;;;;;;;;;;;;;;;;;;;;;;;;;;
856;56;318;;;;;;;;;;;;;;;;;;;;;;;;;;;;;;;
857;52;303;;;;;;;;;;;;;;;;;;;;;;;;;;;;;;;
858;74;272;;;;;;;;;;;;;;;;;;;;;;;;;;;;;;;
859;62;196;;;;;;;;;;;;;;;;;;;;;;;;;;;;;;;
860;72;165;;;;;;;;;;;;;;;;;;;;;;;;;;;;;;;
861;50;295;;;;;;;;;;;;;;;;;;;;;;;;;;;;;;;
862;67;249;;;;;;;;;;;;;;;;;;;;;;;;;;;;;;;
863;72;338;;;;;;;;;;;;;;;;;;;;;;;;;;;;;;;
864;54;366;;;;;;;;;;;;;;;;;;;;;;;;;;;;;;;
865;55;189;;;;;;;;;;;;;;;;;;;;;;;;;;;;;;;
866;53;315;;;;;;;;;;;;;;;;;;;;;;;;;;;;;;;
867;57;207;;;;;;;;;;;;;;;;;;;;;;;;;;;;;;;
868;55;309;;;;;;;;;;;;;;;;;;;;;;;;;;;;;;;
869;73;160;;;;;;;;;;;;;;;;;;;;;;;;;;;;;;;
870;55;188;;;;;;;;;;;;;;;;;;;;;;;;;;;;;;;
871;52;305;;;;;;;;;;;;;;;;;;;;;;;;;;;;;;;
872;67;342;;;;;;;;;;;;;;;;;;;;;;;;;;;;;;;
873;55;242;;;;;;;;;;;;;;;;;;;;;;;;;;;;;;;
874;50;293;;;;;;;;;;;;;;;;;;;;;;;;;;;;;;;
875;67;382;;;;;;;;;;;;;;;;;;;;;;;;;;;;;;;
876;75;235;;;;;;;;;;;;;;;;;;;;;;;;;;;;;;;
877;59;193;;;;;;;;;;;;;;;;;;;;;;;;;;;;;;;
878;64;194;;;;;;;;;;;;;;;;;;;;;;;;;;;;;;;
879;64;231;;;;;;;;;;;;;;;;;;;;;;;;;;;;;;;
880;62;186;;;;;;;;;;;;;;;;;;;;;;;;;;;;;;;
881;68;325;;;;;;;;;;;;;;;;;;;;;;;;;;;;;;;
882;71;308;;;;;;;;;;;;;;;;;;;;;;;;;;;;;;;
883;58;300;;;;;;;;;;;;;;;;;;;;;;;;;;;;;;;
884;57;373;;;;;;;;;;;;;;;;;;;;;;;;;;;;;;;
885;57;211;;;;;;;;;;;;;;;;;;;;;;;;;;;;;;;
886;64;271;;;;;;;;;;;;;;;;;;;;;;;;;;;;;;;
887;72;321;;;;;;;;;;;;;;;;;;;;;;;;;;;;;;;
888;72;262;;;;;;;;;;;;;;;;;;;;;;;;;;;;;;;
889;73;358;;;;;;;;;;;;;;;;;;;;;;;;;;;;;;;
890;51;268;;;;;;;;;;;;;;;;;;;;;;;;;;;;;;;
891;67;306;;;;;;;;;;;;;;;;;;;;;;;;;;;;;;;
892;53;223;;;;;;;;;;;;;;;;;;;;;;;;;;;;;;;
893;52;351;;;;;;;;;;;;;;;;;;;;;;;;;;;;;;;
894;54;194;;;;;;;;;;;;;;;;;;;;;;;;;;;;;;;
895;65;177;;;;;;;;;;;;;;;;;;;;;;;;;;;;;;;
896;49;288;;;;;;;;;;;;;;;;;;;;;;;;;;;;;;;
897;61;187;;;;;;;;;;;;;;;;;;;;;;;;;;;;;;;
898;58;253;;;;;;;;;;;;;;;;;;;;;;;;;;;;;;;
899;70;158;;;;;;;;;;;;;;;;;;;;;;;;;;;;;;;
900;58;301;;;;;;;;;;;;;;;;;;;;;;;;;;;;;;;
901;47;188;;;;;;;;;;;;;;;;;;;;;;;;;;;;;;;
902;54;257;;;;;;;;;;;;;;;;;;;;;;;;;;;;;;;
903;58;261;;;;;;;;;;;;;;;;;;;;;;;;;;;;;;;
904;60;317;;;;;;;;;;;;;;;;;;;;;;;;;;;;;;;
905;55;183;;;;;;;;;;;;;;;;;;;;;;;;;;;;;;;
906;54;319;;;;;;;;;;;;;;;;;;;;;;;;;;;;;;;
907;52;160;;;;;;;;;;;;;;;;;;;;;;;;;;;;;;;
908;60;173;;;;;;;;;;;;;;;;;;;;;;;;;;;;;;;
909;62;279;;;;;;;;;;;;;;;;;;;;;;;;;;;;;;;
910;61;280;;;;;;;;;;;;;;;;;;;;;;;;;;;;;;;
911;57;192;;;;;;;;;;;;;;;;;;;;;;;;;;;;;;;
912;56;209;;;;;;;;;;;;;;;;;;;;;;;;;;;;;;;
913;52;152;;;;;;;;;;;;;;;;;;;;;;;;;;;;;;;
914;47;324;;;;;;;;;;;;;;;;;;;;;;;;;;;;;;;
915;56;254;;;;;;;;;;;;;;;;;;;;;;;;;;;;;;;
916;66;358;;;;;;;;;;;;;;;;;;;;;;;;;;;;;;;
917;60;268;;;;;;;;;;;;;;;;;;;;;;;;;;;;;;;
918;60;277;;;;;;;;;;;;;;;;;;;;;;;;;;;;;;;
919;59;329;;;;;;;;;;;;;;;;;;;;;;;;;;;;;;;
920;73;316;;;;;;;;;;;;;;;;;;;;;;;;;;;;;;;
921;58;281;;;;;;;;;;;;;;;;;;;;;;;;;;;;;;;
922;72;266;;;;;;;;;;;;;;;;;;;;;;;;;;;;;;;
923;71;233;;;;;;;;;;;;;;;;;;;;;;;;;;;;;;;
924;58;259;;;;;;;;;;;;;;;;;;;;;;;;;;;;;;;
925;67;224;;;;;;;;;;;;;;;;;;;;;;;;;;;;;;;
926;73;212;;;;;;;;;;;;;;;;;;;;;;;;;;;;;;;
927;62;352;;;;;;;;;;;;;;;;;;;;;;;;;;;;;;;
928;54;352;;;;;;;;;;;;;;;;;;;;;;;;;;;;;;;
929;71;152;;;;;;;;;;;;;;;;;;;;;;;;;;;;;;;
930;54;244;;;;;;;;;;;;;;;;;;;;;;;;;;;;;;;
931;60;321;;;;;;;;;;;;;;;;;;;;;;;;;;;;;;;
932;58;353;;;;;;;;;;;;;;;;;;;;;;;;;;;;;;;
933;60;240;;;;;;;;;;;;;;;;;;;;;;;;;;;;;;;
934;54;315;;;;;;;;;;;;;;;;;;;;;;;;;;;;;;;
935;63;365;;;;;;;;;;;;;;;;;;;;;;;;;;;;;;;
936;66;331;;;;;;;;;;;;;;;;;;;;;;;;;;;;;;;
937;65;335;;;;;;;;;;;;;;;;;;;;;;;;;;;;;;;
938;51;341;;;;;;;;;;;;;;;;;;;;;;;;;;;;;;;
939;55;345;;;;;;;;;;;;;;;;;;;;;;;;;;;;;;;
940;58;345;;;;;;;;;;;;;;;;;;;;;;;;;;;;;;;
941;64;281;;;;;;;;;;;;;;;;;;;;;;;;;;;;;;;
942;48;155;;;;;;;;;;;;;;;;;;;;;;;;;;;;;;;
943;62;247;;;;;;;;;;;;;;;;;;;;;;;;;;;;;;;
944;57;294;;;;;;;;;;;;;;;;;;;;;;;;;;;;;;;
945;53;293;;;;;;;;;;;;;;;;;;;;;;;;;;;;;;;
946;67;247;;;;;;;;;;;;;;;;;;;;;;;;;;;;;;;
947;61;271;;;;;;;;;;;;;;;;;;;;;;;;;;;;;;;
948;54;305;;;;;;;;;;;;;;;;;;;;;;;;;;;;;;;
949;52;155;;;;;;;;;;;;;;;;;;;;;;;;;;;;;;;
950;47;259;;;;;;;;;;;;;;;;;;;;;;;;;;;;;;;
951;50;312;;;;;;;;;;;;;;;;;;;;;;;;;;;;;;;
952;72;334;;;;;;;;;;;;;;;;;;;;;;;;;;;;;;;
953;65;183;;;;;;;;;;;;;;;;;;;;;;;;;;;;;;;
954;65;326;;;;;;;;;;;;;;;;;;;;;;;;;;;;;;;
955;67;258;;;;;;;;;;;;;;;;;;;;;;;;;;;;;;;
956;63;152;;;;;;;;;;;;;;;;;;;;;;;;;;;;;;;
957;64;253;;;;;;;;;;;;;;;;;;;;;;;;;;;;;;;
958;69;361;;;;;;;;;;;;;;;;;;;;;;;;;;;;;;;
959;66;237;;;;;;;;;;;;;;;;;;;;;;;;;;;;;;;
960;56;164;;;;;;;;;;;;;;;;;;;;;;;;;;;;;;;
961;47;299;;;;;;;;;;;;;;;;;;;;;;;;;;;;;;;
962;60;376;;;;;;;;;;;;;;;;;;;;;;;;;;;;;;;
963;53;213;;;;;;;;;;;;;;;;;;;;;;;;;;;;;;;
964;55;181;;;;;;;;;;;;;;;;;;;;;;;;;;;;;;;
965;62;269;;;;;;;;;;;;;;;;;;;;;;;;;;;;;;;
966;65;216;;;;;;;;;;;;;;;;;;;;;;;;;;;;;;;
967;70;370;;;;;;;;;;;;;;;;;;;;;;;;;;;;;;;
968;68;367;;;;;;;;;;;;;;;;;;;;;;;;;;;;;;;
969;66;212;;;;;;;;;;;;;;;;;;;;;;;;;;;;;;;
970;57;244;;;;;;;;;;;;;;;;;;;;;;;;;;;;;;;
971;69;292;;;;;;;;;;;;;;;;;;;;;;;;;;;;;;;
972;73;331;;;;;;;;;;;;;;;;;;;;;;;;;;;;;;;
973;48;315;;;;;;;;;;;;;;;;;;;;;;;;;;;;;;;
974;70;165;;;;;;;;;;;;;;;;;;;;;;;;;;;;;;;
975;68;234;;;;;;;;;;;;;;;;;;;;;;;;;;;;;;;
976;75;339;;;;;;;;;;;;;;;;;;;;;;;;;;;;;;;
977;66;378;;;;;;;;;;;;;;;;;;;;;;;;;;;;;;;
978;59;261;;;;;;;;;;;;;;;;;;;;;;;;;;;;;;;
979;53;367;;;;;;;;;;;;;;;;;;;;;;;;;;;;;;;
980;63;238;;;;;;;;;;;;;;;;;;;;;;;;;;;;;;;
981;71;267;;;;;;;;;;;;;;;;;;;;;;;;;;;;;;;
982;53;197;;;;;;;;;;;;;;;;;;;;;;;;;;;;;;;
983;70;219;;;;;;;;;;;;;;;;;;;;;;;;;;;;;;;
984;52;306;;;;;;;;;;;;;;;;;;;;;;;;;;;;;;;
985;67;350;;;;;;;;;;;;;;;;;;;;;;;;;;;;;;;
986;53;250;;;;;;;;;;;;;;;;;;;;;;;;;;;;;;;
987;75;369;;;;;;;;;;;;;;;;;;;;;;;;;;;;;;;
988;54;252;;;;;;;;;;;;;;;;;;;;;;;;;;;;;;;
989;67;315;;;;;;;;;;;;;;;;;;;;;;;;;;;;;;;
990;73;270;;;;;;;;;;;;;;;;;;;;;;;;;;;;;;;
991;60;203;;;;;;;;;;;;;;;;;;;;;;;;;;;;;;;
992;58;194;;;;;;;;;;;;;;;;;;;;;;;;;;;;;;;
993;62;347;;;;;;;;;;;;;;;;;;;;;;;;;;;;;;;
994;64;345;;;;;;;;;;;;;;;;;;;;;;;;;;;;;;;
995;61;211;;;;;;;;;;;;;;;;;;;;;;;;;;;;;;;
996;67;324;;;;;;;;;;;;;;;;;;;;;;;;;;;;;;;
997;66;153;;;;;;;;;;;;;;;;;;;;;;;;;;;;;;;
998;62;220;;;;;;;;;;;;;;;;;;;;;;;;;;;;;;;
999;58;319;;;;;;;;;;;;;;;;;;;;;;;;;;;;;;;
1000;74;327;;;;;;;;;;;;;;;;;;;;;;;;;;;;;;;
