n;15;;;;;;;;;;;;;;;;;;
L;4;;;;;;;;;;;;;;;;;;
C;4;;;;;;;;;;;;;;;;;;
m;16;;;;;;;;;;;;;;;;;;
op21;48;;;;;;;;;;;;;;;;;;
N_Cmax;110;;;;;;;;;;;;;;;;;;
N_TT;348;;;;;;;;;;;;;;;;;;
I_Cmax;31;;;;;;;;;;;;;;;;;;
I_TT;0;;;;;;;;;;;;;;;;;;
MaxFES;12000;;;;;;;;;;;;;;;;;;
;;;;;;;;;;;;;;;;;;;
;;;1;1;1;1;2;2;2;2;3;3;3;4;4;4;4;4;Cell
;;;1;2;2;5;3;4;4;6;7;7;8;9;9;10;11;12;Machine
Part Family;Job;Operation no;1;1;2;1;1;1;2;1;1;2;1;1;2;1;1;1;Alternative(for machine)
1;1;1;4;;;;;;;;;;;;;;;;
1;1;2;;5;5;;;;;;;;;;;;;;
1;1;3;;;;;6;;;;;;;;;;;;
1;1;4;;5;5;;;;;;;;;;;;;;
1;2;1;;4;4;;;;;;;;;;;;;;
1;2;2;3;;;;;;;;;;;;;;;;
1;2;3;;4;4;;;;;;;;;;;;;;
1;5;1;;;;;;3;3;;;;;;;;;;
1;5;2;;2;2;;;;;;;;;;;;;;
1;5;3;6;;;;;;;;;;;;;;;;
1;5;4;;;;;;3;3;;;;;;;;;;
1;7;1;;;;;;5;5;;;;;;;;;;
1;7;2;6;;;;;;;;;;;;;;;;
1;7;3;;;;5;;;;;;;;;;;;;
2;6;1;1;;;;;;;;;;;;;;;;
2;6;2;;;;;;7;7;;;;;;;;;;
2;6;3;;;;;5;;;;;;;;;;;;
2;6;4;1;;;;;;;;;;;;;;;;
2;3;1;;;;;;4;4;;;;;;;;;;
2;3;2;;7;7;;;;;;;;;;;;;;
2;3;3;;;;;2;;;;;;;;;;;;
2;11;1;;;;;;;;3;;;;;;;;;
2;11;2;;;;;5;;;;;;;;;;;;
2;11;3;;;;;;;;3;;;;;;;;;
2;12;1;;;;;;4;4;;;;;;;;;;
2;12;2;;;;;;;;5;;;;;;;;;
2;12;3;;;;;;4;4;;;;;;;;;;
3;15;1;;;;;;;;;;;2;;;;;;
3;15;2;;;;;;;;;4;4;;;;;;;
3;15;3;;;;;;1;1;;;;;;;;;;
3;16;1;;;;;;;;;5;5;;;;;;;
3;16;2;;2;2;;;;;;;;;;;;;;
3;16;3;;;;;;;;;;;3;;;;;;
3;16;4;;2;2;;;;;;;;;;;;;;
3;17;1;;;;;;1;1;;;;;;;;;;
3;17;2;;;;;;;;;1;1;;;;;;;
3;17;3;;;;;;;;;;;2;;;;;;
4;18;1;;;;;;;;;;;;;;6;;;
4;18;2;;;;;;;;;;;;4;4;;;;
4;19;1;;;;;;;;;;;;3;3;;;;
4;19;2;;;;;;;;;6;6;;;;;;;
4;19;3;;;;;;;;;;;;;;2;;;
4;20;1;;;;;;;;;;;;;;;5;;
4;20;2;;;;;;;;;;;;;;8;;;
4;20;3;;;;;;;;;;;;;;;;7;
4;21;1;;;;;;;;;;;;;;;;3;
4;21;2;;;;;;;;;;;;4;4;;;;
4;21;3;;;;;;;;;;;;;;;5;;
;;;;;;;;;;;;;;;;;;;
Part Family;Part Family;Setup Time;;;;;;;;;;;;;;;;;
1;1;0;;;;;;;;;;;;;;;;;
1;2;3;;;;;;;;;;;;;;;;;
1;3;7;;;;;;;;;;;;;;;;;
1;4;4;;;;;;;;;;;;;;;;;
2;1;4;;;;;;;;;;;;;;;;;
2;2;0;;;;;;;;;;;;;;;;;
2;3;4;;;;;;;;;;;;;;;;;
2;4;2;;;;;;;;;;;;;;;;;
3;1;6;;;;;;;;;;;;;;;;;
3;2;5;;;;;;;;;;;;;;;;;
3;3;0;;;;;;;;;;;;;;;;;
3;4;5;;;;;;;;;;;;;;;;;
4;1;7;;;;;;;;;;;;;;;;;
4;2;5;;;;;;;;;;;;;;;;;
4;3;2;;;;;;;;;;;;;;;;;
4;4;0;;;;;;;;;;;;;;;;;
;;;;;;;;;;;;;;;;;;;
Cell;Cell;Transportation Time;;;;;;;;;;;;;;;;;
1;1;0;;;;;;;;;;;;;;;;;
1;2;3;;;;;;;;;;;;;;;;;
1;3;5;;;;;;;;;;;;;;;;;
1;4;4;;;;;;;;;;;;;;;;;
2;1;4;;;;;;;;;;;;;;;;;
2;2;0;;;;;;;;;;;;;;;;;
2;3;8;;;;;;;;;;;;;;;;;
2;4;5;;;;;;;;;;;;;;;;;
3;1;6;;;;;;;;;;;;;;;;;
3;2;5;;;;;;;;;;;;;;;;;
3;3;0;;;;;;;;;;;;;;;;;
3;4;3;;;;;;;;;;;;;;;;;
4;1;5;;;;;;;;;;;;;;;;;
4;2;4;;;;;;;;;;;;;;;;;
4;3;3;;;;;;;;;;;;;;;;;
4;4;0;;;;;;;;;;;;;;;;;
;;;;;;;;;;;;;;;;;;;
Job;Due Date;;;;;;;;;;;;;;;;;;
1;98;;;;;;;;;;;;;;;;;;
2;77;;;;;;;;;;;;;;;;;;
5;48;;;;;;;;;;;;;;;;;;
7;5;;;;;;;;;;;;;;;;;;
6;2;;;;;;;;;;;;;;;;;;
3;75;;;;;;;;;;;;;;;;;;
11;53;;;;;;;;;;;;;;;;;;
12;21;;;;;;;;;;;;;;;;;;
15;103;;;;;;;;;;;;;;;;;;
16;4;;;;;;;;;;;;;;;;;;
17;13;;;;;;;;;;;;;;;;;;
18;67;;;;;;;;;;;;;;;;;;
19;15;;;;;;;;;;;;;;;;;;
20;28;;;;;;;;;;;;;;;;;;
21;43;;;;;;;;;;;;;;;;;;
;;;;;;;;;;;;;;;;;;;
No;Reference_point1;Reference_point2;;;;;;;;;;;;;;;;;
1;44;70;;;;;;;;;;;;;;;;;
2;57;114;;;;;;;;;;;;;;;;;
3;67;91;;;;;;;;;;;;;;;;;
4;50;126;;;;;;;;;;;;;;;;;
5;36;106;;;;;;;;;;;;;;;;;
6;32;79;;;;;;;;;;;;;;;;;
7;48;129;;;;;;;;;;;;;;;;;
8;69;106;;;;;;;;;;;;;;;;;
9;46;104;;;;;;;;;;;;;;;;;
10;70;110;;;;;;;;;;;;;;;;;
11;84;69;;;;;;;;;;;;;;;;;
12;40;88;;;;;;;;;;;;;;;;;
13;75;74;;;;;;;;;;;;;;;;;
14;75;83;;;;;;;;;;;;;;;;;
15;77;122;;;;;;;;;;;;;;;;;
16;62;111;;;;;;;;;;;;;;;;;
17;70;63;;;;;;;;;;;;;;;;;
18;86;117;;;;;;;;;;;;;;;;;
19;79;67;;;;;;;;;;;;;;;;;
20;59;98;;;;;;;;;;;;;;;;;
21;46;129;;;;;;;;;;;;;;;;;
22;69;88;;;;;;;;;;;;;;;;;
23;55;108;;;;;;;;;;;;;;;;;
24;68;94;;;;;;;;;;;;;;;;;
25;44;86;;;;;;;;;;;;;;;;;
26;60;74;;;;;;;;;;;;;;;;;
27;50;109;;;;;;;;;;;;;;;;;
28;53;73;;;;;;;;;;;;;;;;;
29;84;68;;;;;;;;;;;;;;;;;
30;85;95;;;;;;;;;;;;;;;;;
31;66;66;;;;;;;;;;;;;;;;;
32;37;77;;;;;;;;;;;;;;;;;
33;35;83;;;;;;;;;;;;;;;;;
34;61;83;;;;;;;;;;;;;;;;;
35;86;121;;;;;;;;;;;;;;;;;
36;75;77;;;;;;;;;;;;;;;;;
37;36;74;;;;;;;;;;;;;;;;;
38;55;127;;;;;;;;;;;;;;;;;
39;53;114;;;;;;;;;;;;;;;;;
40;84;71;;;;;;;;;;;;;;;;;
41;58;84;;;;;;;;;;;;;;;;;
42;34;94;;;;;;;;;;;;;;;;;
43;51;88;;;;;;;;;;;;;;;;;
44;51;63;;;;;;;;;;;;;;;;;
45;65;119;;;;;;;;;;;;;;;;;
46;78;114;;;;;;;;;;;;;;;;;
47;35;64;;;;;;;;;;;;;;;;;
48;80;78;;;;;;;;;;;;;;;;;
49;79;94;;;;;;;;;;;;;;;;;
50;47;71;;;;;;;;;;;;;;;;;
51;38;87;;;;;;;;;;;;;;;;;
52;57;87;;;;;;;;;;;;;;;;;
53;62;83;;;;;;;;;;;;;;;;;
54;34;74;;;;;;;;;;;;;;;;;
55;45;92;;;;;;;;;;;;;;;;;
56;73;74;;;;;;;;;;;;;;;;;
57;38;120;;;;;;;;;;;;;;;;;
58;86;84;;;;;;;;;;;;;;;;;
59;86;106;;;;;;;;;;;;;;;;;
60;78;109;;;;;;;;;;;;;;;;;
61;83;99;;;;;;;;;;;;;;;;;
62;69;73;;;;;;;;;;;;;;;;;
63;32;64;;;;;;;;;;;;;;;;;
64;38;67;;;;;;;;;;;;;;;;;
65;47;76;;;;;;;;;;;;;;;;;
66;35;125;;;;;;;;;;;;;;;;;
67;57;118;;;;;;;;;;;;;;;;;
68;86;71;;;;;;;;;;;;;;;;;
69;78;109;;;;;;;;;;;;;;;;;
70;82;66;;;;;;;;;;;;;;;;;
71;48;76;;;;;;;;;;;;;;;;;
72;72;75;;;;;;;;;;;;;;;;;
73;35;108;;;;;;;;;;;;;;;;;
74;66;78;;;;;;;;;;;;;;;;;
75;32;101;;;;;;;;;;;;;;;;;
76;44;77;;;;;;;;;;;;;;;;;
77;65;103;;;;;;;;;;;;;;;;;
78;41;102;;;;;;;;;;;;;;;;;
79;69;84;;;;;;;;;;;;;;;;;
80;50;98;;;;;;;;;;;;;;;;;
81;40;129;;;;;;;;;;;;;;;;;
82;79;67;;;;;;;;;;;;;;;;;
83;50;118;;;;;;;;;;;;;;;;;
84;70;83;;;;;;;;;;;;;;;;;
85;78;121;;;;;;;;;;;;;;;;;
86;57;82;;;;;;;;;;;;;;;;;
87;72;116;;;;;;;;;;;;;;;;;
88;52;112;;;;;;;;;;;;;;;;;
89;75;97;;;;;;;;;;;;;;;;;
90;35;85;;;;;;;;;;;;;;;;;
91;52;122;;;;;;;;;;;;;;;;;
92;33;111;;;;;;;;;;;;;;;;;
93;84;120;;;;;;;;;;;;;;;;;
94;48;121;;;;;;;;;;;;;;;;;
95;67;90;;;;;;;;;;;;;;;;;
96;55;98;;;;;;;;;;;;;;;;;
97;50;88;;;;;;;;;;;;;;;;;
98;80;84;;;;;;;;;;;;;;;;;
99;49;108;;;;;;;;;;;;;;;;;
100;77;80;;;;;;;;;;;;;;;;;
101;85;84;;;;;;;;;;;;;;;;;
102;52;73;;;;;;;;;;;;;;;;;
103;36;126;;;;;;;;;;;;;;;;;
104;58;118;;;;;;;;;;;;;;;;;
105;43;92;;;;;;;;;;;;;;;;;
106;75;74;;;;;;;;;;;;;;;;;
107;44;63;;;;;;;;;;;;;;;;;
108;39;81;;;;;;;;;;;;;;;;;
109;84;73;;;;;;;;;;;;;;;;;
110;36;96;;;;;;;;;;;;;;;;;
111;60;118;;;;;;;;;;;;;;;;;
112;68;92;;;;;;;;;;;;;;;;;
113;55;125;;;;;;;;;;;;;;;;;
114;83;87;;;;;;;;;;;;;;;;;
115;82;66;;;;;;;;;;;;;;;;;
116;54;70;;;;;;;;;;;;;;;;;
117;69;118;;;;;;;;;;;;;;;;;
118;51;67;;;;;;;;;;;;;;;;;
119;59;122;;;;;;;;;;;;;;;;;
120;66;63;;;;;;;;;;;;;;;;;
121;52;95;;;;;;;;;;;;;;;;;
122;67;76;;;;;;;;;;;;;;;;;
123;65;80;;;;;;;;;;;;;;;;;
124;47;85;;;;;;;;;;;;;;;;;
125;43;103;;;;;;;;;;;;;;;;;
126;51;74;;;;;;;;;;;;;;;;;
127;63;85;;;;;;;;;;;;;;;;;
128;72;73;;;;;;;;;;;;;;;;;
129;67;125;;;;;;;;;;;;;;;;;
130;71;73;;;;;;;;;;;;;;;;;
131;31;71;;;;;;;;;;;;;;;;;
132;81;73;;;;;;;;;;;;;;;;;
133;32;108;;;;;;;;;;;;;;;;;
134;58;90;;;;;;;;;;;;;;;;;
135;67;68;;;;;;;;;;;;;;;;;
136;74;67;;;;;;;;;;;;;;;;;
137;60;68;;;;;;;;;;;;;;;;;
138;37;65;;;;;;;;;;;;;;;;;
139;40;94;;;;;;;;;;;;;;;;;
140;77;74;;;;;;;;;;;;;;;;;
141;67;103;;;;;;;;;;;;;;;;;
142;38;84;;;;;;;;;;;;;;;;;
143;69;78;;;;;;;;;;;;;;;;;
144;60;86;;;;;;;;;;;;;;;;;
145;35;77;;;;;;;;;;;;;;;;;
146;53;101;;;;;;;;;;;;;;;;;
147;40;94;;;;;;;;;;;;;;;;;
148;31;80;;;;;;;;;;;;;;;;;
149;63;95;;;;;;;;;;;;;;;;;
150;40;126;;;;;;;;;;;;;;;;;
151;74;122;;;;;;;;;;;;;;;;;
152;69;72;;;;;;;;;;;;;;;;;
153;77;84;;;;;;;;;;;;;;;;;
154;67;96;;;;;;;;;;;;;;;;;
155;42;109;;;;;;;;;;;;;;;;;
156;85;75;;;;;;;;;;;;;;;;;
157;37;99;;;;;;;;;;;;;;;;;
158;59;89;;;;;;;;;;;;;;;;;
159;86;101;;;;;;;;;;;;;;;;;
160;58;116;;;;;;;;;;;;;;;;;
161;39;71;;;;;;;;;;;;;;;;;
162;49;92;;;;;;;;;;;;;;;;;
163;69;76;;;;;;;;;;;;;;;;;
164;80;66;;;;;;;;;;;;;;;;;
165;35;120;;;;;;;;;;;;;;;;;
166;56;109;;;;;;;;;;;;;;;;;
167;47;122;;;;;;;;;;;;;;;;;
168;53;114;;;;;;;;;;;;;;;;;
169;83;129;;;;;;;;;;;;;;;;;
170;58;87;;;;;;;;;;;;;;;;;
171;63;64;;;;;;;;;;;;;;;;;
172;39;89;;;;;;;;;;;;;;;;;
173;44;77;;;;;;;;;;;;;;;;;
174;56;104;;;;;;;;;;;;;;;;;
175;84;103;;;;;;;;;;;;;;;;;
176;46;63;;;;;;;;;;;;;;;;;
177;31;88;;;;;;;;;;;;;;;;;
178;75;106;;;;;;;;;;;;;;;;;
179;62;79;;;;;;;;;;;;;;;;;
180;56;105;;;;;;;;;;;;;;;;;
181;54;103;;;;;;;;;;;;;;;;;
182;54;86;;;;;;;;;;;;;;;;;
183;44;82;;;;;;;;;;;;;;;;;
184;81;78;;;;;;;;;;;;;;;;;
185;39;113;;;;;;;;;;;;;;;;;
186;57;129;;;;;;;;;;;;;;;;;
187;35;70;;;;;;;;;;;;;;;;;
188;43;71;;;;;;;;;;;;;;;;;
189;86;125;;;;;;;;;;;;;;;;;
190;42;94;;;;;;;;;;;;;;;;;
191;72;81;;;;;;;;;;;;;;;;;
192;35;94;;;;;;;;;;;;;;;;;
193;63;93;;;;;;;;;;;;;;;;;
194;69;124;;;;;;;;;;;;;;;;;
195;36;113;;;;;;;;;;;;;;;;;
196;42;109;;;;;;;;;;;;;;;;;
197;60;120;;;;;;;;;;;;;;;;;
198;83;128;;;;;;;;;;;;;;;;;
199;65;115;;;;;;;;;;;;;;;;;
200;39;126;;;;;;;;;;;;;;;;;
201;48;78;;;;;;;;;;;;;;;;;
202;57;77;;;;;;;;;;;;;;;;;
203;39;81;;;;;;;;;;;;;;;;;
204;82;122;;;;;;;;;;;;;;;;;
205;39;107;;;;;;;;;;;;;;;;;
206;67;104;;;;;;;;;;;;;;;;;
207;32;129;;;;;;;;;;;;;;;;;
208;81;73;;;;;;;;;;;;;;;;;
209;59;125;;;;;;;;;;;;;;;;;
210;73;115;;;;;;;;;;;;;;;;;
211;64;129;;;;;;;;;;;;;;;;;
212;38;89;;;;;;;;;;;;;;;;;
213;61;114;;;;;;;;;;;;;;;;;
214;57;77;;;;;;;;;;;;;;;;;
215;40;79;;;;;;;;;;;;;;;;;
216;59;76;;;;;;;;;;;;;;;;;
217;74;80;;;;;;;;;;;;;;;;;
218;39;97;;;;;;;;;;;;;;;;;
219;75;121;;;;;;;;;;;;;;;;;
220;49;84;;;;;;;;;;;;;;;;;
221;60;116;;;;;;;;;;;;;;;;;
222;73;91;;;;;;;;;;;;;;;;;
223;36;102;;;;;;;;;;;;;;;;;
224;67;99;;;;;;;;;;;;;;;;;
225;85;116;;;;;;;;;;;;;;;;;
226;56;108;;;;;;;;;;;;;;;;;
227;32;88;;;;;;;;;;;;;;;;;
228;50;84;;;;;;;;;;;;;;;;;
229;35;67;;;;;;;;;;;;;;;;;
230;68;87;;;;;;;;;;;;;;;;;
231;76;109;;;;;;;;;;;;;;;;;
232;71;124;;;;;;;;;;;;;;;;;
233;39;93;;;;;;;;;;;;;;;;;
234;78;115;;;;;;;;;;;;;;;;;
235;78;88;;;;;;;;;;;;;;;;;
236;50;105;;;;;;;;;;;;;;;;;
237;64;93;;;;;;;;;;;;;;;;;
238;44;117;;;;;;;;;;;;;;;;;
239;43;110;;;;;;;;;;;;;;;;;
240;47;126;;;;;;;;;;;;;;;;;
241;37;125;;;;;;;;;;;;;;;;;
242;45;88;;;;;;;;;;;;;;;;;
243;75;118;;;;;;;;;;;;;;;;;
244;40;90;;;;;;;;;;;;;;;;;
245;81;118;;;;;;;;;;;;;;;;;
246;54;111;;;;;;;;;;;;;;;;;
247;42;127;;;;;;;;;;;;;;;;;
248;59;119;;;;;;;;;;;;;;;;;
249;34;119;;;;;;;;;;;;;;;;;
250;46;105;;;;;;;;;;;;;;;;;
251;72;122;;;;;;;;;;;;;;;;;
252;70;101;;;;;;;;;;;;;;;;;
253;55;117;;;;;;;;;;;;;;;;;
254;35;101;;;;;;;;;;;;;;;;;
255;37;98;;;;;;;;;;;;;;;;;
256;36;88;;;;;;;;;;;;;;;;;
257;74;110;;;;;;;;;;;;;;;;;
258;45;122;;;;;;;;;;;;;;;;;
259;55;85;;;;;;;;;;;;;;;;;
260;37;84;;;;;;;;;;;;;;;;;
261;47;92;;;;;;;;;;;;;;;;;
262;79;63;;;;;;;;;;;;;;;;;
263;84;105;;;;;;;;;;;;;;;;;
264;54;105;;;;;;;;;;;;;;;;;
265;84;90;;;;;;;;;;;;;;;;;
266;72;89;;;;;;;;;;;;;;;;;
267;55;107;;;;;;;;;;;;;;;;;
268;42;78;;;;;;;;;;;;;;;;;
269;43;108;;;;;;;;;;;;;;;;;
270;83;128;;;;;;;;;;;;;;;;;
271;73;103;;;;;;;;;;;;;;;;;
272;46;87;;;;;;;;;;;;;;;;;
273;71;66;;;;;;;;;;;;;;;;;
274;84;96;;;;;;;;;;;;;;;;;
275;70;104;;;;;;;;;;;;;;;;;
276;53;111;;;;;;;;;;;;;;;;;
277;71;127;;;;;;;;;;;;;;;;;
278;50;83;;;;;;;;;;;;;;;;;
279;31;108;;;;;;;;;;;;;;;;;
280;65;116;;;;;;;;;;;;;;;;;
281;52;92;;;;;;;;;;;;;;;;;
282;65;110;;;;;;;;;;;;;;;;;
283;75;110;;;;;;;;;;;;;;;;;
284;83;69;;;;;;;;;;;;;;;;;
285;59;64;;;;;;;;;;;;;;;;;
286;67;113;;;;;;;;;;;;;;;;;
287;53;73;;;;;;;;;;;;;;;;;
288;62;109;;;;;;;;;;;;;;;;;
289;39;96;;;;;;;;;;;;;;;;;
290;46;124;;;;;;;;;;;;;;;;;
291;69;125;;;;;;;;;;;;;;;;;
292;82;84;;;;;;;;;;;;;;;;;
293;31;63;;;;;;;;;;;;;;;;;
294;68;94;;;;;;;;;;;;;;;;;
295;49;123;;;;;;;;;;;;;;;;;
296;43;99;;;;;;;;;;;;;;;;;
297;34;72;;;;;;;;;;;;;;;;;
298;63;83;;;;;;;;;;;;;;;;;
299;85;101;;;;;;;;;;;;;;;;;
300;63;64;;;;;;;;;;;;;;;;;
301;36;119;;;;;;;;;;;;;;;;;
302;86;109;;;;;;;;;;;;;;;;;
303;85;105;;;;;;;;;;;;;;;;;
304;49;100;;;;;;;;;;;;;;;;;
305;52;106;;;;;;;;;;;;;;;;;
306;39;97;;;;;;;;;;;;;;;;;
307;53;109;;;;;;;;;;;;;;;;;
308;37;93;;;;;;;;;;;;;;;;;
309;59;82;;;;;;;;;;;;;;;;;
310;70;115;;;;;;;;;;;;;;;;;
311;32;94;;;;;;;;;;;;;;;;;
312;74;104;;;;;;;;;;;;;;;;;
313;75;70;;;;;;;;;;;;;;;;;
314;69;80;;;;;;;;;;;;;;;;;
315;62;80;;;;;;;;;;;;;;;;;
316;70;102;;;;;;;;;;;;;;;;;
317;82;80;;;;;;;;;;;;;;;;;
318;76;118;;;;;;;;;;;;;;;;;
319;84;78;;;;;;;;;;;;;;;;;
320;50;87;;;;;;;;;;;;;;;;;
321;69;70;;;;;;;;;;;;;;;;;
322;35;107;;;;;;;;;;;;;;;;;
323;72;110;;;;;;;;;;;;;;;;;
324;38;87;;;;;;;;;;;;;;;;;
325;32;71;;;;;;;;;;;;;;;;;
326;75;108;;;;;;;;;;;;;;;;;
327;79;115;;;;;;;;;;;;;;;;;
328;31;105;;;;;;;;;;;;;;;;;
329;35;87;;;;;;;;;;;;;;;;;
330;81;121;;;;;;;;;;;;;;;;;
331;84;67;;;;;;;;;;;;;;;;;
332;86;71;;;;;;;;;;;;;;;;;
333;83;100;;;;;;;;;;;;;;;;;
334;64;73;;;;;;;;;;;;;;;;;
335;80;82;;;;;;;;;;;;;;;;;
336;59;82;;;;;;;;;;;;;;;;;
337;84;84;;;;;;;;;;;;;;;;;
338;36;124;;;;;;;;;;;;;;;;;
339;52;70;;;;;;;;;;;;;;;;;
340;79;68;;;;;;;;;;;;;;;;;
341;85;84;;;;;;;;;;;;;;;;;
342;44;92;;;;;;;;;;;;;;;;;
343;57;64;;;;;;;;;;;;;;;;;
344;71;71;;;;;;;;;;;;;;;;;
345;45;74;;;;;;;;;;;;;;;;;
346;73;101;;;;;;;;;;;;;;;;;
347;48;95;;;;;;;;;;;;;;;;;
348;54;104;;;;;;;;;;;;;;;;;
349;37;126;;;;;;;;;;;;;;;;;
350;71;75;;;;;;;;;;;;;;;;;
351;37;129;;;;;;;;;;;;;;;;;
352;57;112;;;;;;;;;;;;;;;;;
353;65;96;;;;;;;;;;;;;;;;;
354;72;99;;;;;;;;;;;;;;;;;
355;69;68;;;;;;;;;;;;;;;;;
356;45;127;;;;;;;;;;;;;;;;;
357;59;118;;;;;;;;;;;;;;;;;
358;81;104;;;;;;;;;;;;;;;;;
359;77;100;;;;;;;;;;;;;;;;;
360;68;124;;;;;;;;;;;;;;;;;
361;78;93;;;;;;;;;;;;;;;;;
362;81;110;;;;;;;;;;;;;;;;;
363;60;125;;;;;;;;;;;;;;;;;
364;85;93;;;;;;;;;;;;;;;;;
365;81;95;;;;;;;;;;;;;;;;;
366;76;92;;;;;;;;;;;;;;;;;
367;52;108;;;;;;;;;;;;;;;;;
368;85;128;;;;;;;;;;;;;;;;;
369;78;96;;;;;;;;;;;;;;;;;
370;76;127;;;;;;;;;;;;;;;;;
371;47;74;;;;;;;;;;;;;;;;;
372;55;74;;;;;;;;;;;;;;;;;
373;82;116;;;;;;;;;;;;;;;;;
374;34;96;;;;;;;;;;;;;;;;;
375;63;116;;;;;;;;;;;;;;;;;
376;75;99;;;;;;;;;;;;;;;;;
377;46;117;;;;;;;;;;;;;;;;;
378;50;107;;;;;;;;;;;;;;;;;
379;36;114;;;;;;;;;;;;;;;;;
380;43;109;;;;;;;;;;;;;;;;;
381;60;81;;;;;;;;;;;;;;;;;
382;66;77;;;;;;;;;;;;;;;;;
383;46;117;;;;;;;;;;;;;;;;;
384;63;118;;;;;;;;;;;;;;;;;
385;79;125;;;;;;;;;;;;;;;;;
386;74;85;;;;;;;;;;;;;;;;;
387;72;110;;;;;;;;;;;;;;;;;
388;65;107;;;;;;;;;;;;;;;;;
389;31;111;;;;;;;;;;;;;;;;;
390;75;111;;;;;;;;;;;;;;;;;
391;79;94;;;;;;;;;;;;;;;;;
392;80;70;;;;;;;;;;;;;;;;;
393;69;80;;;;;;;;;;;;;;;;;
394;39;101;;;;;;;;;;;;;;;;;
395;49;83;;;;;;;;;;;;;;;;;
396;80;68;;;;;;;;;;;;;;;;;
397;46;71;;;;;;;;;;;;;;;;;
398;55;64;;;;;;;;;;;;;;;;;
399;60;78;;;;;;;;;;;;;;;;;
400;80;70;;;;;;;;;;;;;;;;;
401;42;79;;;;;;;;;;;;;;;;;
402;66;107;;;;;;;;;;;;;;;;;
403;32;93;;;;;;;;;;;;;;;;;
404;76;101;;;;;;;;;;;;;;;;;
405;41;108;;;;;;;;;;;;;;;;;
406;67;87;;;;;;;;;;;;;;;;;
407;85;95;;;;;;;;;;;;;;;;;
408;77;66;;;;;;;;;;;;;;;;;
409;53;98;;;;;;;;;;;;;;;;;
410;60;64;;;;;;;;;;;;;;;;;
411;67;63;;;;;;;;;;;;;;;;;
412;58;99;;;;;;;;;;;;;;;;;
413;33;109;;;;;;;;;;;;;;;;;
414;33;104;;;;;;;;;;;;;;;;;
415;46;102;;;;;;;;;;;;;;;;;
416;38;115;;;;;;;;;;;;;;;;;
417;77;108;;;;;;;;;;;;;;;;;
418;59;104;;;;;;;;;;;;;;;;;
419;77;77;;;;;;;;;;;;;;;;;
420;35;78;;;;;;;;;;;;;;;;;
421;56;102;;;;;;;;;;;;;;;;;
422;52;107;;;;;;;;;;;;;;;;;
423;67;97;;;;;;;;;;;;;;;;;
424;37;116;;;;;;;;;;;;;;;;;
425;48;88;;;;;;;;;;;;;;;;;
426;66;129;;;;;;;;;;;;;;;;;
427;71;121;;;;;;;;;;;;;;;;;
428;56;76;;;;;;;;;;;;;;;;;
429;72;68;;;;;;;;;;;;;;;;;
430;65;84;;;;;;;;;;;;;;;;;
431;53;75;;;;;;;;;;;;;;;;;
432;48;102;;;;;;;;;;;;;;;;;
433;61;120;;;;;;;;;;;;;;;;;
434;60;82;;;;;;;;;;;;;;;;;
435;85;76;;;;;;;;;;;;;;;;;
436;43;74;;;;;;;;;;;;;;;;;
437;56;81;;;;;;;;;;;;;;;;;
438;62;67;;;;;;;;;;;;;;;;;
439;66;118;;;;;;;;;;;;;;;;;
440;80;98;;;;;;;;;;;;;;;;;
441;64;80;;;;;;;;;;;;;;;;;
442;48;122;;;;;;;;;;;;;;;;;
443;85;72;;;;;;;;;;;;;;;;;
444;34;127;;;;;;;;;;;;;;;;;
445;43;84;;;;;;;;;;;;;;;;;
446;79;113;;;;;;;;;;;;;;;;;
447;64;114;;;;;;;;;;;;;;;;;
448;77;80;;;;;;;;;;;;;;;;;
449;46;115;;;;;;;;;;;;;;;;;
450;37;116;;;;;;;;;;;;;;;;;
451;85;117;;;;;;;;;;;;;;;;;
452;76;69;;;;;;;;;;;;;;;;;
453;40;93;;;;;;;;;;;;;;;;;
454;61;92;;;;;;;;;;;;;;;;;
455;48;88;;;;;;;;;;;;;;;;;
456;62;124;;;;;;;;;;;;;;;;;
457;41;68;;;;;;;;;;;;;;;;;
458;71;72;;;;;;;;;;;;;;;;;
459;80;91;;;;;;;;;;;;;;;;;
460;65;90;;;;;;;;;;;;;;;;;
461;75;101;;;;;;;;;;;;;;;;;
462;34;106;;;;;;;;;;;;;;;;;
463;49;93;;;;;;;;;;;;;;;;;
464;63;108;;;;;;;;;;;;;;;;;
465;56;83;;;;;;;;;;;;;;;;;
466;75;119;;;;;;;;;;;;;;;;;
467;71;69;;;;;;;;;;;;;;;;;
468;62;114;;;;;;;;;;;;;;;;;
469;55;76;;;;;;;;;;;;;;;;;
470;71;97;;;;;;;;;;;;;;;;;
471;63;105;;;;;;;;;;;;;;;;;
472;67;119;;;;;;;;;;;;;;;;;
473;73;127;;;;;;;;;;;;;;;;;
474;62;98;;;;;;;;;;;;;;;;;
475;33;109;;;;;;;;;;;;;;;;;
476;52;120;;;;;;;;;;;;;;;;;
477;40;110;;;;;;;;;;;;;;;;;
478;86;90;;;;;;;;;;;;;;;;;
479;73;74;;;;;;;;;;;;;;;;;
480;74;110;;;;;;;;;;;;;;;;;
481;80;121;;;;;;;;;;;;;;;;;
482;86;63;;;;;;;;;;;;;;;;;
483;64;111;;;;;;;;;;;;;;;;;
484;42;69;;;;;;;;;;;;;;;;;
485;60;126;;;;;;;;;;;;;;;;;
486;70;108;;;;;;;;;;;;;;;;;
487;70;70;;;;;;;;;;;;;;;;;
488;76;73;;;;;;;;;;;;;;;;;
489;82;77;;;;;;;;;;;;;;;;;
490;81;88;;;;;;;;;;;;;;;;;
491;81;66;;;;;;;;;;;;;;;;;
492;66;113;;;;;;;;;;;;;;;;;
493;82;125;;;;;;;;;;;;;;;;;
494;69;63;;;;;;;;;;;;;;;;;
495;36;73;;;;;;;;;;;;;;;;;
496;32;81;;;;;;;;;;;;;;;;;
497;55;63;;;;;;;;;;;;;;;;;
498;66;110;;;;;;;;;;;;;;;;;
499;67;106;;;;;;;;;;;;;;;;;
500;45;65;;;;;;;;;;;;;;;;;
501;73;93;;;;;;;;;;;;;;;;;
502;31;69;;;;;;;;;;;;;;;;;
503;86;109;;;;;;;;;;;;;;;;;
504;39;66;;;;;;;;;;;;;;;;;
505;81;119;;;;;;;;;;;;;;;;;
506;58;99;;;;;;;;;;;;;;;;;
507;46;89;;;;;;;;;;;;;;;;;
508;75;118;;;;;;;;;;;;;;;;;
509;44;77;;;;;;;;;;;;;;;;;
510;35;106;;;;;;;;;;;;;;;;;
511;32;76;;;;;;;;;;;;;;;;;
512;31;88;;;;;;;;;;;;;;;;;
513;83;91;;;;;;;;;;;;;;;;;
514;45;108;;;;;;;;;;;;;;;;;
515;57;69;;;;;;;;;;;;;;;;;
516;59;80;;;;;;;;;;;;;;;;;
517;84;120;;;;;;;;;;;;;;;;;
518;65;92;;;;;;;;;;;;;;;;;
519;33;99;;;;;;;;;;;;;;;;;
520;74;78;;;;;;;;;;;;;;;;;
521;74;104;;;;;;;;;;;;;;;;;
522;37;80;;;;;;;;;;;;;;;;;
523;67;95;;;;;;;;;;;;;;;;;
524;31;65;;;;;;;;;;;;;;;;;
525;42;117;;;;;;;;;;;;;;;;;
526;57;91;;;;;;;;;;;;;;;;;
527;63;103;;;;;;;;;;;;;;;;;
528;31;100;;;;;;;;;;;;;;;;;
529;56;105;;;;;;;;;;;;;;;;;
530;40;100;;;;;;;;;;;;;;;;;
531;55;94;;;;;;;;;;;;;;;;;
532;64;116;;;;;;;;;;;;;;;;;
533;49;78;;;;;;;;;;;;;;;;;
534;63;90;;;;;;;;;;;;;;;;;
535;74;86;;;;;;;;;;;;;;;;;
536;75;109;;;;;;;;;;;;;;;;;
537;56;119;;;;;;;;;;;;;;;;;
538;80;90;;;;;;;;;;;;;;;;;
539;35;113;;;;;;;;;;;;;;;;;
540;71;93;;;;;;;;;;;;;;;;;
541;54;77;;;;;;;;;;;;;;;;;
542;57;107;;;;;;;;;;;;;;;;;
543;65;68;;;;;;;;;;;;;;;;;
544;68;87;;;;;;;;;;;;;;;;;
545;78;67;;;;;;;;;;;;;;;;;
546;86;91;;;;;;;;;;;;;;;;;
547;52;77;;;;;;;;;;;;;;;;;
548;75;83;;;;;;;;;;;;;;;;;
549;32;84;;;;;;;;;;;;;;;;;
550;83;91;;;;;;;;;;;;;;;;;
551;81;102;;;;;;;;;;;;;;;;;
552;45;120;;;;;;;;;;;;;;;;;
553;32;115;;;;;;;;;;;;;;;;;
554;85;112;;;;;;;;;;;;;;;;;
555;71;102;;;;;;;;;;;;;;;;;
556;57;110;;;;;;;;;;;;;;;;;
557;82;110;;;;;;;;;;;;;;;;;
558;38;78;;;;;;;;;;;;;;;;;
559;31;125;;;;;;;;;;;;;;;;;
560;40;78;;;;;;;;;;;;;;;;;
561;61;77;;;;;;;;;;;;;;;;;
562;62;110;;;;;;;;;;;;;;;;;
563;51;87;;;;;;;;;;;;;;;;;
564;48;78;;;;;;;;;;;;;;;;;
565;34;101;;;;;;;;;;;;;;;;;
566;52;114;;;;;;;;;;;;;;;;;
567;76;82;;;;;;;;;;;;;;;;;
568;61;118;;;;;;;;;;;;;;;;;
569;84;104;;;;;;;;;;;;;;;;;
570;66;119;;;;;;;;;;;;;;;;;
571;37;126;;;;;;;;;;;;;;;;;
572;67;79;;;;;;;;;;;;;;;;;
573;63;82;;;;;;;;;;;;;;;;;
574;59;107;;;;;;;;;;;;;;;;;
575;35;100;;;;;;;;;;;;;;;;;
576;47;69;;;;;;;;;;;;;;;;;
577;39;109;;;;;;;;;;;;;;;;;
578;79;109;;;;;;;;;;;;;;;;;
579;31;99;;;;;;;;;;;;;;;;;
580;58;106;;;;;;;;;;;;;;;;;
581;57;113;;;;;;;;;;;;;;;;;
582;69;72;;;;;;;;;;;;;;;;;
583;43;110;;;;;;;;;;;;;;;;;
584;81;104;;;;;;;;;;;;;;;;;
585;40;83;;;;;;;;;;;;;;;;;
586;45;88;;;;;;;;;;;;;;;;;
587;47;85;;;;;;;;;;;;;;;;;
588;37;103;;;;;;;;;;;;;;;;;
589;62;84;;;;;;;;;;;;;;;;;
590;38;68;;;;;;;;;;;;;;;;;
591;79;105;;;;;;;;;;;;;;;;;
592;39;96;;;;;;;;;;;;;;;;;
593;46;82;;;;;;;;;;;;;;;;;
594;65;70;;;;;;;;;;;;;;;;;
595;54;119;;;;;;;;;;;;;;;;;
596;76;90;;;;;;;;;;;;;;;;;
597;37;128;;;;;;;;;;;;;;;;;
598;51;87;;;;;;;;;;;;;;;;;
599;45;96;;;;;;;;;;;;;;;;;
600;33;122;;;;;;;;;;;;;;;;;
601;52;122;;;;;;;;;;;;;;;;;
602;59;114;;;;;;;;;;;;;;;;;
603;47;124;;;;;;;;;;;;;;;;;
604;75;118;;;;;;;;;;;;;;;;;
605;63;80;;;;;;;;;;;;;;;;;
606;38;109;;;;;;;;;;;;;;;;;
607;54;90;;;;;;;;;;;;;;;;;
608;75;118;;;;;;;;;;;;;;;;;
609;64;75;;;;;;;;;;;;;;;;;
610;79;125;;;;;;;;;;;;;;;;;
611;35;115;;;;;;;;;;;;;;;;;
612;42;83;;;;;;;;;;;;;;;;;
613;58;120;;;;;;;;;;;;;;;;;
614;45;84;;;;;;;;;;;;;;;;;
615;84;113;;;;;;;;;;;;;;;;;
616;50;67;;;;;;;;;;;;;;;;;
617;46;79;;;;;;;;;;;;;;;;;
618;69;128;;;;;;;;;;;;;;;;;
619;38;88;;;;;;;;;;;;;;;;;
620;42;86;;;;;;;;;;;;;;;;;
621;58;116;;;;;;;;;;;;;;;;;
622;60;73;;;;;;;;;;;;;;;;;
623;71;70;;;;;;;;;;;;;;;;;
624;86;110;;;;;;;;;;;;;;;;;
625;41;98;;;;;;;;;;;;;;;;;
626;73;68;;;;;;;;;;;;;;;;;
627;66;70;;;;;;;;;;;;;;;;;
628;75;103;;;;;;;;;;;;;;;;;
629;68;75;;;;;;;;;;;;;;;;;
630;47;92;;;;;;;;;;;;;;;;;
631;67;95;;;;;;;;;;;;;;;;;
632;79;117;;;;;;;;;;;;;;;;;
633;82;67;;;;;;;;;;;;;;;;;
634;54;75;;;;;;;;;;;;;;;;;
635;71;117;;;;;;;;;;;;;;;;;
636;70;77;;;;;;;;;;;;;;;;;
637;86;97;;;;;;;;;;;;;;;;;
638;55;82;;;;;;;;;;;;;;;;;
639;45;67;;;;;;;;;;;;;;;;;
640;64;87;;;;;;;;;;;;;;;;;
641;79;100;;;;;;;;;;;;;;;;;
642;37;91;;;;;;;;;;;;;;;;;
643;86;81;;;;;;;;;;;;;;;;;
644;55;74;;;;;;;;;;;;;;;;;
645;55;68;;;;;;;;;;;;;;;;;
646;48;126;;;;;;;;;;;;;;;;;
647;36;113;;;;;;;;;;;;;;;;;
648;70;63;;;;;;;;;;;;;;;;;
649;83;110;;;;;;;;;;;;;;;;;
650;44;106;;;;;;;;;;;;;;;;;
651;70;117;;;;;;;;;;;;;;;;;
652;85;88;;;;;;;;;;;;;;;;;
653;77;99;;;;;;;;;;;;;;;;;
654;35;70;;;;;;;;;;;;;;;;;
655;67;97;;;;;;;;;;;;;;;;;
656;50;103;;;;;;;;;;;;;;;;;
657;64;124;;;;;;;;;;;;;;;;;
658;63;69;;;;;;;;;;;;;;;;;
659;51;91;;;;;;;;;;;;;;;;;
660;77;105;;;;;;;;;;;;;;;;;
661;66;78;;;;;;;;;;;;;;;;;
662;72;105;;;;;;;;;;;;;;;;;
663;59;113;;;;;;;;;;;;;;;;;
664;38;78;;;;;;;;;;;;;;;;;
665;76;92;;;;;;;;;;;;;;;;;
666;50;99;;;;;;;;;;;;;;;;;
667;77;126;;;;;;;;;;;;;;;;;
668;68;66;;;;;;;;;;;;;;;;;
669;63;112;;;;;;;;;;;;;;;;;
670;64;92;;;;;;;;;;;;;;;;;
671;41;85;;;;;;;;;;;;;;;;;
672;60;125;;;;;;;;;;;;;;;;;
673;72;109;;;;;;;;;;;;;;;;;
674;50;74;;;;;;;;;;;;;;;;;
675;41;103;;;;;;;;;;;;;;;;;
676;67;97;;;;;;;;;;;;;;;;;
677;80;102;;;;;;;;;;;;;;;;;
678;32;94;;;;;;;;;;;;;;;;;
679;35;85;;;;;;;;;;;;;;;;;
680;80;68;;;;;;;;;;;;;;;;;
681;54;120;;;;;;;;;;;;;;;;;
682;47;77;;;;;;;;;;;;;;;;;
683;40;117;;;;;;;;;;;;;;;;;
684;75;107;;;;;;;;;;;;;;;;;
685;44;97;;;;;;;;;;;;;;;;;
686;59;104;;;;;;;;;;;;;;;;;
687;77;88;;;;;;;;;;;;;;;;;
688;56;83;;;;;;;;;;;;;;;;;
689;71;117;;;;;;;;;;;;;;;;;
690;81;116;;;;;;;;;;;;;;;;;
691;54;126;;;;;;;;;;;;;;;;;
692;33;76;;;;;;;;;;;;;;;;;
693;75;118;;;;;;;;;;;;;;;;;
694;67;78;;;;;;;;;;;;;;;;;
695;82;76;;;;;;;;;;;;;;;;;
696;86;78;;;;;;;;;;;;;;;;;
697;78;97;;;;;;;;;;;;;;;;;
698;32;85;;;;;;;;;;;;;;;;;
699;33;82;;;;;;;;;;;;;;;;;
700;73;125;;;;;;;;;;;;;;;;;
701;81;108;;;;;;;;;;;;;;;;;
702;82;108;;;;;;;;;;;;;;;;;
703;36;64;;;;;;;;;;;;;;;;;
704;68;97;;;;;;;;;;;;;;;;;
705;38;111;;;;;;;;;;;;;;;;;
706;72;80;;;;;;;;;;;;;;;;;
707;55;68;;;;;;;;;;;;;;;;;
708;68;94;;;;;;;;;;;;;;;;;
709;76;68;;;;;;;;;;;;;;;;;
710;55;85;;;;;;;;;;;;;;;;;
711;40;100;;;;;;;;;;;;;;;;;
712;72;66;;;;;;;;;;;;;;;;;
713;60;81;;;;;;;;;;;;;;;;;
714;73;85;;;;;;;;;;;;;;;;;
715;50;71;;;;;;;;;;;;;;;;;
716;45;91;;;;;;;;;;;;;;;;;
717;33;127;;;;;;;;;;;;;;;;;
718;81;112;;;;;;;;;;;;;;;;;
719;32;88;;;;;;;;;;;;;;;;;
720;36;114;;;;;;;;;;;;;;;;;
721;40;72;;;;;;;;;;;;;;;;;
722;36;76;;;;;;;;;;;;;;;;;
723;56;111;;;;;;;;;;;;;;;;;
724;75;115;;;;;;;;;;;;;;;;;
725;78;100;;;;;;;;;;;;;;;;;
726;60;126;;;;;;;;;;;;;;;;;
727;79;91;;;;;;;;;;;;;;;;;
728;74;86;;;;;;;;;;;;;;;;;
729;83;122;;;;;;;;;;;;;;;;;
730;39;118;;;;;;;;;;;;;;;;;
731;45;85;;;;;;;;;;;;;;;;;
732;39;64;;;;;;;;;;;;;;;;;
733;56;84;;;;;;;;;;;;;;;;;
734;42;95;;;;;;;;;;;;;;;;;
735;41;125;;;;;;;;;;;;;;;;;
736;55;92;;;;;;;;;;;;;;;;;
737;85;107;;;;;;;;;;;;;;;;;
738;40;64;;;;;;;;;;;;;;;;;
739;57;99;;;;;;;;;;;;;;;;;
740;64;116;;;;;;;;;;;;;;;;;
741;57;129;;;;;;;;;;;;;;;;;
742;58;115;;;;;;;;;;;;;;;;;
743;64;84;;;;;;;;;;;;;;;;;
744;62;104;;;;;;;;;;;;;;;;;
745;42;99;;;;;;;;;;;;;;;;;
746;75;72;;;;;;;;;;;;;;;;;
747;43;81;;;;;;;;;;;;;;;;;
748;59;117;;;;;;;;;;;;;;;;;
749;85;68;;;;;;;;;;;;;;;;;
750;72;71;;;;;;;;;;;;;;;;;
751;59;83;;;;;;;;;;;;;;;;;
752;64;124;;;;;;;;;;;;;;;;;
753;38;69;;;;;;;;;;;;;;;;;
754;85;76;;;;;;;;;;;;;;;;;
755;45;112;;;;;;;;;;;;;;;;;
756;80;90;;;;;;;;;;;;;;;;;
757;47;85;;;;;;;;;;;;;;;;;
758;50;80;;;;;;;;;;;;;;;;;
759;79;87;;;;;;;;;;;;;;;;;
760;54;72;;;;;;;;;;;;;;;;;
761;73;102;;;;;;;;;;;;;;;;;
762;46;105;;;;;;;;;;;;;;;;;
763;38;82;;;;;;;;;;;;;;;;;
764;42;109;;;;;;;;;;;;;;;;;
765;39;86;;;;;;;;;;;;;;;;;
766;33;89;;;;;;;;;;;;;;;;;
767;75;94;;;;;;;;;;;;;;;;;
768;47;74;;;;;;;;;;;;;;;;;
769;52;101;;;;;;;;;;;;;;;;;
770;68;96;;;;;;;;;;;;;;;;;
771;50;87;;;;;;;;;;;;;;;;;
772;51;93;;;;;;;;;;;;;;;;;
773;67;88;;;;;;;;;;;;;;;;;
774;78;122;;;;;;;;;;;;;;;;;
775;83;79;;;;;;;;;;;;;;;;;
776;84;103;;;;;;;;;;;;;;;;;
777;67;103;;;;;;;;;;;;;;;;;
778;51;124;;;;;;;;;;;;;;;;;
779;32;127;;;;;;;;;;;;;;;;;
780;74;119;;;;;;;;;;;;;;;;;
781;80;81;;;;;;;;;;;;;;;;;
782;32;123;;;;;;;;;;;;;;;;;
783;69;96;;;;;;;;;;;;;;;;;
784;65;118;;;;;;;;;;;;;;;;;
785;33;74;;;;;;;;;;;;;;;;;
786;80;81;;;;;;;;;;;;;;;;;
787;70;124;;;;;;;;;;;;;;;;;
788;75;89;;;;;;;;;;;;;;;;;
789;43;118;;;;;;;;;;;;;;;;;
790;86;113;;;;;;;;;;;;;;;;;
791;55;84;;;;;;;;;;;;;;;;;
792;73;124;;;;;;;;;;;;;;;;;
793;52;92;;;;;;;;;;;;;;;;;
794;72;75;;;;;;;;;;;;;;;;;
795;36;88;;;;;;;;;;;;;;;;;
796;39;91;;;;;;;;;;;;;;;;;
797;76;118;;;;;;;;;;;;;;;;;
798;65;67;;;;;;;;;;;;;;;;;
799;49;94;;;;;;;;;;;;;;;;;
800;74;73;;;;;;;;;;;;;;;;;
801;74;64;;;;;;;;;;;;;;;;;
802;78;114;;;;;;;;;;;;;;;;;
803;51;108;;;;;;;;;;;;;;;;;
804;81;112;;;;;;;;;;;;;;;;;
805;75;127;;;;;;;;;;;;;;;;;
806;69;76;;;;;;;;;;;;;;;;;
807;85;63;;;;;;;;;;;;;;;;;
808;53;101;;;;;;;;;;;;;;;;;
809;59;70;;;;;;;;;;;;;;;;;
810;59;79;;;;;;;;;;;;;;;;;
811;73;90;;;;;;;;;;;;;;;;;
812;71;107;;;;;;;;;;;;;;;;;
813;32;92;;;;;;;;;;;;;;;;;
814;57;122;;;;;;;;;;;;;;;;;
815;47;112;;;;;;;;;;;;;;;;;
816;34;113;;;;;;;;;;;;;;;;;
817;34;118;;;;;;;;;;;;;;;;;
818;85;90;;;;;;;;;;;;;;;;;
819;57;129;;;;;;;;;;;;;;;;;
820;62;110;;;;;;;;;;;;;;;;;
821;61;129;;;;;;;;;;;;;;;;;
822;52;72;;;;;;;;;;;;;;;;;
823;69;126;;;;;;;;;;;;;;;;;
824;56;116;;;;;;;;;;;;;;;;;
825;54;66;;;;;;;;;;;;;;;;;
826;61;77;;;;;;;;;;;;;;;;;
827;84;98;;;;;;;;;;;;;;;;;
828;52;87;;;;;;;;;;;;;;;;;
829;48;74;;;;;;;;;;;;;;;;;
830;72;124;;;;;;;;;;;;;;;;;
831;42;63;;;;;;;;;;;;;;;;;
832;55;67;;;;;;;;;;;;;;;;;
833;81;125;;;;;;;;;;;;;;;;;
834;39;72;;;;;;;;;;;;;;;;;
835;32;129;;;;;;;;;;;;;;;;;
836;36;98;;;;;;;;;;;;;;;;;
837;62;116;;;;;;;;;;;;;;;;;
838;69;114;;;;;;;;;;;;;;;;;
839;32;102;;;;;;;;;;;;;;;;;
840;86;68;;;;;;;;;;;;;;;;;
841;86;108;;;;;;;;;;;;;;;;;
842;56;79;;;;;;;;;;;;;;;;;
843;41;119;;;;;;;;;;;;;;;;;
844;76;98;;;;;;;;;;;;;;;;;
845;55;104;;;;;;;;;;;;;;;;;
846;36;82;;;;;;;;;;;;;;;;;
847;45;105;;;;;;;;;;;;;;;;;
848;59;98;;;;;;;;;;;;;;;;;
849;61;84;;;;;;;;;;;;;;;;;
850;44;112;;;;;;;;;;;;;;;;;
851;75;83;;;;;;;;;;;;;;;;;
852;73;91;;;;;;;;;;;;;;;;;
853;84;64;;;;;;;;;;;;;;;;;
854;68;72;;;;;;;;;;;;;;;;;
855;77;104;;;;;;;;;;;;;;;;;
856;49;110;;;;;;;;;;;;;;;;;
857;41;106;;;;;;;;;;;;;;;;;
858;83;97;;;;;;;;;;;;;;;;;
859;61;75;;;;;;;;;;;;;;;;;
860;80;66;;;;;;;;;;;;;;;;;
861;38;104;;;;;;;;;;;;;;;;;
862;70;91;;;;;;;;;;;;;;;;;
863;80;116;;;;;;;;;;;;;;;;;
864;46;124;;;;;;;;;;;;;;;;;
865;47;73;;;;;;;;;;;;;;;;;
866;43;110;;;;;;;;;;;;;;;;;
867;51;79;;;;;;;;;;;;;;;;;
868;47;108;;;;;;;;;;;;;;;;;
869;82;65;;;;;;;;;;;;;;;;;
870;47;73;;;;;;;;;;;;;;;;;
871;41;107;;;;;;;;;;;;;;;;;
872;70;117;;;;;;;;;;;;;;;;;
873;46;89;;;;;;;;;;;;;;;;;
874;36;103;;;;;;;;;;;;;;;;;
875;70;129;;;;;;;;;;;;;;;;;
876;86;87;;;;;;;;;;;;;;;;;
877;55;74;;;;;;;;;;;;;;;;;
878;65;75;;;;;;;;;;;;;;;;;
879;64;85;;;;;;;;;;;;;;;;;
880;61;72;;;;;;;;;;;;;;;;;
881;73;112;;;;;;;;;;;;;;;;;
882;78;107;;;;;;;;;;;;;;;;;
883;53;105;;;;;;;;;;;;;;;;;
884;50;126;;;;;;;;;;;;;;;;;
885;50;80;;;;;;;;;;;;;;;;;
886;64;97;;;;;;;;;;;;;;;;;
887;80;111;;;;;;;;;;;;;;;;;
888;80;94;;;;;;;;;;;;;;;;;
889;82;122;;;;;;;;;;;;;;;;;
890;38;96;;;;;;;;;;;;;;;;;
891;69;107;;;;;;;;;;;;;;;;;
892;42;83;;;;;;;;;;;;;;;;;
893;40;120;;;;;;;;;;;;;;;;;
894;45;75;;;;;;;;;;;;;;;;;
895;66;70;;;;;;;;;;;;;;;;;
896;34;102;;;;;;;;;;;;;;;;;
897;58;73;;;;;;;;;;;;;;;;;
898;53;92;;;;;;;;;;;;;;;;;
899;76;64;;;;;;;;;;;;;;;;;
900;54;106;;;;;;;;;;;;;;;;;
901;32;73;;;;;;;;;;;;;;;;;
902;44;93;;;;;;;;;;;;;;;;;
903;53;94;;;;;;;;;;;;;;;;;
904;57;110;;;;;;;;;;;;;;;;;
905;47;72;;;;;;;;;;;;;;;;;
906;45;111;;;;;;;;;;;;;;;;;
907;42;65;;;;;;;;;;;;;;;;;
908;56;69;;;;;;;;;;;;;;;;;
909;60;99;;;;;;;;;;;;;;;;;
910;58;99;;;;;;;;;;;;;;;;;
911;51;74;;;;;;;;;;;;;;;;;
912;49;79;;;;;;;;;;;;;;;;;
913;41;63;;;;;;;;;;;;;;;;;
914;31;112;;;;;;;;;;;;;;;;;
915;49;92;;;;;;;;;;;;;;;;;
916;68;122;;;;;;;;;;;;;;;;;
917;57;96;;;;;;;;;;;;;;;;;
918;57;99;;;;;;;;;;;;;;;;;
919;54;113;;;;;;;;;;;;;;;;;
920;81;110;;;;;;;;;;;;;;;;;
921;52;100;;;;;;;;;;;;;;;;;
922;80;95;;;;;;;;;;;;;;;;;
923;78;86;;;;;;;;;;;;;;;;;
924;52;93;;;;;;;;;;;;;;;;;
925;70;83;;;;;;;;;;;;;;;;;
926;81;80;;;;;;;;;;;;;;;;;
927;60;120;;;;;;;;;;;;;;;;;
928;46;120;;;;;;;;;;;;;;;;;
929;77;63;;;;;;;;;;;;;;;;;
930;46;89;;;;;;;;;;;;;;;;;
931;56;111;;;;;;;;;;;;;;;;;
932;52;120;;;;;;;;;;;;;;;;;
933;57;88;;;;;;;;;;;;;;;;;
934;44;109;;;;;;;;;;;;;;;;;
935;62;124;;;;;;;;;;;;;;;;;
936;68;114;;;;;;;;;;;;;;;;;
937;66;115;;;;;;;;;;;;;;;;;
938;40;117;;;;;;;;;;;;;;;;;
939;47;118;;;;;;;;;;;;;;;;;
940;53;118;;;;;;;;;;;;;;;;;
941;65;100;;;;;;;;;;;;;;;;;
942;33;63;;;;;;;;;;;;;;;;;
943;60;90;;;;;;;;;;;;;;;;;
944;50;104;;;;;;;;;;;;;;;;;
945;43;103;;;;;;;;;;;;;;;;;
946;70;90;;;;;;;;;;;;;;;;;
947;58;97;;;;;;;;;;;;;;;;;
948;45;107;;;;;;;;;;;;;;;;;
949;40;64;;;;;;;;;;;;;;;;;
950;32;93;;;;;;;;;;;;;;;;;
951;36;109;;;;;;;;;;;;;;;;;
952;80;115;;;;;;;;;;;;;;;;;
953;66;72;;;;;;;;;;;;;;;;;
954;65;113;;;;;;;;;;;;;;;;;
955;70;93;;;;;;;;;;;;;;;;;
956;62;63;;;;;;;;;;;;;;;;;
957;64;92;;;;;;;;;;;;;;;;;
958;74;123;;;;;;;;;;;;;;;;;
959;69;87;;;;;;;;;;;;;;;;;
960;49;66;;;;;;;;;;;;;;;;;
961;32;105;;;;;;;;;;;;;;;;;
962;57;127;;;;;;;;;;;;;;;;;
963;42;80;;;;;;;;;;;;;;;;;
964;46;71;;;;;;;;;;;;;;;;;
965;61;96;;;;;;;;;;;;;;;;;
966;66;81;;;;;;;;;;;;;;;;;
967;75;125;;;;;;;;;;;;;;;;;
968;71;125;;;;;;;;;;;;;;;;;
969;68;80;;;;;;;;;;;;;;;;;
970;52;89;;;;;;;;;;;;;;;;;
971;75;103;;;;;;;;;;;;;;;;;
972;82;114;;;;;;;;;;;;;;;;;
973;33;109;;;;;;;;;;;;;;;;;
974;76;66;;;;;;;;;;;;;;;;;
975;71;86;;;;;;;;;;;;;;;;;
976;85;116;;;;;;;;;;;;;;;;;
977;69;128;;;;;;;;;;;;;;;;;
978;55;94;;;;;;;;;;;;;;;;;
979;43;125;;;;;;;;;;;;;;;;;
980;63;87;;;;;;;;;;;;;;;;;
981;79;96;;;;;;;;;;;;;;;;;
982;42;76;;;;;;;;;;;;;;;;;
983;76;82;;;;;;;;;;;;;;;;;
984;42;107;;;;;;;;;;;;;;;;;
985;70;120;;;;;;;;;;;;;;;;;
986;43;91;;;;;;;;;;;;;;;;;
987;86;125;;;;;;;;;;;;;;;;;
988;45;91;;;;;;;;;;;;;;;;;
989;71;109;;;;;;;;;;;;;;;;;
990;82;97;;;;;;;;;;;;;;;;;
991;56;77;;;;;;;;;;;;;;;;;
992;53;75;;;;;;;;;;;;;;;;;
993;60;119;;;;;;;;;;;;;;;;;
994;64;118;;;;;;;;;;;;;;;;;
995;59;80;;;;;;;;;;;;;;;;;
996;70;112;;;;;;;;;;;;;;;;;
997;69;63;;;;;;;;;;;;;;;;;
998;61;82;;;;;;;;;;;;;;;;;
999;52;111;;;;;;;;;;;;;;;;;
1000;84;113;;;;;;;;;;;;;;;;;
